OpenROAD 41a51eaf4ca2171c92ff38afb91eb37bbd3f36da 
This program is licensed under the BSD-3 license. See the LICENSE file for details.
Components of this program may be licensed under more restrictive licenses which must be honored.
[INFO]: Reading ODB at '/openlane/designs/noc_router/runs/RUN_2026.05.30_11.05.29/tmp/routing/19-global.odb'…
define_corners Typical
read_liberty -corner Typical /home/puvvadakarthikchowdary/.volare/sky130A/libs.ref/sky130_fd_sc_hd/lib/sky130_fd_sc_hd__tt_025C_1v80.lib
Using 1e-12 for capacitance...
Using 1e+03 for resistance...
Using 1e-09 for time...
Using 1e+00 for voltage...
Using 1e-03 for current...
Using 1e-09 for power...
Using 1e-06 for distance...
Reading design constraints file at '/openlane/designs/noc_router/runs/RUN_2026.05.30_11.05.29/tmp/17-noc_top.sdc'…
min_report

===========================================================================
report_checks -path_delay min (Hold)
============================================================================
======================= Typical Corner ===================================

Startpoint: _51_ (rising edge-triggered flip-flop clocked by clk)
Endpoint: _52_ (rising edge-triggered flip-flop clocked by clk)
Path Group: clk
Path Type: min

Fanout     Cap    Slew   Delay    Time   Description
-----------------------------------------------------------------------------
                          0.00    0.00   clock clk (rise edge)
                          0.00    0.00   clock source latency
                  0.04    0.03    0.03 ^ clk (in)
     1    0.01                           clk (net)
                  0.04    0.00    0.03 ^ clkbuf_0_clk/A (sky130_fd_sc_hd__clkbuf_16)
                  0.04    0.11    0.14 ^ clkbuf_0_clk/X (sky130_fd_sc_hd__clkbuf_16)
     2    0.02                           clknet_0_clk (net)
                  0.04    0.00    0.14 ^ clkbuf_1_0__f_clk/A (sky130_fd_sc_hd__clkbuf_16)
                  0.03    0.11    0.25 ^ clkbuf_1_0__f_clk/X (sky130_fd_sc_hd__clkbuf_16)
     4    0.01                           clknet_1_0__leaf_clk (net)
                  0.03    0.00    0.25 ^ _51_/CLK (sky130_fd_sc_hd__dfrtp_1)
                  0.07    0.36    0.61 v _51_/Q (sky130_fd_sc_hd__dfrtp_1)
     5    0.01                           net3 (net)
                  0.07    0.00    0.61 v _26_/B (sky130_fd_sc_hd__nand2_1)
                  0.07    0.09    0.70 ^ _26_/Y (sky130_fd_sc_hd__nand2_1)
     2    0.01                           _16_ (net)
                  0.07    0.00    0.70 ^ _30_/B (sky130_fd_sc_hd__xnor2_1)
                  0.03    0.05    0.75 v _30_/Y (sky130_fd_sc_hd__xnor2_1)
     1    0.00                           _02_ (net)
                  0.03    0.00    0.75 v _52_/D (sky130_fd_sc_hd__dfrtp_1)
                                  0.75   data arrival time

                          0.00    0.00   clock clk (rise edge)
                          0.00    0.00   clock source latency
                  0.04    0.03    0.03 ^ clk (in)
     1    0.01                           clk (net)
                  0.04    0.00    0.03 ^ clkbuf_0_clk/A (sky130_fd_sc_hd__clkbuf_16)
                  0.04    0.13    0.16 ^ clkbuf_0_clk/X (sky130_fd_sc_hd__clkbuf_16)
     2    0.02                           clknet_0_clk (net)
                  0.04    0.00    0.16 ^ clkbuf_1_0__f_clk/A (sky130_fd_sc_hd__clkbuf_16)
                  0.03    0.12    0.27 ^ clkbuf_1_0__f_clk/X (sky130_fd_sc_hd__clkbuf_16)
     4    0.01                           clknet_1_0__leaf_clk (net)
                  0.03    0.00    0.27 ^ _52_/CLK (sky130_fd_sc_hd__dfrtp_1)
                          0.25    0.52   clock uncertainty
                         -0.03    0.50   clock reconvergence pessimism
                         -0.04    0.45   library hold time
                                  0.45   data required time
-----------------------------------------------------------------------------
                                  0.45   data required time
                                 -0.75   data arrival time
-----------------------------------------------------------------------------
                                  0.30   slack (MET)


Startpoint: _54_ (rising edge-triggered flip-flop clocked by clk)
Endpoint: _55_ (rising edge-triggered flip-flop clocked by clk)
Path Group: clk
Path Type: min

Fanout     Cap    Slew   Delay    Time   Description
-----------------------------------------------------------------------------
                          0.00    0.00   clock clk (rise edge)
                          0.00    0.00   clock source latency
                  0.04    0.03    0.03 ^ clk (in)
     1    0.01                           clk (net)
                  0.04    0.00    0.03 ^ clkbuf_0_clk/A (sky130_fd_sc_hd__clkbuf_16)
                  0.04    0.11    0.14 ^ clkbuf_0_clk/X (sky130_fd_sc_hd__clkbuf_16)
     2    0.02                           clknet_0_clk (net)
                  0.04    0.00    0.14 ^ clkbuf_1_1__f_clk/A (sky130_fd_sc_hd__clkbuf_16)
                  0.03    0.11    0.25 ^ clkbuf_1_1__f_clk/X (sky130_fd_sc_hd__clkbuf_16)
     4    0.01                           clknet_1_1__leaf_clk (net)
                  0.03    0.00    0.25 ^ _54_/CLK (sky130_fd_sc_hd__dfrtp_1)
                  0.08    0.32    0.57 ^ _54_/Q (sky130_fd_sc_hd__dfrtp_1)
     4    0.01                           net6 (net)
                  0.08    0.00    0.57 ^ _36_/A (sky130_fd_sc_hd__and3_1)
                  0.09    0.17    0.74 ^ _36_/X (sky130_fd_sc_hd__and3_1)
     2    0.01                           _22_ (net)
                  0.09    0.00    0.74 ^ _38_/A (sky130_fd_sc_hd__nor2_1)
                  0.03    0.05    0.78 v _38_/Y (sky130_fd_sc_hd__nor2_1)
     1    0.00                           _05_ (net)
                  0.03    0.00    0.78 v _55_/D (sky130_fd_sc_hd__dfrtp_1)
                                  0.78   data arrival time

                          0.00    0.00   clock clk (rise edge)
                          0.00    0.00   clock source latency
                  0.04    0.03    0.03 ^ clk (in)
     1    0.01                           clk (net)
                  0.04    0.00    0.03 ^ clkbuf_0_clk/A (sky130_fd_sc_hd__clkbuf_16)
                  0.04    0.13    0.16 ^ clkbuf_0_clk/X (sky130_fd_sc_hd__clkbuf_16)
     2    0.02                           clknet_0_clk (net)
                  0.04    0.00    0.16 ^ clkbuf_1_1__f_clk/A (sky130_fd_sc_hd__clkbuf_16)
                  0.03    0.12    0.27 ^ clkbuf_1_1__f_clk/X (sky130_fd_sc_hd__clkbuf_16)
     4    0.01                           clknet_1_1__leaf_clk (net)
                  0.03    0.00    0.27 ^ _55_/CLK (sky130_fd_sc_hd__dfrtp_1)
                          0.25    0.52   clock uncertainty
                         -0.03    0.50   clock reconvergence pessimism
                         -0.04    0.46   library hold time
                                  0.46   data required time
-----------------------------------------------------------------------------
                                  0.46   data required time
                                 -0.78   data arrival time
-----------------------------------------------------------------------------
                                  0.33   slack (MET)


Startpoint: _54_ (rising edge-triggered flip-flop clocked by clk)
Endpoint: _56_ (rising edge-triggered flip-flop clocked by clk)
Path Group: clk
Path Type: min

Fanout     Cap    Slew   Delay    Time   Description
-----------------------------------------------------------------------------
                          0.00    0.00   clock clk (rise edge)
                          0.00    0.00   clock source latency
                  0.04    0.03    0.03 ^ clk (in)
     1    0.01                           clk (net)
                  0.04    0.00    0.03 ^ clkbuf_0_clk/A (sky130_fd_sc_hd__clkbuf_16)
                  0.04    0.11    0.14 ^ clkbuf_0_clk/X (sky130_fd_sc_hd__clkbuf_16)
     2    0.02                           clknet_0_clk (net)
                  0.04    0.00    0.14 ^ clkbuf_1_1__f_clk/A (sky130_fd_sc_hd__clkbuf_16)
                  0.03    0.11    0.25 ^ clkbuf_1_1__f_clk/X (sky130_fd_sc_hd__clkbuf_16)
     4    0.01                           clknet_1_1__leaf_clk (net)
                  0.03    0.00    0.25 ^ _54_/CLK (sky130_fd_sc_hd__dfrtp_1)
                  0.08    0.32    0.57 ^ _54_/Q (sky130_fd_sc_hd__dfrtp_1)
     4    0.01                           net6 (net)
                  0.08    0.00    0.57 ^ _36_/A (sky130_fd_sc_hd__and3_1)
                  0.09    0.17    0.74 ^ _36_/X (sky130_fd_sc_hd__and3_1)
     2    0.01                           _22_ (net)
                  0.09    0.00    0.74 ^ _39_/B (sky130_fd_sc_hd__xor2_1)
                  0.03    0.06    0.80 v _39_/X (sky130_fd_sc_hd__xor2_1)
     1    0.00                           _06_ (net)
                  0.03    0.00    0.80 v _56_/D (sky130_fd_sc_hd__dfrtp_1)
                                  0.80   data arrival time

                          0.00    0.00   clock clk (rise edge)
                          0.00    0.00   clock source latency
                  0.04    0.03    0.03 ^ clk (in)
     1    0.01                           clk (net)
                  0.04    0.00    0.03 ^ clkbuf_0_clk/A (sky130_fd_sc_hd__clkbuf_16)
                  0.04    0.13    0.16 ^ clkbuf_0_clk/X (sky130_fd_sc_hd__clkbuf_16)
     2    0.02                           clknet_0_clk (net)
                  0.04    0.00    0.16 ^ clkbuf_1_1__f_clk/A (sky130_fd_sc_hd__clkbuf_16)
                  0.03    0.12    0.27 ^ clkbuf_1_1__f_clk/X (sky130_fd_sc_hd__clkbuf_16)
     4    0.01                           clknet_1_1__leaf_clk (net)
                  0.03    0.00    0.27 ^ _56_/CLK (sky130_fd_sc_hd__dfrtp_1)
                          0.25    0.52   clock uncertainty
                         -0.03    0.50   clock reconvergence pessimism
                         -0.04    0.45   library hold time
                                  0.45   data required time
-----------------------------------------------------------------------------
                                  0.45   data required time
                                 -0.80   data arrival time
-----------------------------------------------------------------------------
                                  0.34   slack (MET)


Startpoint: _54_ (rising edge-triggered flip-flop clocked by clk)
Endpoint: _57_ (rising edge-triggered flip-flop clocked by clk)
Path Group: clk
Path Type: min

Fanout     Cap    Slew   Delay    Time   Description
-----------------------------------------------------------------------------
                          0.00    0.00   clock clk (rise edge)
                          0.00    0.00   clock source latency
                  0.04    0.03    0.03 ^ clk (in)
     1    0.01                           clk (net)
                  0.04    0.00    0.03 ^ clkbuf_0_clk/A (sky130_fd_sc_hd__clkbuf_16)
                  0.04    0.11    0.14 ^ clkbuf_0_clk/X (sky130_fd_sc_hd__clkbuf_16)
     2    0.02                           clknet_0_clk (net)
                  0.04    0.00    0.14 ^ clkbuf_1_1__f_clk/A (sky130_fd_sc_hd__clkbuf_16)
                  0.03    0.11    0.25 ^ clkbuf_1_1__f_clk/X (sky130_fd_sc_hd__clkbuf_16)
     4    0.01                           clknet_1_1__leaf_clk (net)
                  0.03    0.00    0.25 ^ _54_/CLK (sky130_fd_sc_hd__dfrtp_1)
                  0.08    0.32    0.57 ^ _54_/Q (sky130_fd_sc_hd__dfrtp_1)
     4    0.01                           net6 (net)
                  0.08    0.00    0.57 ^ _40_/A (sky130_fd_sc_hd__and4_1)
                  0.07    0.17    0.74 ^ _40_/X (sky130_fd_sc_hd__and4_1)
     1    0.00                           _24_ (net)
                  0.07    0.00    0.74 ^ _41_/B (sky130_fd_sc_hd__xor2_1)
                  0.03    0.06    0.80 v _41_/X (sky130_fd_sc_hd__xor2_1)
     1    0.00                           _07_ (net)
                  0.03    0.00    0.80 v _57_/D (sky130_fd_sc_hd__dfrtp_1)
                                  0.80   data arrival time

                          0.00    0.00   clock clk (rise edge)
                          0.00    0.00   clock source latency
                  0.04    0.03    0.03 ^ clk (in)
     1    0.01                           clk (net)
                  0.04    0.00    0.03 ^ clkbuf_0_clk/A (sky130_fd_sc_hd__clkbuf_16)
                  0.04    0.13    0.16 ^ clkbuf_0_clk/X (sky130_fd_sc_hd__clkbuf_16)
     2    0.02                           clknet_0_clk (net)
                  0.04    0.00    0.16 ^ clkbuf_1_1__f_clk/A (sky130_fd_sc_hd__clkbuf_16)
                  0.03    0.12    0.27 ^ clkbuf_1_1__f_clk/X (sky130_fd_sc_hd__clkbuf_16)
     4    0.01                           clknet_1_1__leaf_clk (net)
                  0.03    0.00    0.27 ^ _57_/CLK (sky130_fd_sc_hd__dfrtp_1)
                          0.25    0.52   clock uncertainty
                         -0.03    0.50   clock reconvergence pessimism
                         -0.04    0.45   library hold time
                                  0.45   data required time
-----------------------------------------------------------------------------
                                  0.45   data required time
                                 -0.80   data arrival time
-----------------------------------------------------------------------------
                                  0.34   slack (MET)


Startpoint: _53_ (rising edge-triggered flip-flop clocked by clk)
Endpoint: _53_ (rising edge-triggered flip-flop clocked by clk)
Path Group: clk
Path Type: min

Fanout     Cap    Slew   Delay    Time   Description
-----------------------------------------------------------------------------
                          0.00    0.00   clock clk (rise edge)
                          0.00    0.00   clock source latency
                  0.04    0.03    0.03 ^ clk (in)
     1    0.01                           clk (net)
                  0.04    0.00    0.03 ^ clkbuf_0_clk/A (sky130_fd_sc_hd__clkbuf_16)
                  0.04    0.11    0.14 ^ clkbuf_0_clk/X (sky130_fd_sc_hd__clkbuf_16)
     2    0.02                           clknet_0_clk (net)
                  0.04    0.00    0.14 ^ clkbuf_1_0__f_clk/A (sky130_fd_sc_hd__clkbuf_16)
                  0.03    0.11    0.25 ^ clkbuf_1_0__f_clk/X (sky130_fd_sc_hd__clkbuf_16)
     4    0.01                           clknet_1_0__leaf_clk (net)
                  0.03    0.00    0.25 ^ _53_/CLK (sky130_fd_sc_hd__dfrtp_1)
                  0.07    0.32    0.56 ^ _53_/Q (sky130_fd_sc_hd__dfrtp_1)
     3    0.01                           net5 (net)
                  0.07    0.00    0.56 ^ _32_/B1 (sky130_fd_sc_hd__a31o_1)
                  0.03    0.08    0.65 ^ _32_/X (sky130_fd_sc_hd__a31o_1)
     1    0.00                           _20_ (net)
                  0.03    0.00    0.65 ^ _33_/B (sky130_fd_sc_hd__and2b_1)
                  0.04    0.10    0.75 ^ _33_/X (sky130_fd_sc_hd__and2b_1)
     1    0.00                           _21_ (net)
                  0.04    0.00    0.75 ^ _34_/A (sky130_fd_sc_hd__clkbuf_1)
                  0.04    0.07    0.81 ^ _34_/X (sky130_fd_sc_hd__clkbuf_1)
     1    0.00                           _03_ (net)
                  0.04    0.00    0.81 ^ _53_/D (sky130_fd_sc_hd__dfrtp_1)
                                  0.81   data arrival time

                          0.00    0.00   clock clk (rise edge)
                          0.00    0.00   clock source latency
                  0.04    0.03    0.03 ^ clk (in)
     1    0.01                           clk (net)
                  0.04    0.00    0.03 ^ clkbuf_0_clk/A (sky130_fd_sc_hd__clkbuf_16)
                  0.04    0.13    0.16 ^ clkbuf_0_clk/X (sky130_fd_sc_hd__clkbuf_16)
     2    0.02                           clknet_0_clk (net)
                  0.04    0.00    0.16 ^ clkbuf_1_0__f_clk/A (sky130_fd_sc_hd__clkbuf_16)
                  0.03    0.12    0.27 ^ clkbuf_1_0__f_clk/X (sky130_fd_sc_hd__clkbuf_16)
     4    0.01                           clknet_1_0__leaf_clk (net)
                  0.03    0.00    0.27 ^ _53_/CLK (sky130_fd_sc_hd__dfrtp_1)
                          0.25    0.52   clock uncertainty
                         -0.03    0.50   clock reconvergence pessimism
                         -0.03    0.46   library hold time
                                  0.46   data required time
-----------------------------------------------------------------------------
                                  0.46   data required time
                                 -0.81   data arrival time
-----------------------------------------------------------------------------
                                  0.35   slack (MET)


Startpoint: _51_ (rising edge-triggered flip-flop clocked by clk)
Endpoint: _51_ (rising edge-triggered flip-flop clocked by clk)
Path Group: clk
Path Type: min

Fanout     Cap    Slew   Delay    Time   Description
-----------------------------------------------------------------------------
                          0.00    0.00   clock clk (rise edge)
                          0.00    0.00   clock source latency
                  0.04    0.03    0.03 ^ clk (in)
     1    0.01                           clk (net)
                  0.04    0.00    0.03 ^ clkbuf_0_clk/A (sky130_fd_sc_hd__clkbuf_16)
                  0.04    0.11    0.14 ^ clkbuf_0_clk/X (sky130_fd_sc_hd__clkbuf_16)
     2    0.02                           clknet_0_clk (net)
                  0.04    0.00    0.14 ^ clkbuf_1_0__f_clk/A (sky130_fd_sc_hd__clkbuf_16)
                  0.03    0.11    0.25 ^ clkbuf_1_0__f_clk/X (sky130_fd_sc_hd__clkbuf_16)
     4    0.01                           clknet_1_0__leaf_clk (net)
                  0.03    0.00    0.25 ^ _51_/CLK (sky130_fd_sc_hd__dfrtp_1)
                  0.10    0.34    0.59 ^ _51_/Q (sky130_fd_sc_hd__dfrtp_1)
     5    0.01                           net3 (net)
                  0.10    0.00    0.59 ^ _27_/B (sky130_fd_sc_hd__or2_1)
                  0.03    0.09    0.68 ^ _27_/X (sky130_fd_sc_hd__or2_1)
     1    0.00                           _17_ (net)
                  0.03    0.00    0.68 ^ _28_/B (sky130_fd_sc_hd__and2_1)
                  0.04    0.10    0.78 ^ _28_/X (sky130_fd_sc_hd__and2_1)
     1    0.00                           _18_ (net)
                  0.04    0.00    0.78 ^ _29_/A (sky130_fd_sc_hd__clkbuf_1)
                  0.04    0.07    0.85 ^ _29_/X (sky130_fd_sc_hd__clkbuf_1)
     1    0.00                           _01_ (net)
                  0.04    0.00    0.85 ^ _51_/D (sky130_fd_sc_hd__dfrtp_1)
                                  0.85   data arrival time

                          0.00    0.00   clock clk (rise edge)
                          0.00    0.00   clock source latency
                  0.04    0.03    0.03 ^ clk (in)
     1    0.01                           clk (net)
                  0.04    0.00    0.03 ^ clkbuf_0_clk/A (sky130_fd_sc_hd__clkbuf_16)
                  0.04    0.13    0.16 ^ clkbuf_0_clk/X (sky130_fd_sc_hd__clkbuf_16)
     2    0.02                           clknet_0_clk (net)
                  0.04    0.00    0.16 ^ clkbuf_1_0__f_clk/A (sky130_fd_sc_hd__clkbuf_16)
                  0.03    0.12    0.27 ^ clkbuf_1_0__f_clk/X (sky130_fd_sc_hd__clkbuf_16)
     4    0.01                           clknet_1_0__leaf_clk (net)
                  0.03    0.00    0.27 ^ _51_/CLK (sky130_fd_sc_hd__dfrtp_1)
                          0.25    0.52   clock uncertainty
                         -0.03    0.50   clock reconvergence pessimism
                         -0.03    0.46   library hold time
                                  0.46   data required time
-----------------------------------------------------------------------------
                                  0.46   data required time
                                 -0.85   data arrival time
-----------------------------------------------------------------------------
                                  0.39   slack (MET)


Startpoint: _53_ (rising edge-triggered flip-flop clocked by clk)
Endpoint: _54_ (rising edge-triggered flip-flop clocked by clk)
Path Group: clk
Path Type: min

Fanout     Cap    Slew   Delay    Time   Description
-----------------------------------------------------------------------------
                          0.00    0.00   clock clk (rise edge)
                          0.00    0.00   clock source latency
                  0.04    0.03    0.03 ^ clk (in)
     1    0.01                           clk (net)
                  0.04    0.00    0.03 ^ clkbuf_0_clk/A (sky130_fd_sc_hd__clkbuf_16)
                  0.04    0.11    0.14 ^ clkbuf_0_clk/X (sky130_fd_sc_hd__clkbuf_16)
     2    0.02                           clknet_0_clk (net)
                  0.04    0.00    0.14 ^ clkbuf_1_0__f_clk/A (sky130_fd_sc_hd__clkbuf_16)
                  0.03    0.11    0.25 ^ clkbuf_1_0__f_clk/X (sky130_fd_sc_hd__clkbuf_16)
     4    0.01                           clknet_1_0__leaf_clk (net)
                  0.03    0.00    0.25 ^ _53_/CLK (sky130_fd_sc_hd__dfrtp_1)
                  0.07    0.32    0.56 ^ _53_/Q (sky130_fd_sc_hd__dfrtp_1)
     3    0.01                           net5 (net)
                  0.07    0.00    0.56 ^ _31_/D (sky130_fd_sc_hd__and4_2)
                  0.10    0.25    0.82 ^ _31_/X (sky130_fd_sc_hd__and4_2)
     5    0.01                           _19_ (net)
                  0.10    0.00    0.82 ^ _35_/B (sky130_fd_sc_hd__xor2_1)
                  0.03    0.06    0.88 v _35_/X (sky130_fd_sc_hd__xor2_1)
     1    0.00                           _04_ (net)
                  0.03    0.00    0.88 v _54_/D (sky130_fd_sc_hd__dfrtp_1)
                                  0.88   data arrival time

                          0.00    0.00   clock clk (rise edge)
                          0.00    0.00   clock source latency
                  0.04    0.03    0.03 ^ clk (in)
     1    0.01                           clk (net)
                  0.04    0.00    0.03 ^ clkbuf_0_clk/A (sky130_fd_sc_hd__clkbuf_16)
                  0.04    0.13    0.16 ^ clkbuf_0_clk/X (sky130_fd_sc_hd__clkbuf_16)
     2    0.02                           clknet_0_clk (net)
                  0.04    0.00    0.16 ^ clkbuf_1_1__f_clk/A (sky130_fd_sc_hd__clkbuf_16)
                  0.03    0.12    0.27 ^ clkbuf_1_1__f_clk/X (sky130_fd_sc_hd__clkbuf_16)
     4    0.01                           clknet_1_1__leaf_clk (net)
                  0.03    0.00    0.27 ^ _54_/CLK (sky130_fd_sc_hd__dfrtp_1)
                          0.25    0.52   clock uncertainty
                         -0.01    0.51   clock reconvergence pessimism
                         -0.04    0.46   library hold time
                                  0.46   data required time
-----------------------------------------------------------------------------
                                  0.46   data required time
                                 -0.88   data arrival time
-----------------------------------------------------------------------------
                                  0.41   slack (MET)


Startpoint: _50_ (rising edge-triggered flip-flop clocked by clk)
Endpoint: _50_ (rising edge-triggered flip-flop clocked by clk)
Path Group: clk
Path Type: min

Fanout     Cap    Slew   Delay    Time   Description
-----------------------------------------------------------------------------
                          0.00    0.00   clock clk (rise edge)
                          0.00    0.00   clock source latency
                  0.04    0.03    0.03 ^ clk (in)
     1    0.01                           clk (net)
                  0.04    0.00    0.03 ^ clkbuf_0_clk/A (sky130_fd_sc_hd__clkbuf_16)
                  0.04    0.11    0.14 ^ clkbuf_0_clk/X (sky130_fd_sc_hd__clkbuf_16)
     2    0.02                           clknet_0_clk (net)
                  0.04    0.00    0.14 ^ clkbuf_1_0__f_clk/A (sky130_fd_sc_hd__clkbuf_16)
                  0.03    0.11    0.25 ^ clkbuf_1_0__f_clk/X (sky130_fd_sc_hd__clkbuf_16)
     4    0.01                           clknet_1_0__leaf_clk (net)
                  0.03    0.00    0.25 ^ _50_/CLK (sky130_fd_sc_hd__dfrtp_1)
                  0.12    0.35    0.60 ^ _50_/Q (sky130_fd_sc_hd__dfrtp_1)
     6    0.01                           net2 (net)
                  0.12    0.00    0.60 ^ hold1/A (sky130_fd_sc_hd__dlygate4sd3_1)
                  0.07    0.54    1.14 ^ hold1/X (sky130_fd_sc_hd__dlygate4sd3_1)
     1    0.00                           net10 (net)
                  0.07    0.00    1.14 ^ _25_/A (sky130_fd_sc_hd__inv_2)
                  0.02    0.03    1.17 v _25_/Y (sky130_fd_sc_hd__inv_2)
     1    0.00                           _00_ (net)
                  0.02    0.00    1.17 v _50_/D (sky130_fd_sc_hd__dfrtp_1)
                                  1.17   data arrival time

                          0.00    0.00   clock clk (rise edge)
                          0.00    0.00   clock source latency
                  0.04    0.03    0.03 ^ clk (in)
     1    0.01                           clk (net)
                  0.04    0.00    0.03 ^ clkbuf_0_clk/A (sky130_fd_sc_hd__clkbuf_16)
                  0.04    0.13    0.16 ^ clkbuf_0_clk/X (sky130_fd_sc_hd__clkbuf_16)
     2    0.02                           clknet_0_clk (net)
                  0.04    0.00    0.16 ^ clkbuf_1_0__f_clk/A (sky130_fd_sc_hd__clkbuf_16)
                  0.03    0.12    0.27 ^ clkbuf_1_0__f_clk/X (sky130_fd_sc_hd__clkbuf_16)
     4    0.01                           clknet_1_0__leaf_clk (net)
                  0.03    0.00    0.27 ^ _50_/CLK (sky130_fd_sc_hd__dfrtp_1)
                          0.25    0.52   clock uncertainty
                         -0.03    0.50   clock reconvergence pessimism
                         -0.04    0.46   library hold time
                                  0.46   data required time
-----------------------------------------------------------------------------
                                  0.46   data required time
                                 -1.17   data arrival time
-----------------------------------------------------------------------------
                                  0.71   slack (MET)


Startpoint: rst (input port clocked by clk)
Endpoint: _50_ (removal check against rising-edge clock clk)
Path Group: asynchronous
Path Type: min

Fanout     Cap    Slew   Delay    Time   Description
-----------------------------------------------------------------------------
                          0.00    0.00   clock clk (rise edge)
                          0.00    0.00   clock network delay (propagated)
                          2.00    2.00 v input external delay
                  0.01    0.00    2.00 v rst (in)
     1    0.00                           rst (net)
                  0.01    0.00    2.00 v input1/A (sky130_fd_sc_hd__clkbuf_4)
                  0.08    0.16    2.16 v input1/X (sky130_fd_sc_hd__clkbuf_4)
     8    0.03                           net1 (net)
                  0.08    0.00    2.16 v _42_/A (sky130_fd_sc_hd__inv_2)
                  0.03    0.05    2.21 ^ _42_/Y (sky130_fd_sc_hd__inv_2)
     1    0.00                           _08_ (net)
                  0.03    0.00    2.21 ^ _50_/RESET_B (sky130_fd_sc_hd__dfrtp_1)
                                  2.21   data arrival time

                          0.00    0.00   clock clk (rise edge)
                          0.00    0.00   clock source latency
                  0.04    0.03    0.03 ^ clk (in)
     1    0.01                           clk (net)
                  0.04    0.00    0.03 ^ clkbuf_0_clk/A (sky130_fd_sc_hd__clkbuf_16)
                  0.04    0.13    0.16 ^ clkbuf_0_clk/X (sky130_fd_sc_hd__clkbuf_16)
     2    0.02                           clknet_0_clk (net)
                  0.04    0.00    0.16 ^ clkbuf_1_0__f_clk/A (sky130_fd_sc_hd__clkbuf_16)
                  0.03    0.12    0.27 ^ clkbuf_1_0__f_clk/X (sky130_fd_sc_hd__clkbuf_16)
     4    0.01                           clknet_1_0__leaf_clk (net)
                  0.03    0.00    0.27 ^ _50_/CLK (sky130_fd_sc_hd__dfrtp_1)
                          0.25    0.52   clock uncertainty
                          0.00    0.52   clock reconvergence pessimism
                          0.31    0.84   library removal time
                                  0.84   data required time
-----------------------------------------------------------------------------
                                  0.84   data required time
                                 -2.21   data arrival time
-----------------------------------------------------------------------------
                                  1.38   slack (MET)


Startpoint: rst (input port clocked by clk)
Endpoint: _51_ (removal check against rising-edge clock clk)
Path Group: asynchronous
Path Type: min

Fanout     Cap    Slew   Delay    Time   Description
-----------------------------------------------------------------------------
                          0.00    0.00   clock clk (rise edge)
                          0.00    0.00   clock network delay (propagated)
                          2.00    2.00 v input external delay
                  0.01    0.00    2.00 v rst (in)
     1    0.00                           rst (net)
                  0.01    0.00    2.00 v input1/A (sky130_fd_sc_hd__clkbuf_4)
                  0.08    0.16    2.16 v input1/X (sky130_fd_sc_hd__clkbuf_4)
     8    0.03                           net1 (net)
                  0.08    0.00    2.16 v _43_/A (sky130_fd_sc_hd__inv_2)
                  0.03    0.05    2.21 ^ _43_/Y (sky130_fd_sc_hd__inv_2)
     1    0.00                           _09_ (net)
                  0.03    0.00    2.21 ^ _51_/RESET_B (sky130_fd_sc_hd__dfrtp_1)
                                  2.21   data arrival time

                          0.00    0.00   clock clk (rise edge)
                          0.00    0.00   clock source latency
                  0.04    0.03    0.03 ^ clk (in)
     1    0.01                           clk (net)
                  0.04    0.00    0.03 ^ clkbuf_0_clk/A (sky130_fd_sc_hd__clkbuf_16)
                  0.04    0.13    0.16 ^ clkbuf_0_clk/X (sky130_fd_sc_hd__clkbuf_16)
     2    0.02                           clknet_0_clk (net)
                  0.04    0.00    0.16 ^ clkbuf_1_0__f_clk/A (sky130_fd_sc_hd__clkbuf_16)
                  0.03    0.12    0.27 ^ clkbuf_1_0__f_clk/X (sky130_fd_sc_hd__clkbuf_16)
     4    0.01                           clknet_1_0__leaf_clk (net)
                  0.03    0.00    0.27 ^ _51_/CLK (sky130_fd_sc_hd__dfrtp_1)
                          0.25    0.52   clock uncertainty
                          0.00    0.52   clock reconvergence pessimism
                          0.31    0.84   library removal time
                                  0.84   data required time
-----------------------------------------------------------------------------
                                  0.84   data required time
                                 -2.21   data arrival time
-----------------------------------------------------------------------------
                                  1.38   slack (MET)


Startpoint: rst (input port clocked by clk)
Endpoint: _52_ (removal check against rising-edge clock clk)
Path Group: asynchronous
Path Type: min

Fanout     Cap    Slew   Delay    Time   Description
-----------------------------------------------------------------------------
                          0.00    0.00   clock clk (rise edge)
                          0.00    0.00   clock network delay (propagated)
                          2.00    2.00 v input external delay
                  0.01    0.00    2.00 v rst (in)
     1    0.00                           rst (net)
                  0.01    0.00    2.00 v input1/A (sky130_fd_sc_hd__clkbuf_4)
                  0.08    0.16    2.16 v input1/X (sky130_fd_sc_hd__clkbuf_4)
     8    0.03                           net1 (net)
                  0.08    0.00    2.16 v _44_/A (sky130_fd_sc_hd__inv_2)
                  0.03    0.05    2.21 ^ _44_/Y (sky130_fd_sc_hd__inv_2)
     1    0.00                           _10_ (net)
                  0.03    0.00    2.21 ^ _52_/RESET_B (sky130_fd_sc_hd__dfrtp_1)
                                  2.21   data arrival time

                          0.00    0.00   clock clk (rise edge)
                          0.00    0.00   clock source latency
                  0.04    0.03    0.03 ^ clk (in)
     1    0.01                           clk (net)
                  0.04    0.00    0.03 ^ clkbuf_0_clk/A (sky130_fd_sc_hd__clkbuf_16)
                  0.04    0.13    0.16 ^ clkbuf_0_clk/X (sky130_fd_sc_hd__clkbuf_16)
     2    0.02                           clknet_0_clk (net)
                  0.04    0.00    0.16 ^ clkbuf_1_0__f_clk/A (sky130_fd_sc_hd__clkbuf_16)
                  0.03    0.12    0.27 ^ clkbuf_1_0__f_clk/X (sky130_fd_sc_hd__clkbuf_16)
     4    0.01                           clknet_1_0__leaf_clk (net)
                  0.03    0.00    0.27 ^ _52_/CLK (sky130_fd_sc_hd__dfrtp_1)
                          0.25    0.52   clock uncertainty
                          0.00    0.52   clock reconvergence pessimism
                          0.31    0.84   library removal time
                                  0.84   data required time
-----------------------------------------------------------------------------
                                  0.84   data required time
                                 -2.21   data arrival time
-----------------------------------------------------------------------------
                                  1.38   slack (MET)


Startpoint: rst (input port clocked by clk)
Endpoint: _53_ (removal check against rising-edge clock clk)
Path Group: asynchronous
Path Type: min

Fanout     Cap    Slew   Delay    Time   Description
-----------------------------------------------------------------------------
                          0.00    0.00   clock clk (rise edge)
                          0.00    0.00   clock network delay (propagated)
                          2.00    2.00 v input external delay
                  0.01    0.00    2.00 v rst (in)
     1    0.00                           rst (net)
                  0.01    0.00    2.00 v input1/A (sky130_fd_sc_hd__clkbuf_4)
                  0.08    0.16    2.16 v input1/X (sky130_fd_sc_hd__clkbuf_4)
     8    0.03                           net1 (net)
                  0.08    0.00    2.16 v _45_/A (sky130_fd_sc_hd__inv_2)
                  0.03    0.05    2.21 ^ _45_/Y (sky130_fd_sc_hd__inv_2)
     1    0.00                           _11_ (net)
                  0.03    0.00    2.21 ^ _53_/RESET_B (sky130_fd_sc_hd__dfrtp_1)
                                  2.21   data arrival time

                          0.00    0.00   clock clk (rise edge)
                          0.00    0.00   clock source latency
                  0.04    0.03    0.03 ^ clk (in)
     1    0.01                           clk (net)
                  0.04    0.00    0.03 ^ clkbuf_0_clk/A (sky130_fd_sc_hd__clkbuf_16)
                  0.04    0.13    0.16 ^ clkbuf_0_clk/X (sky130_fd_sc_hd__clkbuf_16)
     2    0.02                           clknet_0_clk (net)
                  0.04    0.00    0.16 ^ clkbuf_1_0__f_clk/A (sky130_fd_sc_hd__clkbuf_16)
                  0.03    0.12    0.27 ^ clkbuf_1_0__f_clk/X (sky130_fd_sc_hd__clkbuf_16)
     4    0.01                           clknet_1_0__leaf_clk (net)
                  0.03    0.00    0.27 ^ _53_/CLK (sky130_fd_sc_hd__dfrtp_1)
                          0.25    0.52   clock uncertainty
                          0.00    0.52   clock reconvergence pessimism
                          0.31    0.84   library removal time
                                  0.84   data required time
-----------------------------------------------------------------------------
                                  0.84   data required time
                                 -2.21   data arrival time
-----------------------------------------------------------------------------
                                  1.38   slack (MET)


Startpoint: rst (input port clocked by clk)
Endpoint: _54_ (removal check against rising-edge clock clk)
Path Group: asynchronous
Path Type: min

Fanout     Cap    Slew   Delay    Time   Description
-----------------------------------------------------------------------------
                          0.00    0.00   clock clk (rise edge)
                          0.00    0.00   clock network delay (propagated)
                          2.00    2.00 v input external delay
                  0.01    0.00    2.00 v rst (in)
     1    0.00                           rst (net)
                  0.01    0.00    2.00 v input1/A (sky130_fd_sc_hd__clkbuf_4)
                  0.08    0.16    2.16 v input1/X (sky130_fd_sc_hd__clkbuf_4)
     8    0.03                           net1 (net)
                  0.08    0.00    2.16 v _46_/A (sky130_fd_sc_hd__inv_2)
                  0.03    0.05    2.21 ^ _46_/Y (sky130_fd_sc_hd__inv_2)
     1    0.00                           _12_ (net)
                  0.03    0.00    2.21 ^ _54_/RESET_B (sky130_fd_sc_hd__dfrtp_1)
                                  2.21   data arrival time

                          0.00    0.00   clock clk (rise edge)
                          0.00    0.00   clock source latency
                  0.04    0.03    0.03 ^ clk (in)
     1    0.01                           clk (net)
                  0.04    0.00    0.03 ^ clkbuf_0_clk/A (sky130_fd_sc_hd__clkbuf_16)
                  0.04    0.13    0.16 ^ clkbuf_0_clk/X (sky130_fd_sc_hd__clkbuf_16)
     2    0.02                           clknet_0_clk (net)
                  0.04    0.00    0.16 ^ clkbuf_1_1__f_clk/A (sky130_fd_sc_hd__clkbuf_16)
                  0.03    0.12    0.27 ^ clkbuf_1_1__f_clk/X (sky130_fd_sc_hd__clkbuf_16)
     4    0.01                           clknet_1_1__leaf_clk (net)
                  0.03    0.00    0.27 ^ _54_/CLK (sky130_fd_sc_hd__dfrtp_1)
                          0.25    0.52   clock uncertainty
                          0.00    0.52   clock reconvergence pessimism
                          0.31    0.84   library removal time
                                  0.84   data required time
-----------------------------------------------------------------------------
                                  0.84   data required time
                                 -2.21   data arrival time
-----------------------------------------------------------------------------
                                  1.38   slack (MET)


Startpoint: rst (input port clocked by clk)
Endpoint: _55_ (removal check against rising-edge clock clk)
Path Group: asynchronous
Path Type: min

Fanout     Cap    Slew   Delay    Time   Description
-----------------------------------------------------------------------------
                          0.00    0.00   clock clk (rise edge)
                          0.00    0.00   clock network delay (propagated)
                          2.00    2.00 v input external delay
                  0.01    0.00    2.00 v rst (in)
     1    0.00                           rst (net)
                  0.01    0.00    2.00 v input1/A (sky130_fd_sc_hd__clkbuf_4)
                  0.08    0.16    2.16 v input1/X (sky130_fd_sc_hd__clkbuf_4)
     8    0.03                           net1 (net)
                  0.08    0.00    2.16 v _47_/A (sky130_fd_sc_hd__inv_2)
                  0.03    0.05    2.21 ^ _47_/Y (sky130_fd_sc_hd__inv_2)
     1    0.00                           _13_ (net)
                  0.03    0.00    2.21 ^ _55_/RESET_B (sky130_fd_sc_hd__dfrtp_1)
                                  2.21   data arrival time

                          0.00    0.00   clock clk (rise edge)
                          0.00    0.00   clock source latency
                  0.04    0.03    0.03 ^ clk (in)
     1    0.01                           clk (net)
                  0.04    0.00    0.03 ^ clkbuf_0_clk/A (sky130_fd_sc_hd__clkbuf_16)
                  0.04    0.13    0.16 ^ clkbuf_0_clk/X (sky130_fd_sc_hd__clkbuf_16)
     2    0.02                           clknet_0_clk (net)
                  0.04    0.00    0.16 ^ clkbuf_1_1__f_clk/A (sky130_fd_sc_hd__clkbuf_16)
                  0.03    0.12    0.27 ^ clkbuf_1_1__f_clk/X (sky130_fd_sc_hd__clkbuf_16)
     4    0.01                           clknet_1_1__leaf_clk (net)
                  0.03    0.00    0.27 ^ _55_/CLK (sky130_fd_sc_hd__dfrtp_1)
                          0.25    0.52   clock uncertainty
                          0.00    0.52   clock reconvergence pessimism
                          0.31    0.84   library removal time
                                  0.84   data required time
-----------------------------------------------------------------------------
                                  0.84   data required time
                                 -2.21   data arrival time
-----------------------------------------------------------------------------
                                  1.38   slack (MET)


Startpoint: rst (input port clocked by clk)
Endpoint: _56_ (removal check against rising-edge clock clk)
Path Group: asynchronous
Path Type: min

Fanout     Cap    Slew   Delay    Time   Description
-----------------------------------------------------------------------------
                          0.00    0.00   clock clk (rise edge)
                          0.00    0.00   clock network delay (propagated)
                          2.00    2.00 v input external delay
                  0.01    0.00    2.00 v rst (in)
     1    0.00                           rst (net)
                  0.01    0.00    2.00 v input1/A (sky130_fd_sc_hd__clkbuf_4)
                  0.08    0.16    2.16 v input1/X (sky130_fd_sc_hd__clkbuf_4)
     8    0.03                           net1 (net)
                  0.08    0.00    2.16 v _48_/A (sky130_fd_sc_hd__inv_2)
                  0.03    0.05    2.21 ^ _48_/Y (sky130_fd_sc_hd__inv_2)
     1    0.00                           _14_ (net)
                  0.03    0.00    2.21 ^ _56_/RESET_B (sky130_fd_sc_hd__dfrtp_1)
                                  2.21   data arrival time

                          0.00    0.00   clock clk (rise edge)
                          0.00    0.00   clock source latency
                  0.04    0.03    0.03 ^ clk (in)
     1    0.01                           clk (net)
                  0.04    0.00    0.03 ^ clkbuf_0_clk/A (sky130_fd_sc_hd__clkbuf_16)
                  0.04    0.13    0.16 ^ clkbuf_0_clk/X (sky130_fd_sc_hd__clkbuf_16)
     2    0.02                           clknet_0_clk (net)
                  0.04    0.00    0.16 ^ clkbuf_1_1__f_clk/A (sky130_fd_sc_hd__clkbuf_16)
                  0.03    0.12    0.27 ^ clkbuf_1_1__f_clk/X (sky130_fd_sc_hd__clkbuf_16)
     4    0.01                           clknet_1_1__leaf_clk (net)
                  0.03    0.00    0.27 ^ _56_/CLK (sky130_fd_sc_hd__dfrtp_1)
                          0.25    0.52   clock uncertainty
                          0.00    0.52   clock reconvergence pessimism
                          0.31    0.84   library removal time
                                  0.84   data required time
-----------------------------------------------------------------------------
                                  0.84   data required time
                                 -2.21   data arrival time
-----------------------------------------------------------------------------
                                  1.38   slack (MET)


Startpoint: rst (input port clocked by clk)
Endpoint: _57_ (removal check against rising-edge clock clk)
Path Group: asynchronous
Path Type: min

Fanout     Cap    Slew   Delay    Time   Description
-----------------------------------------------------------------------------
                          0.00    0.00   clock clk (rise edge)
                          0.00    0.00   clock network delay (propagated)
                          2.00    2.00 v input external delay
                  0.01    0.00    2.00 v rst (in)
     1    0.00                           rst (net)
                  0.01    0.00    2.00 v input1/A (sky130_fd_sc_hd__clkbuf_4)
                  0.08    0.16    2.16 v input1/X (sky130_fd_sc_hd__clkbuf_4)
     8    0.03                           net1 (net)
                  0.08    0.00    2.16 v _49_/A (sky130_fd_sc_hd__inv_2)
                  0.03    0.05    2.21 ^ _49_/Y (sky130_fd_sc_hd__inv_2)
     1    0.00                           _15_ (net)
                  0.03    0.00    2.21 ^ _57_/RESET_B (sky130_fd_sc_hd__dfrtp_1)
                                  2.21   data arrival time

                          0.00    0.00   clock clk (rise edge)
                          0.00    0.00   clock source latency
                  0.04    0.03    0.03 ^ clk (in)
     1    0.01                           clk (net)
                  0.04    0.00    0.03 ^ clkbuf_0_clk/A (sky130_fd_sc_hd__clkbuf_16)
                  0.04    0.13    0.16 ^ clkbuf_0_clk/X (sky130_fd_sc_hd__clkbuf_16)
     2    0.02                           clknet_0_clk (net)
                  0.04    0.00    0.16 ^ clkbuf_1_1__f_clk/A (sky130_fd_sc_hd__clkbuf_16)
                  0.03    0.12    0.27 ^ clkbuf_1_1__f_clk/X (sky130_fd_sc_hd__clkbuf_16)
     4    0.01                           clknet_1_1__leaf_clk (net)
                  0.03    0.00    0.27 ^ _57_/CLK (sky130_fd_sc_hd__dfrtp_1)
                          0.25    0.52   clock uncertainty
                          0.00    0.52   clock reconvergence pessimism
                          0.31    0.84   library removal time
                                  0.84   data required time
-----------------------------------------------------------------------------
                                  0.84   data required time
                                 -2.21   data arrival time
-----------------------------------------------------------------------------
                                  1.38   slack (MET)


Startpoint: _57_ (rising edge-triggered flip-flop clocked by clk)
Endpoint: debug_out[7] (output port clocked by clk)
Path Group: clk
Path Type: min

Fanout     Cap    Slew   Delay    Time   Description
-----------------------------------------------------------------------------
                          0.00    0.00   clock clk (rise edge)
                          0.00    0.00   clock source latency
                  0.04    0.03    0.03 ^ clk (in)
     1    0.01                           clk (net)
                  0.04    0.00    0.03 ^ clkbuf_0_clk/A (sky130_fd_sc_hd__clkbuf_16)
                  0.04    0.11    0.14 ^ clkbuf_0_clk/X (sky130_fd_sc_hd__clkbuf_16)
     2    0.02                           clknet_0_clk (net)
                  0.04    0.00    0.14 ^ clkbuf_1_1__f_clk/A (sky130_fd_sc_hd__clkbuf_16)
                  0.03    0.11    0.25 ^ clkbuf_1_1__f_clk/X (sky130_fd_sc_hd__clkbuf_16)
     4    0.01                           clknet_1_1__leaf_clk (net)
                  0.03    0.00    0.25 ^ _57_/CLK (sky130_fd_sc_hd__dfrtp_1)
                  0.06    0.30    0.55 ^ _57_/Q (sky130_fd_sc_hd__dfrtp_1)
     2    0.00                           net9 (net)
                  0.06    0.00    0.55 ^ output9/A (sky130_fd_sc_hd__clkbuf_4)
                  0.11    0.18    0.73 ^ output9/X (sky130_fd_sc_hd__clkbuf_4)
     1    0.03                           debug_out[7] (net)
                  0.11    0.00    0.73 ^ debug_out[7] (out)
                                  0.73   data arrival time

                          0.00    0.00   clock clk (rise edge)
                          0.00    0.00   clock network delay (propagated)
                          0.25    0.25   clock uncertainty
                          0.00    0.25   clock reconvergence pessimism
                         -2.00   -1.75   output external delay
                                 -1.75   data required time
-----------------------------------------------------------------------------
                                 -1.75   data required time
                                 -0.73   data arrival time
-----------------------------------------------------------------------------
                                  2.48   slack (MET)


Startpoint: _56_ (rising edge-triggered flip-flop clocked by clk)
Endpoint: debug_out[6] (output port clocked by clk)
Path Group: clk
Path Type: min

Fanout     Cap    Slew   Delay    Time   Description
-----------------------------------------------------------------------------
                          0.00    0.00   clock clk (rise edge)
                          0.00    0.00   clock source latency
                  0.04    0.03    0.03 ^ clk (in)
     1    0.01                           clk (net)
                  0.04    0.00    0.03 ^ clkbuf_0_clk/A (sky130_fd_sc_hd__clkbuf_16)
                  0.04    0.11    0.14 ^ clkbuf_0_clk/X (sky130_fd_sc_hd__clkbuf_16)
     2    0.02                           clknet_0_clk (net)
                  0.04    0.00    0.14 ^ clkbuf_1_1__f_clk/A (sky130_fd_sc_hd__clkbuf_16)
                  0.03    0.11    0.25 ^ clkbuf_1_1__f_clk/X (sky130_fd_sc_hd__clkbuf_16)
     4    0.01                           clknet_1_1__leaf_clk (net)
                  0.03    0.00    0.25 ^ _56_/CLK (sky130_fd_sc_hd__dfrtp_1)
                  0.07    0.31    0.56 ^ _56_/Q (sky130_fd_sc_hd__dfrtp_1)
     3    0.01                           net8 (net)
                  0.07    0.00    0.56 ^ output8/A (sky130_fd_sc_hd__clkbuf_4)
                  0.11    0.18    0.74 ^ output8/X (sky130_fd_sc_hd__clkbuf_4)
     1    0.03                           debug_out[6] (net)
                  0.11    0.00    0.74 ^ debug_out[6] (out)
                                  0.74   data arrival time

                          0.00    0.00   clock clk (rise edge)
                          0.00    0.00   clock network delay (propagated)
                          0.25    0.25   clock uncertainty
                          0.00    0.25   clock reconvergence pessimism
                         -2.00   -1.75   output external delay
                                 -1.75   data required time
-----------------------------------------------------------------------------
                                 -1.75   data required time
                                 -0.74   data arrival time
-----------------------------------------------------------------------------
                                  2.49   slack (MET)


Startpoint: _53_ (rising edge-triggered flip-flop clocked by clk)
Endpoint: debug_out[3] (output port clocked by clk)
Path Group: clk
Path Type: min

Fanout     Cap    Slew   Delay    Time   Description
-----------------------------------------------------------------------------
                          0.00    0.00   clock clk (rise edge)
                          0.00    0.00   clock source latency
                  0.04    0.03    0.03 ^ clk (in)
     1    0.01                           clk (net)
                  0.04    0.00    0.03 ^ clkbuf_0_clk/A (sky130_fd_sc_hd__clkbuf_16)
                  0.04    0.11    0.14 ^ clkbuf_0_clk/X (sky130_fd_sc_hd__clkbuf_16)
     2    0.02                           clknet_0_clk (net)
                  0.04    0.00    0.14 ^ clkbuf_1_0__f_clk/A (sky130_fd_sc_hd__clkbuf_16)
                  0.03    0.11    0.25 ^ clkbuf_1_0__f_clk/X (sky130_fd_sc_hd__clkbuf_16)
     4    0.01                           clknet_1_0__leaf_clk (net)
                  0.03    0.00    0.25 ^ _53_/CLK (sky130_fd_sc_hd__dfrtp_1)
                  0.07    0.32    0.56 ^ _53_/Q (sky130_fd_sc_hd__dfrtp_1)
     3    0.01                           net5 (net)
                  0.07    0.00    0.56 ^ output5/A (sky130_fd_sc_hd__clkbuf_4)
                  0.11    0.18    0.75 ^ output5/X (sky130_fd_sc_hd__clkbuf_4)
     1    0.03                           debug_out[3] (net)
                  0.11    0.00    0.75 ^ debug_out[3] (out)
                                  0.75   data arrival time

                          0.00    0.00   clock clk (rise edge)
                          0.00    0.00   clock network delay (propagated)
                          0.25    0.25   clock uncertainty
                          0.00    0.25   clock reconvergence pessimism
                         -2.00   -1.75   output external delay
                                 -1.75   data required time
-----------------------------------------------------------------------------
                                 -1.75   data required time
                                 -0.75   data arrival time
-----------------------------------------------------------------------------
                                  2.50   slack (MET)


Startpoint: _54_ (rising edge-triggered flip-flop clocked by clk)
Endpoint: debug_out[4] (output port clocked by clk)
Path Group: clk
Path Type: min

Fanout     Cap    Slew   Delay    Time   Description
-----------------------------------------------------------------------------
                          0.00    0.00   clock clk (rise edge)
                          0.00    0.00   clock source latency
                  0.04    0.03    0.03 ^ clk (in)
     1    0.01                           clk (net)
                  0.04    0.00    0.03 ^ clkbuf_0_clk/A (sky130_fd_sc_hd__clkbuf_16)
                  0.04    0.11    0.14 ^ clkbuf_0_clk/X (sky130_fd_sc_hd__clkbuf_16)
     2    0.02                           clknet_0_clk (net)
                  0.04    0.00    0.14 ^ clkbuf_1_1__f_clk/A (sky130_fd_sc_hd__clkbuf_16)
                  0.03    0.11    0.25 ^ clkbuf_1_1__f_clk/X (sky130_fd_sc_hd__clkbuf_16)
     4    0.01                           clknet_1_1__leaf_clk (net)
                  0.03    0.00    0.25 ^ _54_/CLK (sky130_fd_sc_hd__dfrtp_1)
                  0.08    0.32    0.57 ^ _54_/Q (sky130_fd_sc_hd__dfrtp_1)
     4    0.01                           net6 (net)
                  0.08    0.00    0.57 ^ output6/A (sky130_fd_sc_hd__clkbuf_4)
                  0.11    0.19    0.75 ^ output6/X (sky130_fd_sc_hd__clkbuf_4)
     1    0.03                           debug_out[4] (net)
                  0.11    0.00    0.75 ^ debug_out[4] (out)
                                  0.75   data arrival time

                          0.00    0.00   clock clk (rise edge)
                          0.00    0.00   clock network delay (propagated)
                          0.25    0.25   clock uncertainty
                          0.00    0.25   clock reconvergence pessimism
                         -2.00   -1.75   output external delay
                                 -1.75   data required time
-----------------------------------------------------------------------------
                                 -1.75   data required time
                                 -0.75   data arrival time
-----------------------------------------------------------------------------
                                  2.50   slack (MET)


Startpoint: _55_ (rising edge-triggered flip-flop clocked by clk)
Endpoint: debug_out[5] (output port clocked by clk)
Path Group: clk
Path Type: min

Fanout     Cap    Slew   Delay    Time   Description
-----------------------------------------------------------------------------
                          0.00    0.00   clock clk (rise edge)
                          0.00    0.00   clock source latency
                  0.04    0.03    0.03 ^ clk (in)
     1    0.01                           clk (net)
                  0.04    0.00    0.03 ^ clkbuf_0_clk/A (sky130_fd_sc_hd__clkbuf_16)
                  0.04    0.11    0.14 ^ clkbuf_0_clk/X (sky130_fd_sc_hd__clkbuf_16)
     2    0.02                           clknet_0_clk (net)
                  0.04    0.00    0.14 ^ clkbuf_1_1__f_clk/A (sky130_fd_sc_hd__clkbuf_16)
                  0.03    0.11    0.25 ^ clkbuf_1_1__f_clk/X (sky130_fd_sc_hd__clkbuf_16)
     4    0.01                           clknet_1_1__leaf_clk (net)
                  0.03    0.00    0.25 ^ _55_/CLK (sky130_fd_sc_hd__dfrtp_1)
                  0.08    0.32    0.57 ^ _55_/Q (sky130_fd_sc_hd__dfrtp_1)
     4    0.01                           net7 (net)
                  0.08    0.00    0.57 ^ output7/A (sky130_fd_sc_hd__clkbuf_4)
                  0.11    0.19    0.75 ^ output7/X (sky130_fd_sc_hd__clkbuf_4)
     1    0.03                           debug_out[5] (net)
                  0.11    0.00    0.75 ^ debug_out[5] (out)
                                  0.75   data arrival time

                          0.00    0.00   clock clk (rise edge)
                          0.00    0.00   clock network delay (propagated)
                          0.25    0.25   clock uncertainty
                          0.00    0.25   clock reconvergence pessimism
                         -2.00   -1.75   output external delay
                                 -1.75   data required time
-----------------------------------------------------------------------------
                                 -1.75   data required time
                                 -0.75   data arrival time
-----------------------------------------------------------------------------
                                  2.50   slack (MET)


Startpoint: _52_ (rising edge-triggered flip-flop clocked by clk)
Endpoint: debug_out[2] (output port clocked by clk)
Path Group: clk
Path Type: min

Fanout     Cap    Slew   Delay    Time   Description
-----------------------------------------------------------------------------
                          0.00    0.00   clock clk (rise edge)
                          0.00    0.00   clock source latency
                  0.04    0.03    0.03 ^ clk (in)
     1    0.01                           clk (net)
                  0.04    0.00    0.03 ^ clkbuf_0_clk/A (sky130_fd_sc_hd__clkbuf_16)
                  0.04    0.11    0.14 ^ clkbuf_0_clk/X (sky130_fd_sc_hd__clkbuf_16)
     2    0.02                           clknet_0_clk (net)
                  0.04    0.00    0.14 ^ clkbuf_1_0__f_clk/A (sky130_fd_sc_hd__clkbuf_16)
                  0.03    0.11    0.25 ^ clkbuf_1_0__f_clk/X (sky130_fd_sc_hd__clkbuf_16)
     4    0.01                           clknet_1_0__leaf_clk (net)
                  0.03    0.00    0.25 ^ _52_/CLK (sky130_fd_sc_hd__dfrtp_1)
                  0.09    0.33    0.57 ^ _52_/Q (sky130_fd_sc_hd__dfrtp_1)
     4    0.01                           net4 (net)
                  0.09    0.00    0.57 ^ output4/A (sky130_fd_sc_hd__clkbuf_4)
                  0.11    0.19    0.76 ^ output4/X (sky130_fd_sc_hd__clkbuf_4)
     1    0.03                           debug_out[2] (net)
                  0.11    0.00    0.76 ^ debug_out[2] (out)
                                  0.76   data arrival time

                          0.00    0.00   clock clk (rise edge)
                          0.00    0.00   clock network delay (propagated)
                          0.25    0.25   clock uncertainty
                          0.00    0.25   clock reconvergence pessimism
                         -2.00   -1.75   output external delay
                                 -1.75   data required time
-----------------------------------------------------------------------------
                                 -1.75   data required time
                                 -0.76   data arrival time
-----------------------------------------------------------------------------
                                  2.51   slack (MET)


Startpoint: _51_ (rising edge-triggered flip-flop clocked by clk)
Endpoint: debug_out[1] (output port clocked by clk)
Path Group: clk
Path Type: min

Fanout     Cap    Slew   Delay    Time   Description
-----------------------------------------------------------------------------
                          0.00    0.00   clock clk (rise edge)
                          0.00    0.00   clock source latency
                  0.04    0.03    0.03 ^ clk (in)
     1    0.01                           clk (net)
                  0.04    0.00    0.03 ^ clkbuf_0_clk/A (sky130_fd_sc_hd__clkbuf_16)
                  0.04    0.11    0.14 ^ clkbuf_0_clk/X (sky130_fd_sc_hd__clkbuf_16)
     2    0.02                           clknet_0_clk (net)
                  0.04    0.00    0.14 ^ clkbuf_1_0__f_clk/A (sky130_fd_sc_hd__clkbuf_16)
                  0.03    0.11    0.25 ^ clkbuf_1_0__f_clk/X (sky130_fd_sc_hd__clkbuf_16)
     4    0.01                           clknet_1_0__leaf_clk (net)
                  0.03    0.00    0.25 ^ _51_/CLK (sky130_fd_sc_hd__dfrtp_1)
                  0.07    0.36    0.61 v _51_/Q (sky130_fd_sc_hd__dfrtp_1)
     5    0.01                           net3 (net)
                  0.07    0.00    0.61 v output3/A (sky130_fd_sc_hd__buf_2)
                  0.09    0.18    0.79 v output3/X (sky130_fd_sc_hd__buf_2)
     1    0.03                           debug_out[1] (net)
                  0.09    0.00    0.79 v debug_out[1] (out)
                                  0.79   data arrival time

                          0.00    0.00   clock clk (rise edge)
                          0.00    0.00   clock network delay (propagated)
                          0.25    0.25   clock uncertainty
                          0.00    0.25   clock reconvergence pessimism
                         -2.00   -1.75   output external delay
                                 -1.75   data required time
-----------------------------------------------------------------------------
                                 -1.75   data required time
                                 -0.79   data arrival time
-----------------------------------------------------------------------------
                                  2.54   slack (MET)


Startpoint: _50_ (rising edge-triggered flip-flop clocked by clk)
Endpoint: debug_out[0] (output port clocked by clk)
Path Group: clk
Path Type: min

Fanout     Cap    Slew   Delay    Time   Description
-----------------------------------------------------------------------------
                          0.00    0.00   clock clk (rise edge)
                          0.00    0.00   clock source latency
                  0.04    0.03    0.03 ^ clk (in)
     1    0.01                           clk (net)
                  0.04    0.00    0.03 ^ clkbuf_0_clk/A (sky130_fd_sc_hd__clkbuf_16)
                  0.04    0.11    0.14 ^ clkbuf_0_clk/X (sky130_fd_sc_hd__clkbuf_16)
     2    0.02                           clknet_0_clk (net)
                  0.04    0.00    0.14 ^ clkbuf_1_0__f_clk/A (sky130_fd_sc_hd__clkbuf_16)
                  0.03    0.11    0.25 ^ clkbuf_1_0__f_clk/X (sky130_fd_sc_hd__clkbuf_16)
     4    0.01                           clknet_1_0__leaf_clk (net)
                  0.03    0.00    0.25 ^ _50_/CLK (sky130_fd_sc_hd__dfrtp_1)
                  0.12    0.35    0.60 ^ _50_/Q (sky130_fd_sc_hd__dfrtp_1)
     6    0.01                           net2 (net)
                  0.12    0.00    0.60 ^ output2/A (sky130_fd_sc_hd__clkbuf_4)
                  0.11    0.20    0.80 ^ output2/X (sky130_fd_sc_hd__clkbuf_4)
     1    0.03                           debug_out[0] (net)
                  0.11    0.00    0.80 ^ debug_out[0] (out)
                                  0.80   data arrival time

                          0.00    0.00   clock clk (rise edge)
                          0.00    0.00   clock network delay (propagated)
                          0.25    0.25   clock uncertainty
                          0.00    0.25   clock reconvergence pessimism
                         -2.00   -1.75   output external delay
                                 -1.75   data required time
-----------------------------------------------------------------------------
                                 -1.75   data required time
                                 -0.80   data arrival time
-----------------------------------------------------------------------------
                                  2.55   slack (MET)



min_report_end
max_report

===========================================================================
report_checks -path_delay max (Setup)
============================================================================
======================= Typical Corner ===================================

Startpoint: _50_ (rising edge-triggered flip-flop clocked by clk)
Endpoint: debug_out[0] (output port clocked by clk)
Path Group: clk
Path Type: max

Fanout     Cap    Slew   Delay    Time   Description
-----------------------------------------------------------------------------
                          0.00    0.00   clock clk (rise edge)
                          0.00    0.00   clock source latency
                  0.04    0.03    0.03 ^ clk (in)
     1    0.01                           clk (net)
                  0.04    0.00    0.03 ^ clkbuf_0_clk/A (sky130_fd_sc_hd__clkbuf_16)
                  0.04    0.13    0.16 ^ clkbuf_0_clk/X (sky130_fd_sc_hd__clkbuf_16)
     2    0.02                           clknet_0_clk (net)
                  0.04    0.00    0.16 ^ clkbuf_1_0__f_clk/A (sky130_fd_sc_hd__clkbuf_16)
                  0.03    0.12    0.27 ^ clkbuf_1_0__f_clk/X (sky130_fd_sc_hd__clkbuf_16)
     4    0.01                           clknet_1_0__leaf_clk (net)
                  0.03    0.00    0.27 ^ _50_/CLK (sky130_fd_sc_hd__dfrtp_1)
                  0.08    0.41    0.68 v _50_/Q (sky130_fd_sc_hd__dfrtp_1)
     6    0.01                           net2 (net)
                  0.08    0.00    0.68 v output2/A (sky130_fd_sc_hd__clkbuf_4)
                  0.08    0.21    0.89 v output2/X (sky130_fd_sc_hd__clkbuf_4)
     1    0.03                           debug_out[0] (net)
                  0.08    0.00    0.89 v debug_out[0] (out)
                                  0.89   data arrival time

                         10.00   10.00   clock clk (rise edge)
                          0.00   10.00   clock network delay (propagated)
                         -0.25    9.75   clock uncertainty
                          0.00    9.75   clock reconvergence pessimism
                         -2.00    7.75   output external delay
                                  7.75   data required time
-----------------------------------------------------------------------------
                                  7.75   data required time
                                 -0.89   data arrival time
-----------------------------------------------------------------------------
                                  6.86   slack (MET)


Startpoint: _51_ (rising edge-triggered flip-flop clocked by clk)
Endpoint: debug_out[1] (output port clocked by clk)
Path Group: clk
Path Type: max

Fanout     Cap    Slew   Delay    Time   Description
-----------------------------------------------------------------------------
                          0.00    0.00   clock clk (rise edge)
                          0.00    0.00   clock source latency
                  0.04    0.03    0.03 ^ clk (in)
     1    0.01                           clk (net)
                  0.04    0.00    0.03 ^ clkbuf_0_clk/A (sky130_fd_sc_hd__clkbuf_16)
                  0.04    0.13    0.16 ^ clkbuf_0_clk/X (sky130_fd_sc_hd__clkbuf_16)
     2    0.02                           clknet_0_clk (net)
                  0.04    0.00    0.16 ^ clkbuf_1_0__f_clk/A (sky130_fd_sc_hd__clkbuf_16)
                  0.03    0.12    0.27 ^ clkbuf_1_0__f_clk/X (sky130_fd_sc_hd__clkbuf_16)
     4    0.01                           clknet_1_0__leaf_clk (net)
                  0.03    0.00    0.27 ^ _51_/CLK (sky130_fd_sc_hd__dfrtp_1)
                  0.10    0.37    0.65 ^ _51_/Q (sky130_fd_sc_hd__dfrtp_1)
     5    0.01                           net3 (net)
                  0.10    0.00    0.65 ^ output3/A (sky130_fd_sc_hd__buf_2)
                  0.17    0.23    0.87 ^ output3/X (sky130_fd_sc_hd__buf_2)
     1    0.03                           debug_out[1] (net)
                  0.17    0.00    0.87 ^ debug_out[1] (out)
                                  0.87   data arrival time

                         10.00   10.00   clock clk (rise edge)
                          0.00   10.00   clock network delay (propagated)
                         -0.25    9.75   clock uncertainty
                          0.00    9.75   clock reconvergence pessimism
                         -2.00    7.75   output external delay
                                  7.75   data required time
-----------------------------------------------------------------------------
                                  7.75   data required time
                                 -0.87   data arrival time
-----------------------------------------------------------------------------
                                  6.88   slack (MET)


Startpoint: _52_ (rising edge-triggered flip-flop clocked by clk)
Endpoint: debug_out[2] (output port clocked by clk)
Path Group: clk
Path Type: max

Fanout     Cap    Slew   Delay    Time   Description
-----------------------------------------------------------------------------
                          0.00    0.00   clock clk (rise edge)
                          0.00    0.00   clock source latency
                  0.04    0.03    0.03 ^ clk (in)
     1    0.01                           clk (net)
                  0.04    0.00    0.03 ^ clkbuf_0_clk/A (sky130_fd_sc_hd__clkbuf_16)
                  0.04    0.13    0.16 ^ clkbuf_0_clk/X (sky130_fd_sc_hd__clkbuf_16)
     2    0.02                           clknet_0_clk (net)
                  0.04    0.00    0.16 ^ clkbuf_1_0__f_clk/A (sky130_fd_sc_hd__clkbuf_16)
                  0.03    0.12    0.27 ^ clkbuf_1_0__f_clk/X (sky130_fd_sc_hd__clkbuf_16)
     4    0.01                           clknet_1_0__leaf_clk (net)
                  0.03    0.00    0.27 ^ _52_/CLK (sky130_fd_sc_hd__dfrtp_1)
                  0.06    0.39    0.66 v _52_/Q (sky130_fd_sc_hd__dfrtp_1)
     4    0.01                           net4 (net)
                  0.06    0.00    0.66 v output4/A (sky130_fd_sc_hd__clkbuf_4)
                  0.08    0.20    0.86 v output4/X (sky130_fd_sc_hd__clkbuf_4)
     1    0.03                           debug_out[2] (net)
                  0.08    0.00    0.86 v debug_out[2] (out)
                                  0.86   data arrival time

                         10.00   10.00   clock clk (rise edge)
                          0.00   10.00   clock network delay (propagated)
                         -0.25    9.75   clock uncertainty
                          0.00    9.75   clock reconvergence pessimism
                         -2.00    7.75   output external delay
                                  7.75   data required time
-----------------------------------------------------------------------------
                                  7.75   data required time
                                 -0.86   data arrival time
-----------------------------------------------------------------------------
                                  6.89   slack (MET)


Startpoint: _55_ (rising edge-triggered flip-flop clocked by clk)
Endpoint: debug_out[5] (output port clocked by clk)
Path Group: clk
Path Type: max

Fanout     Cap    Slew   Delay    Time   Description
-----------------------------------------------------------------------------
                          0.00    0.00   clock clk (rise edge)
                          0.00    0.00   clock source latency
                  0.04    0.03    0.03 ^ clk (in)
     1    0.01                           clk (net)
                  0.04    0.00    0.03 ^ clkbuf_0_clk/A (sky130_fd_sc_hd__clkbuf_16)
                  0.04    0.13    0.16 ^ clkbuf_0_clk/X (sky130_fd_sc_hd__clkbuf_16)
     2    0.02                           clknet_0_clk (net)
                  0.04    0.00    0.16 ^ clkbuf_1_1__f_clk/A (sky130_fd_sc_hd__clkbuf_16)
                  0.03    0.12    0.27 ^ clkbuf_1_1__f_clk/X (sky130_fd_sc_hd__clkbuf_16)
     4    0.01                           clknet_1_1__leaf_clk (net)
                  0.03    0.00    0.27 ^ _55_/CLK (sky130_fd_sc_hd__dfrtp_1)
                  0.06    0.39    0.66 v _55_/Q (sky130_fd_sc_hd__dfrtp_1)
     4    0.01                           net7 (net)
                  0.06    0.00    0.66 v output7/A (sky130_fd_sc_hd__clkbuf_4)
                  0.08    0.20    0.86 v output7/X (sky130_fd_sc_hd__clkbuf_4)
     1    0.03                           debug_out[5] (net)
                  0.08    0.00    0.86 v debug_out[5] (out)
                                  0.86   data arrival time

                         10.00   10.00   clock clk (rise edge)
                          0.00   10.00   clock network delay (propagated)
                         -0.25    9.75   clock uncertainty
                          0.00    9.75   clock reconvergence pessimism
                         -2.00    7.75   output external delay
                                  7.75   data required time
-----------------------------------------------------------------------------
                                  7.75   data required time
                                 -0.86   data arrival time
-----------------------------------------------------------------------------
                                  6.89   slack (MET)


Startpoint: _54_ (rising edge-triggered flip-flop clocked by clk)
Endpoint: debug_out[4] (output port clocked by clk)
Path Group: clk
Path Type: max

Fanout     Cap    Slew   Delay    Time   Description
-----------------------------------------------------------------------------
                          0.00    0.00   clock clk (rise edge)
                          0.00    0.00   clock source latency
                  0.04    0.03    0.03 ^ clk (in)
     1    0.01                           clk (net)
                  0.04    0.00    0.03 ^ clkbuf_0_clk/A (sky130_fd_sc_hd__clkbuf_16)
                  0.04    0.13    0.16 ^ clkbuf_0_clk/X (sky130_fd_sc_hd__clkbuf_16)
     2    0.02                           clknet_0_clk (net)
                  0.04    0.00    0.16 ^ clkbuf_1_1__f_clk/A (sky130_fd_sc_hd__clkbuf_16)
                  0.03    0.12    0.27 ^ clkbuf_1_1__f_clk/X (sky130_fd_sc_hd__clkbuf_16)
     4    0.01                           clknet_1_1__leaf_clk (net)
                  0.03    0.00    0.27 ^ _54_/CLK (sky130_fd_sc_hd__dfrtp_1)
                  0.06    0.39    0.66 v _54_/Q (sky130_fd_sc_hd__dfrtp_1)
     4    0.01                           net6 (net)
                  0.06    0.00    0.66 v output6/A (sky130_fd_sc_hd__clkbuf_4)
                  0.08    0.20    0.86 v output6/X (sky130_fd_sc_hd__clkbuf_4)
     1    0.03                           debug_out[4] (net)
                  0.08    0.00    0.86 v debug_out[4] (out)
                                  0.86   data arrival time

                         10.00   10.00   clock clk (rise edge)
                          0.00   10.00   clock network delay (propagated)
                         -0.25    9.75   clock uncertainty
                          0.00    9.75   clock reconvergence pessimism
                         -2.00    7.75   output external delay
                                  7.75   data required time
-----------------------------------------------------------------------------
                                  7.75   data required time
                                 -0.86   data arrival time
-----------------------------------------------------------------------------
                                  6.89   slack (MET)


Startpoint: _53_ (rising edge-triggered flip-flop clocked by clk)
Endpoint: debug_out[3] (output port clocked by clk)
Path Group: clk
Path Type: max

Fanout     Cap    Slew   Delay    Time   Description
-----------------------------------------------------------------------------
                          0.00    0.00   clock clk (rise edge)
                          0.00    0.00   clock source latency
                  0.04    0.03    0.03 ^ clk (in)
     1    0.01                           clk (net)
                  0.04    0.00    0.03 ^ clkbuf_0_clk/A (sky130_fd_sc_hd__clkbuf_16)
                  0.04    0.13    0.16 ^ clkbuf_0_clk/X (sky130_fd_sc_hd__clkbuf_16)
     2    0.02                           clknet_0_clk (net)
                  0.04    0.00    0.16 ^ clkbuf_1_0__f_clk/A (sky130_fd_sc_hd__clkbuf_16)
                  0.03    0.12    0.27 ^ clkbuf_1_0__f_clk/X (sky130_fd_sc_hd__clkbuf_16)
     4    0.01                           clknet_1_0__leaf_clk (net)
                  0.03    0.00    0.27 ^ _53_/CLK (sky130_fd_sc_hd__dfrtp_1)
                  0.05    0.38    0.65 v _53_/Q (sky130_fd_sc_hd__dfrtp_1)
     3    0.01                           net5 (net)
                  0.05    0.00    0.65 v output5/A (sky130_fd_sc_hd__clkbuf_4)
                  0.08    0.19    0.85 v output5/X (sky130_fd_sc_hd__clkbuf_4)
     1    0.03                           debug_out[3] (net)
                  0.08    0.00    0.85 v debug_out[3] (out)
                                  0.85   data arrival time

                         10.00   10.00   clock clk (rise edge)
                          0.00   10.00   clock network delay (propagated)
                         -0.25    9.75   clock uncertainty
                          0.00    9.75   clock reconvergence pessimism
                         -2.00    7.75   output external delay
                                  7.75   data required time
-----------------------------------------------------------------------------
                                  7.75   data required time
                                 -0.85   data arrival time
-----------------------------------------------------------------------------
                                  6.90   slack (MET)


Startpoint: _56_ (rising edge-triggered flip-flop clocked by clk)
Endpoint: debug_out[6] (output port clocked by clk)
Path Group: clk
Path Type: max

Fanout     Cap    Slew   Delay    Time   Description
-----------------------------------------------------------------------------
                          0.00    0.00   clock clk (rise edge)
                          0.00    0.00   clock source latency
                  0.04    0.03    0.03 ^ clk (in)
     1    0.01                           clk (net)
                  0.04    0.00    0.03 ^ clkbuf_0_clk/A (sky130_fd_sc_hd__clkbuf_16)
                  0.04    0.13    0.16 ^ clkbuf_0_clk/X (sky130_fd_sc_hd__clkbuf_16)
     2    0.02                           clknet_0_clk (net)
                  0.04    0.00    0.16 ^ clkbuf_1_1__f_clk/A (sky130_fd_sc_hd__clkbuf_16)
                  0.03    0.12    0.27 ^ clkbuf_1_1__f_clk/X (sky130_fd_sc_hd__clkbuf_16)
     4    0.01                           clknet_1_1__leaf_clk (net)
                  0.03    0.00    0.27 ^ _56_/CLK (sky130_fd_sc_hd__dfrtp_1)
                  0.05    0.38    0.65 v _56_/Q (sky130_fd_sc_hd__dfrtp_1)
     3    0.01                           net8 (net)
                  0.05    0.00    0.65 v output8/A (sky130_fd_sc_hd__clkbuf_4)
                  0.08    0.19    0.84 v output8/X (sky130_fd_sc_hd__clkbuf_4)
     1    0.03                           debug_out[6] (net)
                  0.08    0.00    0.84 v debug_out[6] (out)
                                  0.84   data arrival time

                         10.00   10.00   clock clk (rise edge)
                          0.00   10.00   clock network delay (propagated)
                         -0.25    9.75   clock uncertainty
                          0.00    9.75   clock reconvergence pessimism
                         -2.00    7.75   output external delay
                                  7.75   data required time
-----------------------------------------------------------------------------
                                  7.75   data required time
                                 -0.84   data arrival time
-----------------------------------------------------------------------------
                                  6.91   slack (MET)


Startpoint: _57_ (rising edge-triggered flip-flop clocked by clk)
Endpoint: debug_out[7] (output port clocked by clk)
Path Group: clk
Path Type: max

Fanout     Cap    Slew   Delay    Time   Description
-----------------------------------------------------------------------------
                          0.00    0.00   clock clk (rise edge)
                          0.00    0.00   clock source latency
                  0.04    0.03    0.03 ^ clk (in)
     1    0.01                           clk (net)
                  0.04    0.00    0.03 ^ clkbuf_0_clk/A (sky130_fd_sc_hd__clkbuf_16)
                  0.04    0.13    0.16 ^ clkbuf_0_clk/X (sky130_fd_sc_hd__clkbuf_16)
     2    0.02                           clknet_0_clk (net)
                  0.04    0.00    0.16 ^ clkbuf_1_1__f_clk/A (sky130_fd_sc_hd__clkbuf_16)
                  0.03    0.12    0.27 ^ clkbuf_1_1__f_clk/X (sky130_fd_sc_hd__clkbuf_16)
     4    0.01                           clknet_1_1__leaf_clk (net)
                  0.03    0.00    0.27 ^ _57_/CLK (sky130_fd_sc_hd__dfrtp_1)
                  0.04    0.37    0.64 v _57_/Q (sky130_fd_sc_hd__dfrtp_1)
     2    0.00                           net9 (net)
                  0.04    0.00    0.64 v output9/A (sky130_fd_sc_hd__clkbuf_4)
                  0.08    0.19    0.83 v output9/X (sky130_fd_sc_hd__clkbuf_4)
     1    0.03                           debug_out[7] (net)
                  0.08    0.00    0.83 v debug_out[7] (out)
                                  0.83   data arrival time

                         10.00   10.00   clock clk (rise edge)
                          0.00   10.00   clock network delay (propagated)
                         -0.25    9.75   clock uncertainty
                          0.00    9.75   clock reconvergence pessimism
                         -2.00    7.75   output external delay
                                  7.75   data required time
-----------------------------------------------------------------------------
                                  7.75   data required time
                                 -0.83   data arrival time
-----------------------------------------------------------------------------
                                  6.92   slack (MET)


Startpoint: rst (input port clocked by clk)
Endpoint: _50_ (recovery check against rising-edge clock clk)
Path Group: asynchronous
Path Type: max

Fanout     Cap    Slew   Delay    Time   Description
-----------------------------------------------------------------------------
                          0.00    0.00   clock clk (rise edge)
                          0.00    0.00   clock network delay (propagated)
                          2.00    2.00 v input external delay
                  0.01    0.00    2.00 v rst (in)
     1    0.00                           rst (net)
                  0.01    0.00    2.00 v input1/A (sky130_fd_sc_hd__clkbuf_4)
                  0.08    0.17    2.18 v input1/X (sky130_fd_sc_hd__clkbuf_4)
     8    0.03                           net1 (net)
                  0.08    0.00    2.18 v _42_/A (sky130_fd_sc_hd__inv_2)
                  0.03    0.06    2.24 ^ _42_/Y (sky130_fd_sc_hd__inv_2)
     1    0.00                           _08_ (net)
                  0.03    0.00    2.24 ^ _50_/RESET_B (sky130_fd_sc_hd__dfrtp_1)
                                  2.24   data arrival time

                         10.00   10.00   clock clk (rise edge)
                          0.00   10.00   clock source latency
                  0.04    0.03   10.03 ^ clk (in)
     1    0.01                           clk (net)
                  0.04    0.00   10.03 ^ clkbuf_0_clk/A (sky130_fd_sc_hd__clkbuf_16)
                  0.04    0.11   10.14 ^ clkbuf_0_clk/X (sky130_fd_sc_hd__clkbuf_16)
     2    0.02                           clknet_0_clk (net)
                  0.04    0.00   10.14 ^ clkbuf_1_0__f_clk/A (sky130_fd_sc_hd__clkbuf_16)
                  0.03    0.11   10.25 ^ clkbuf_1_0__f_clk/X (sky130_fd_sc_hd__clkbuf_16)
     4    0.01                           clknet_1_0__leaf_clk (net)
                  0.03    0.00   10.25 ^ _50_/CLK (sky130_fd_sc_hd__dfrtp_1)
                         -0.25   10.00   clock uncertainty
                          0.00   10.00   clock reconvergence pessimism
                          0.23   10.23   library recovery time
                                 10.23   data required time
-----------------------------------------------------------------------------
                                 10.23   data required time
                                 -2.24   data arrival time
-----------------------------------------------------------------------------
                                  7.99   slack (MET)


Startpoint: rst (input port clocked by clk)
Endpoint: _51_ (recovery check against rising-edge clock clk)
Path Group: asynchronous
Path Type: max

Fanout     Cap    Slew   Delay    Time   Description
-----------------------------------------------------------------------------
                          0.00    0.00   clock clk (rise edge)
                          0.00    0.00   clock network delay (propagated)
                          2.00    2.00 v input external delay
                  0.01    0.00    2.00 v rst (in)
     1    0.00                           rst (net)
                  0.01    0.00    2.00 v input1/A (sky130_fd_sc_hd__clkbuf_4)
                  0.08    0.17    2.18 v input1/X (sky130_fd_sc_hd__clkbuf_4)
     8    0.03                           net1 (net)
                  0.08    0.00    2.18 v _43_/A (sky130_fd_sc_hd__inv_2)
                  0.03    0.06    2.24 ^ _43_/Y (sky130_fd_sc_hd__inv_2)
     1    0.00                           _09_ (net)
                  0.03    0.00    2.24 ^ _51_/RESET_B (sky130_fd_sc_hd__dfrtp_1)
                                  2.24   data arrival time

                         10.00   10.00   clock clk (rise edge)
                          0.00   10.00   clock source latency
                  0.04    0.03   10.03 ^ clk (in)
     1    0.01                           clk (net)
                  0.04    0.00   10.03 ^ clkbuf_0_clk/A (sky130_fd_sc_hd__clkbuf_16)
                  0.04    0.11   10.14 ^ clkbuf_0_clk/X (sky130_fd_sc_hd__clkbuf_16)
     2    0.02                           clknet_0_clk (net)
                  0.04    0.00   10.14 ^ clkbuf_1_0__f_clk/A (sky130_fd_sc_hd__clkbuf_16)
                  0.03    0.11   10.25 ^ clkbuf_1_0__f_clk/X (sky130_fd_sc_hd__clkbuf_16)
     4    0.01                           clknet_1_0__leaf_clk (net)
                  0.03    0.00   10.25 ^ _51_/CLK (sky130_fd_sc_hd__dfrtp_1)
                         -0.25   10.00   clock uncertainty
                          0.00   10.00   clock reconvergence pessimism
                          0.23   10.23   library recovery time
                                 10.23   data required time
-----------------------------------------------------------------------------
                                 10.23   data required time
                                 -2.24   data arrival time
-----------------------------------------------------------------------------
                                  7.99   slack (MET)


Startpoint: rst (input port clocked by clk)
Endpoint: _52_ (recovery check against rising-edge clock clk)
Path Group: asynchronous
Path Type: max

Fanout     Cap    Slew   Delay    Time   Description
-----------------------------------------------------------------------------
                          0.00    0.00   clock clk (rise edge)
                          0.00    0.00   clock network delay (propagated)
                          2.00    2.00 v input external delay
                  0.01    0.00    2.00 v rst (in)
     1    0.00                           rst (net)
                  0.01    0.00    2.00 v input1/A (sky130_fd_sc_hd__clkbuf_4)
                  0.08    0.17    2.18 v input1/X (sky130_fd_sc_hd__clkbuf_4)
     8    0.03                           net1 (net)
                  0.08    0.00    2.18 v _44_/A (sky130_fd_sc_hd__inv_2)
                  0.03    0.06    2.24 ^ _44_/Y (sky130_fd_sc_hd__inv_2)
     1    0.00                           _10_ (net)
                  0.03    0.00    2.24 ^ _52_/RESET_B (sky130_fd_sc_hd__dfrtp_1)
                                  2.24   data arrival time

                         10.00   10.00   clock clk (rise edge)
                          0.00   10.00   clock source latency
                  0.04    0.03   10.03 ^ clk (in)
     1    0.01                           clk (net)
                  0.04    0.00   10.03 ^ clkbuf_0_clk/A (sky130_fd_sc_hd__clkbuf_16)
                  0.04    0.11   10.14 ^ clkbuf_0_clk/X (sky130_fd_sc_hd__clkbuf_16)
     2    0.02                           clknet_0_clk (net)
                  0.04    0.00   10.14 ^ clkbuf_1_0__f_clk/A (sky130_fd_sc_hd__clkbuf_16)
                  0.03    0.11   10.25 ^ clkbuf_1_0__f_clk/X (sky130_fd_sc_hd__clkbuf_16)
     4    0.01                           clknet_1_0__leaf_clk (net)
                  0.03    0.00   10.25 ^ _52_/CLK (sky130_fd_sc_hd__dfrtp_1)
                         -0.25   10.00   clock uncertainty
                          0.00   10.00   clock reconvergence pessimism
                          0.23   10.23   library recovery time
                                 10.23   data required time
-----------------------------------------------------------------------------
                                 10.23   data required time
                                 -2.24   data arrival time
-----------------------------------------------------------------------------
                                  7.99   slack (MET)


Startpoint: rst (input port clocked by clk)
Endpoint: _53_ (recovery check against rising-edge clock clk)
Path Group: asynchronous
Path Type: max

Fanout     Cap    Slew   Delay    Time   Description
-----------------------------------------------------------------------------
                          0.00    0.00   clock clk (rise edge)
                          0.00    0.00   clock network delay (propagated)
                          2.00    2.00 v input external delay
                  0.01    0.00    2.00 v rst (in)
     1    0.00                           rst (net)
                  0.01    0.00    2.00 v input1/A (sky130_fd_sc_hd__clkbuf_4)
                  0.08    0.17    2.18 v input1/X (sky130_fd_sc_hd__clkbuf_4)
     8    0.03                           net1 (net)
                  0.08    0.00    2.18 v _45_/A (sky130_fd_sc_hd__inv_2)
                  0.03    0.06    2.24 ^ _45_/Y (sky130_fd_sc_hd__inv_2)
     1    0.00                           _11_ (net)
                  0.03    0.00    2.24 ^ _53_/RESET_B (sky130_fd_sc_hd__dfrtp_1)
                                  2.24   data arrival time

                         10.00   10.00   clock clk (rise edge)
                          0.00   10.00   clock source latency
                  0.04    0.03   10.03 ^ clk (in)
     1    0.01                           clk (net)
                  0.04    0.00   10.03 ^ clkbuf_0_clk/A (sky130_fd_sc_hd__clkbuf_16)
                  0.04    0.11   10.14 ^ clkbuf_0_clk/X (sky130_fd_sc_hd__clkbuf_16)
     2    0.02                           clknet_0_clk (net)
                  0.04    0.00   10.14 ^ clkbuf_1_0__f_clk/A (sky130_fd_sc_hd__clkbuf_16)
                  0.03    0.11   10.25 ^ clkbuf_1_0__f_clk/X (sky130_fd_sc_hd__clkbuf_16)
     4    0.01                           clknet_1_0__leaf_clk (net)
                  0.03    0.00   10.25 ^ _53_/CLK (sky130_fd_sc_hd__dfrtp_1)
                         -0.25   10.00   clock uncertainty
                          0.00   10.00   clock reconvergence pessimism
                          0.23   10.23   library recovery time
                                 10.23   data required time
-----------------------------------------------------------------------------
                                 10.23   data required time
                                 -2.24   data arrival time
-----------------------------------------------------------------------------
                                  7.99   slack (MET)


Startpoint: rst (input port clocked by clk)
Endpoint: _54_ (recovery check against rising-edge clock clk)
Path Group: asynchronous
Path Type: max

Fanout     Cap    Slew   Delay    Time   Description
-----------------------------------------------------------------------------
                          0.00    0.00   clock clk (rise edge)
                          0.00    0.00   clock network delay (propagated)
                          2.00    2.00 v input external delay
                  0.01    0.00    2.00 v rst (in)
     1    0.00                           rst (net)
                  0.01    0.00    2.00 v input1/A (sky130_fd_sc_hd__clkbuf_4)
                  0.08    0.17    2.18 v input1/X (sky130_fd_sc_hd__clkbuf_4)
     8    0.03                           net1 (net)
                  0.08    0.00    2.18 v _46_/A (sky130_fd_sc_hd__inv_2)
                  0.03    0.06    2.24 ^ _46_/Y (sky130_fd_sc_hd__inv_2)
     1    0.00                           _12_ (net)
                  0.03    0.00    2.24 ^ _54_/RESET_B (sky130_fd_sc_hd__dfrtp_1)
                                  2.24   data arrival time

                         10.00   10.00   clock clk (rise edge)
                          0.00   10.00   clock source latency
                  0.04    0.03   10.03 ^ clk (in)
     1    0.01                           clk (net)
                  0.04    0.00   10.03 ^ clkbuf_0_clk/A (sky130_fd_sc_hd__clkbuf_16)
                  0.04    0.11   10.14 ^ clkbuf_0_clk/X (sky130_fd_sc_hd__clkbuf_16)
     2    0.02                           clknet_0_clk (net)
                  0.04    0.00   10.14 ^ clkbuf_1_1__f_clk/A (sky130_fd_sc_hd__clkbuf_16)
                  0.03    0.11   10.25 ^ clkbuf_1_1__f_clk/X (sky130_fd_sc_hd__clkbuf_16)
     4    0.01                           clknet_1_1__leaf_clk (net)
                  0.03    0.00   10.25 ^ _54_/CLK (sky130_fd_sc_hd__dfrtp_1)
                         -0.25   10.00   clock uncertainty
                          0.00   10.00   clock reconvergence pessimism
                          0.23   10.23   library recovery time
                                 10.23   data required time
-----------------------------------------------------------------------------
                                 10.23   data required time
                                 -2.24   data arrival time
-----------------------------------------------------------------------------
                                  7.99   slack (MET)


Startpoint: rst (input port clocked by clk)
Endpoint: _55_ (recovery check against rising-edge clock clk)
Path Group: asynchronous
Path Type: max

Fanout     Cap    Slew   Delay    Time   Description
-----------------------------------------------------------------------------
                          0.00    0.00   clock clk (rise edge)
                          0.00    0.00   clock network delay (propagated)
                          2.00    2.00 v input external delay
                  0.01    0.00    2.00 v rst (in)
     1    0.00                           rst (net)
                  0.01    0.00    2.00 v input1/A (sky130_fd_sc_hd__clkbuf_4)
                  0.08    0.17    2.18 v input1/X (sky130_fd_sc_hd__clkbuf_4)
     8    0.03                           net1 (net)
                  0.08    0.00    2.18 v _47_/A (sky130_fd_sc_hd__inv_2)
                  0.03    0.06    2.24 ^ _47_/Y (sky130_fd_sc_hd__inv_2)
     1    0.00                           _13_ (net)
                  0.03    0.00    2.24 ^ _55_/RESET_B (sky130_fd_sc_hd__dfrtp_1)
                                  2.24   data arrival time

                         10.00   10.00   clock clk (rise edge)
                          0.00   10.00   clock source latency
                  0.04    0.03   10.03 ^ clk (in)
     1    0.01                           clk (net)
                  0.04    0.00   10.03 ^ clkbuf_0_clk/A (sky130_fd_sc_hd__clkbuf_16)
                  0.04    0.11   10.14 ^ clkbuf_0_clk/X (sky130_fd_sc_hd__clkbuf_16)
     2    0.02                           clknet_0_clk (net)
                  0.04    0.00   10.14 ^ clkbuf_1_1__f_clk/A (sky130_fd_sc_hd__clkbuf_16)
                  0.03    0.11   10.25 ^ clkbuf_1_1__f_clk/X (sky130_fd_sc_hd__clkbuf_16)
     4    0.01                           clknet_1_1__leaf_clk (net)
                  0.03    0.00   10.25 ^ _55_/CLK (sky130_fd_sc_hd__dfrtp_1)
                         -0.25   10.00   clock uncertainty
                          0.00   10.00   clock reconvergence pessimism
                          0.23   10.23   library recovery time
                                 10.23   data required time
-----------------------------------------------------------------------------
                                 10.23   data required time
                                 -2.24   data arrival time
-----------------------------------------------------------------------------
                                  7.99   slack (MET)


Startpoint: rst (input port clocked by clk)
Endpoint: _56_ (recovery check against rising-edge clock clk)
Path Group: asynchronous
Path Type: max

Fanout     Cap    Slew   Delay    Time   Description
-----------------------------------------------------------------------------
                          0.00    0.00   clock clk (rise edge)
                          0.00    0.00   clock network delay (propagated)
                          2.00    2.00 v input external delay
                  0.01    0.00    2.00 v rst (in)
     1    0.00                           rst (net)
                  0.01    0.00    2.00 v input1/A (sky130_fd_sc_hd__clkbuf_4)
                  0.08    0.17    2.18 v input1/X (sky130_fd_sc_hd__clkbuf_4)
     8    0.03                           net1 (net)
                  0.08    0.00    2.18 v _48_/A (sky130_fd_sc_hd__inv_2)
                  0.03    0.06    2.24 ^ _48_/Y (sky130_fd_sc_hd__inv_2)
     1    0.00                           _14_ (net)
                  0.03    0.00    2.24 ^ _56_/RESET_B (sky130_fd_sc_hd__dfrtp_1)
                                  2.24   data arrival time

                         10.00   10.00   clock clk (rise edge)
                          0.00   10.00   clock source latency
                  0.04    0.03   10.03 ^ clk (in)
     1    0.01                           clk (net)
                  0.04    0.00   10.03 ^ clkbuf_0_clk/A (sky130_fd_sc_hd__clkbuf_16)
                  0.04    0.11   10.14 ^ clkbuf_0_clk/X (sky130_fd_sc_hd__clkbuf_16)
     2    0.02                           clknet_0_clk (net)
                  0.04    0.00   10.14 ^ clkbuf_1_1__f_clk/A (sky130_fd_sc_hd__clkbuf_16)
                  0.03    0.11   10.25 ^ clkbuf_1_1__f_clk/X (sky130_fd_sc_hd__clkbuf_16)
     4    0.01                           clknet_1_1__leaf_clk (net)
                  0.03    0.00   10.25 ^ _56_/CLK (sky130_fd_sc_hd__dfrtp_1)
                         -0.25   10.00   clock uncertainty
                          0.00   10.00   clock reconvergence pessimism
                          0.23   10.23   library recovery time
                                 10.23   data required time
-----------------------------------------------------------------------------
                                 10.23   data required time
                                 -2.24   data arrival time
-----------------------------------------------------------------------------
                                  7.99   slack (MET)


Startpoint: rst (input port clocked by clk)
Endpoint: _57_ (recovery check against rising-edge clock clk)
Path Group: asynchronous
Path Type: max

Fanout     Cap    Slew   Delay    Time   Description
-----------------------------------------------------------------------------
                          0.00    0.00   clock clk (rise edge)
                          0.00    0.00   clock network delay (propagated)
                          2.00    2.00 v input external delay
                  0.01    0.00    2.00 v rst (in)
     1    0.00                           rst (net)
                  0.01    0.00    2.00 v input1/A (sky130_fd_sc_hd__clkbuf_4)
                  0.08    0.17    2.18 v input1/X (sky130_fd_sc_hd__clkbuf_4)
     8    0.03                           net1 (net)
                  0.08    0.00    2.18 v _49_/A (sky130_fd_sc_hd__inv_2)
                  0.03    0.06    2.24 ^ _49_/Y (sky130_fd_sc_hd__inv_2)
     1    0.00                           _15_ (net)
                  0.03    0.00    2.24 ^ _57_/RESET_B (sky130_fd_sc_hd__dfrtp_1)
                                  2.24   data arrival time

                         10.00   10.00   clock clk (rise edge)
                          0.00   10.00   clock source latency
                  0.04    0.03   10.03 ^ clk (in)
     1    0.01                           clk (net)
                  0.04    0.00   10.03 ^ clkbuf_0_clk/A (sky130_fd_sc_hd__clkbuf_16)
                  0.04    0.11   10.14 ^ clkbuf_0_clk/X (sky130_fd_sc_hd__clkbuf_16)
     2    0.02                           clknet_0_clk (net)
                  0.04    0.00   10.14 ^ clkbuf_1_1__f_clk/A (sky130_fd_sc_hd__clkbuf_16)
                  0.03    0.11   10.25 ^ clkbuf_1_1__f_clk/X (sky130_fd_sc_hd__clkbuf_16)
     4    0.01                           clknet_1_1__leaf_clk (net)
                  0.03    0.00   10.25 ^ _57_/CLK (sky130_fd_sc_hd__dfrtp_1)
                         -0.25   10.00   clock uncertainty
                          0.00   10.00   clock reconvergence pessimism
                          0.23   10.23   library recovery time
                                 10.23   data required time
-----------------------------------------------------------------------------
                                 10.23   data required time
                                 -2.24   data arrival time
-----------------------------------------------------------------------------
                                  7.99   slack (MET)


Startpoint: _54_ (rising edge-triggered flip-flop clocked by clk)
Endpoint: _55_ (rising edge-triggered flip-flop clocked by clk)
Path Group: clk
Path Type: max

Fanout     Cap    Slew   Delay    Time   Description
-----------------------------------------------------------------------------
                          0.00    0.00   clock clk (rise edge)
                          0.00    0.00   clock source latency
                  0.04    0.03    0.03 ^ clk (in)
     1    0.01                           clk (net)
                  0.04    0.00    0.03 ^ clkbuf_0_clk/A (sky130_fd_sc_hd__clkbuf_16)
                  0.04    0.13    0.16 ^ clkbuf_0_clk/X (sky130_fd_sc_hd__clkbuf_16)
     2    0.02                           clknet_0_clk (net)
                  0.04    0.00    0.16 ^ clkbuf_1_1__f_clk/A (sky130_fd_sc_hd__clkbuf_16)
                  0.03    0.12    0.27 ^ clkbuf_1_1__f_clk/X (sky130_fd_sc_hd__clkbuf_16)
     4    0.01                           clknet_1_1__leaf_clk (net)
                  0.03    0.00    0.27 ^ _54_/CLK (sky130_fd_sc_hd__dfrtp_1)
                  0.06    0.39    0.66 v _54_/Q (sky130_fd_sc_hd__dfrtp_1)
     4    0.01                           net6 (net)
                  0.06    0.00    0.66 v hold5/A (sky130_fd_sc_hd__dlygate4sd3_1)
                  0.07    0.61    1.27 v hold5/X (sky130_fd_sc_hd__dlygate4sd3_1)
     2    0.01                           net14 (net)
                  0.07    0.00    1.27 v _37_/A1 (sky130_fd_sc_hd__a21oi_1)
                  0.10    0.13    1.40 ^ _37_/Y (sky130_fd_sc_hd__a21oi_1)
     1    0.00                           _23_ (net)
                  0.10    0.00    1.40 ^ _38_/B (sky130_fd_sc_hd__nor2_1)
                  0.03    0.05    1.44 v _38_/Y (sky130_fd_sc_hd__nor2_1)
     1    0.00                           _05_ (net)
                  0.03    0.00    1.44 v _55_/D (sky130_fd_sc_hd__dfrtp_1)
                                  1.44   data arrival time

                         10.00   10.00   clock clk (rise edge)
                          0.00   10.00   clock source latency
                  0.04    0.03   10.03 ^ clk (in)
     1    0.01                           clk (net)
                  0.04    0.00   10.03 ^ clkbuf_0_clk/A (sky130_fd_sc_hd__clkbuf_16)
                  0.04    0.11   10.14 ^ clkbuf_0_clk/X (sky130_fd_sc_hd__clkbuf_16)
     2    0.02                           clknet_0_clk (net)
                  0.04    0.00   10.14 ^ clkbuf_1_1__f_clk/A (sky130_fd_sc_hd__clkbuf_16)
                  0.03    0.11   10.25 ^ clkbuf_1_1__f_clk/X (sky130_fd_sc_hd__clkbuf_16)
     4    0.01                           clknet_1_1__leaf_clk (net)
                  0.03    0.00   10.25 ^ _55_/CLK (sky130_fd_sc_hd__dfrtp_1)
                         -0.25   10.00   clock uncertainty
                          0.03   10.02   clock reconvergence pessimism
                         -0.11    9.91   library setup time
                                  9.91   data required time
-----------------------------------------------------------------------------
                                  9.91   data required time
                                 -1.44   data arrival time
-----------------------------------------------------------------------------
                                  8.47   slack (MET)


Startpoint: _54_ (rising edge-triggered flip-flop clocked by clk)
Endpoint: _54_ (rising edge-triggered flip-flop clocked by clk)
Path Group: clk
Path Type: max

Fanout     Cap    Slew   Delay    Time   Description
-----------------------------------------------------------------------------
                          0.00    0.00   clock clk (rise edge)
                          0.00    0.00   clock source latency
                  0.04    0.03    0.03 ^ clk (in)
     1    0.01                           clk (net)
                  0.04    0.00    0.03 ^ clkbuf_0_clk/A (sky130_fd_sc_hd__clkbuf_16)
                  0.04    0.13    0.16 ^ clkbuf_0_clk/X (sky130_fd_sc_hd__clkbuf_16)
     2    0.02                           clknet_0_clk (net)
                  0.04    0.00    0.16 ^ clkbuf_1_1__f_clk/A (sky130_fd_sc_hd__clkbuf_16)
                  0.03    0.12    0.27 ^ clkbuf_1_1__f_clk/X (sky130_fd_sc_hd__clkbuf_16)
     4    0.01                           clknet_1_1__leaf_clk (net)
                  0.03    0.00    0.27 ^ _54_/CLK (sky130_fd_sc_hd__dfrtp_1)
                  0.06    0.39    0.66 v _54_/Q (sky130_fd_sc_hd__dfrtp_1)
     4    0.01                           net6 (net)
                  0.06    0.00    0.66 v hold5/A (sky130_fd_sc_hd__dlygate4sd3_1)
                  0.07    0.61    1.27 v hold5/X (sky130_fd_sc_hd__dlygate4sd3_1)
     2    0.01                           net14 (net)
                  0.07    0.00    1.27 v _35_/A (sky130_fd_sc_hd__xor2_1)
                  0.04    0.17    1.44 v _35_/X (sky130_fd_sc_hd__xor2_1)
     1    0.00                           _04_ (net)
                  0.04    0.00    1.44 v _54_/D (sky130_fd_sc_hd__dfrtp_1)
                                  1.44   data arrival time

                         10.00   10.00   clock clk (rise edge)
                          0.00   10.00   clock source latency
                  0.04    0.03   10.03 ^ clk (in)
     1    0.01                           clk (net)
                  0.04    0.00   10.03 ^ clkbuf_0_clk/A (sky130_fd_sc_hd__clkbuf_16)
                  0.04    0.11   10.14 ^ clkbuf_0_clk/X (sky130_fd_sc_hd__clkbuf_16)
     2    0.02                           clknet_0_clk (net)
                  0.04    0.00   10.14 ^ clkbuf_1_1__f_clk/A (sky130_fd_sc_hd__clkbuf_16)
                  0.03    0.11   10.25 ^ clkbuf_1_1__f_clk/X (sky130_fd_sc_hd__clkbuf_16)
     4    0.01                           clknet_1_1__leaf_clk (net)
                  0.03    0.00   10.25 ^ _54_/CLK (sky130_fd_sc_hd__dfrtp_1)
                         -0.25   10.00   clock uncertainty
                          0.03   10.02   clock reconvergence pessimism
                         -0.12    9.91   library setup time
                                  9.91   data required time
-----------------------------------------------------------------------------
                                  9.91   data required time
                                 -1.44   data arrival time
-----------------------------------------------------------------------------
                                  8.47   slack (MET)


Startpoint: _56_ (rising edge-triggered flip-flop clocked by clk)
Endpoint: _56_ (rising edge-triggered flip-flop clocked by clk)
Path Group: clk
Path Type: max

Fanout     Cap    Slew   Delay    Time   Description
-----------------------------------------------------------------------------
                          0.00    0.00   clock clk (rise edge)
                          0.00    0.00   clock source latency
                  0.04    0.03    0.03 ^ clk (in)
     1    0.01                           clk (net)
                  0.04    0.00    0.03 ^ clkbuf_0_clk/A (sky130_fd_sc_hd__clkbuf_16)
                  0.04    0.13    0.16 ^ clkbuf_0_clk/X (sky130_fd_sc_hd__clkbuf_16)
     2    0.02                           clknet_0_clk (net)
                  0.04    0.00    0.16 ^ clkbuf_1_1__f_clk/A (sky130_fd_sc_hd__clkbuf_16)
                  0.03    0.12    0.27 ^ clkbuf_1_1__f_clk/X (sky130_fd_sc_hd__clkbuf_16)
     4    0.01                           clknet_1_1__leaf_clk (net)
                  0.03    0.00    0.27 ^ _56_/CLK (sky130_fd_sc_hd__dfrtp_1)
                  0.05    0.38    0.65 v _56_/Q (sky130_fd_sc_hd__dfrtp_1)
     3    0.01                           net8 (net)
                  0.05    0.00    0.65 v hold3/A (sky130_fd_sc_hd__dlygate4sd3_1)
                  0.06    0.59    1.24 v hold3/X (sky130_fd_sc_hd__dlygate4sd3_1)
     1    0.00                           net12 (net)
                  0.06    0.00    1.24 v _39_/A (sky130_fd_sc_hd__xor2_1)
                  0.04    0.16    1.40 v _39_/X (sky130_fd_sc_hd__xor2_1)
     1    0.00                           _06_ (net)
                  0.04    0.00    1.40 v _56_/D (sky130_fd_sc_hd__dfrtp_1)
                                  1.40   data arrival time

                         10.00   10.00   clock clk (rise edge)
                          0.00   10.00   clock source latency
                  0.04    0.03   10.03 ^ clk (in)
     1    0.01                           clk (net)
                  0.04    0.00   10.03 ^ clkbuf_0_clk/A (sky130_fd_sc_hd__clkbuf_16)
                  0.04    0.11   10.14 ^ clkbuf_0_clk/X (sky130_fd_sc_hd__clkbuf_16)
     2    0.02                           clknet_0_clk (net)
                  0.04    0.00   10.14 ^ clkbuf_1_1__f_clk/A (sky130_fd_sc_hd__clkbuf_16)
                  0.03    0.11   10.25 ^ clkbuf_1_1__f_clk/X (sky130_fd_sc_hd__clkbuf_16)
     4    0.01                           clknet_1_1__leaf_clk (net)
                  0.03    0.00   10.25 ^ _56_/CLK (sky130_fd_sc_hd__dfrtp_1)
                         -0.25   10.00   clock uncertainty
                          0.03   10.02   clock reconvergence pessimism
                         -0.12    9.91   library setup time
                                  9.91   data required time
-----------------------------------------------------------------------------
                                  9.91   data required time
                                 -1.40   data arrival time
-----------------------------------------------------------------------------
                                  8.50   slack (MET)


Startpoint: _57_ (rising edge-triggered flip-flop clocked by clk)
Endpoint: _57_ (rising edge-triggered flip-flop clocked by clk)
Path Group: clk
Path Type: max

Fanout     Cap    Slew   Delay    Time   Description
-----------------------------------------------------------------------------
                          0.00    0.00   clock clk (rise edge)
                          0.00    0.00   clock source latency
                  0.04    0.03    0.03 ^ clk (in)
     1    0.01                           clk (net)
                  0.04    0.00    0.03 ^ clkbuf_0_clk/A (sky130_fd_sc_hd__clkbuf_16)
                  0.04    0.13    0.16 ^ clkbuf_0_clk/X (sky130_fd_sc_hd__clkbuf_16)
     2    0.02                           clknet_0_clk (net)
                  0.04    0.00    0.16 ^ clkbuf_1_1__f_clk/A (sky130_fd_sc_hd__clkbuf_16)
                  0.03    0.12    0.27 ^ clkbuf_1_1__f_clk/X (sky130_fd_sc_hd__clkbuf_16)
     4    0.01                           clknet_1_1__leaf_clk (net)
                  0.03    0.00    0.27 ^ _57_/CLK (sky130_fd_sc_hd__dfrtp_1)
                  0.04    0.37    0.64 v _57_/Q (sky130_fd_sc_hd__dfrtp_1)
     2    0.00                           net9 (net)
                  0.04    0.00    0.64 v hold2/A (sky130_fd_sc_hd__dlygate4sd3_1)
                  0.06    0.59    1.23 v hold2/X (sky130_fd_sc_hd__dlygate4sd3_1)
     1    0.00                           net11 (net)
                  0.06    0.00    1.23 v _41_/A (sky130_fd_sc_hd__xor2_1)
                  0.04    0.16    1.39 v _41_/X (sky130_fd_sc_hd__xor2_1)
     1    0.00                           _07_ (net)
                  0.04    0.00    1.39 v _57_/D (sky130_fd_sc_hd__dfrtp_1)
                                  1.39   data arrival time

                         10.00   10.00   clock clk (rise edge)
                          0.00   10.00   clock source latency
                  0.04    0.03   10.03 ^ clk (in)
     1    0.01                           clk (net)
                  0.04    0.00   10.03 ^ clkbuf_0_clk/A (sky130_fd_sc_hd__clkbuf_16)
                  0.04    0.11   10.14 ^ clkbuf_0_clk/X (sky130_fd_sc_hd__clkbuf_16)
     2    0.02                           clknet_0_clk (net)
                  0.04    0.00   10.14 ^ clkbuf_1_1__f_clk/A (sky130_fd_sc_hd__clkbuf_16)
                  0.03    0.11   10.25 ^ clkbuf_1_1__f_clk/X (sky130_fd_sc_hd__clkbuf_16)
     4    0.01                           clknet_1_1__leaf_clk (net)
                  0.03    0.00   10.25 ^ _57_/CLK (sky130_fd_sc_hd__dfrtp_1)
                         -0.25   10.00   clock uncertainty
                          0.03   10.02   clock reconvergence pessimism
                         -0.12    9.91   library setup time
                                  9.91   data required time
-----------------------------------------------------------------------------
                                  9.91   data required time
                                 -1.39   data arrival time
-----------------------------------------------------------------------------
                                  8.51   slack (MET)


Startpoint: _52_ (rising edge-triggered flip-flop clocked by clk)
Endpoint: _52_ (rising edge-triggered flip-flop clocked by clk)
Path Group: clk
Path Type: max

Fanout     Cap    Slew   Delay    Time   Description
-----------------------------------------------------------------------------
                          0.00    0.00   clock clk (rise edge)
                          0.00    0.00   clock source latency
                  0.04    0.03    0.03 ^ clk (in)
     1    0.01                           clk (net)
                  0.04    0.00    0.03 ^ clkbuf_0_clk/A (sky130_fd_sc_hd__clkbuf_16)
                  0.04    0.13    0.16 ^ clkbuf_0_clk/X (sky130_fd_sc_hd__clkbuf_16)
     2    0.02                           clknet_0_clk (net)
                  0.04    0.00    0.16 ^ clkbuf_1_0__f_clk/A (sky130_fd_sc_hd__clkbuf_16)
                  0.03    0.12    0.27 ^ clkbuf_1_0__f_clk/X (sky130_fd_sc_hd__clkbuf_16)
     4    0.01                           clknet_1_0__leaf_clk (net)
                  0.03    0.00    0.27 ^ _52_/CLK (sky130_fd_sc_hd__dfrtp_1)
                  0.06    0.39    0.66 v _52_/Q (sky130_fd_sc_hd__dfrtp_1)
     4    0.01                           net4 (net)
                  0.06    0.00    0.66 v hold4/A (sky130_fd_sc_hd__dlygate4sd3_1)
                  0.06    0.59    1.26 v hold4/X (sky130_fd_sc_hd__dlygate4sd3_1)
     1    0.00                           net13 (net)
                  0.06    0.00    1.26 v _30_/A (sky130_fd_sc_hd__xnor2_1)
                  0.04    0.13    1.39 v _30_/Y (sky130_fd_sc_hd__xnor2_1)
     1    0.00                           _02_ (net)
                  0.04    0.00    1.39 v _52_/D (sky130_fd_sc_hd__dfrtp_1)
                                  1.39   data arrival time

                         10.00   10.00   clock clk (rise edge)
                          0.00   10.00   clock source latency
                  0.04    0.03   10.03 ^ clk (in)
     1    0.01                           clk (net)
                  0.04    0.00   10.03 ^ clkbuf_0_clk/A (sky130_fd_sc_hd__clkbuf_16)
                  0.04    0.11   10.14 ^ clkbuf_0_clk/X (sky130_fd_sc_hd__clkbuf_16)
     2    0.02                           clknet_0_clk (net)
                  0.04    0.00   10.14 ^ clkbuf_1_0__f_clk/A (sky130_fd_sc_hd__clkbuf_16)
                  0.03    0.11   10.25 ^ clkbuf_1_0__f_clk/X (sky130_fd_sc_hd__clkbuf_16)
     4    0.01                           clknet_1_0__leaf_clk (net)
                  0.03    0.00   10.25 ^ _52_/CLK (sky130_fd_sc_hd__dfrtp_1)
                         -0.25   10.00   clock uncertainty
                          0.03   10.02   clock reconvergence pessimism
                         -0.12    9.91   library setup time
                                  9.91   data required time
-----------------------------------------------------------------------------
                                  9.91   data required time
                                 -1.39   data arrival time
-----------------------------------------------------------------------------
                                  8.52   slack (MET)


Startpoint: _50_ (rising edge-triggered flip-flop clocked by clk)
Endpoint: _50_ (rising edge-triggered flip-flop clocked by clk)
Path Group: clk
Path Type: max

Fanout     Cap    Slew   Delay    Time   Description
-----------------------------------------------------------------------------
                          0.00    0.00   clock clk (rise edge)
                          0.00    0.00   clock source latency
                  0.04    0.03    0.03 ^ clk (in)
     1    0.01                           clk (net)
                  0.04    0.00    0.03 ^ clkbuf_0_clk/A (sky130_fd_sc_hd__clkbuf_16)
                  0.04    0.13    0.16 ^ clkbuf_0_clk/X (sky130_fd_sc_hd__clkbuf_16)
     2    0.02                           clknet_0_clk (net)
                  0.04    0.00    0.16 ^ clkbuf_1_0__f_clk/A (sky130_fd_sc_hd__clkbuf_16)
                  0.03    0.12    0.27 ^ clkbuf_1_0__f_clk/X (sky130_fd_sc_hd__clkbuf_16)
     4    0.01                           clknet_1_0__leaf_clk (net)
                  0.03    0.00    0.27 ^ _50_/CLK (sky130_fd_sc_hd__dfrtp_1)
                  0.12    0.39    0.66 ^ _50_/Q (sky130_fd_sc_hd__dfrtp_1)
     6    0.01                           net2 (net)
                  0.12    0.00    0.66 ^ hold1/A (sky130_fd_sc_hd__dlygate4sd3_1)
                  0.07    0.60    1.26 ^ hold1/X (sky130_fd_sc_hd__dlygate4sd3_1)
     1    0.00                           net10 (net)
                  0.07    0.00    1.26 ^ _25_/A (sky130_fd_sc_hd__inv_2)
                  0.02    0.03    1.29 v _25_/Y (sky130_fd_sc_hd__inv_2)
     1    0.00                           _00_ (net)
                  0.02    0.00    1.29 v _50_/D (sky130_fd_sc_hd__dfrtp_1)
                                  1.29   data arrival time

                         10.00   10.00   clock clk (rise edge)
                          0.00   10.00   clock source latency
                  0.04    0.03   10.03 ^ clk (in)
     1    0.01                           clk (net)
                  0.04    0.00   10.03 ^ clkbuf_0_clk/A (sky130_fd_sc_hd__clkbuf_16)
                  0.04    0.11   10.14 ^ clkbuf_0_clk/X (sky130_fd_sc_hd__clkbuf_16)
     2    0.02                           clknet_0_clk (net)
                  0.04    0.00   10.14 ^ clkbuf_1_0__f_clk/A (sky130_fd_sc_hd__clkbuf_16)
                  0.03    0.11   10.25 ^ clkbuf_1_0__f_clk/X (sky130_fd_sc_hd__clkbuf_16)
     4    0.01                           clknet_1_0__leaf_clk (net)
                  0.03    0.00   10.25 ^ _50_/CLK (sky130_fd_sc_hd__dfrtp_1)
                         -0.25   10.00   clock uncertainty
                          0.03   10.02   clock reconvergence pessimism
                         -0.11    9.92   library setup time
                                  9.92   data required time
-----------------------------------------------------------------------------
                                  9.92   data required time
                                 -1.29   data arrival time
-----------------------------------------------------------------------------
                                  8.63   slack (MET)


Startpoint: _50_ (rising edge-triggered flip-flop clocked by clk)
Endpoint: _53_ (rising edge-triggered flip-flop clocked by clk)
Path Group: clk
Path Type: max

Fanout     Cap    Slew   Delay    Time   Description
-----------------------------------------------------------------------------
                          0.00    0.00   clock clk (rise edge)
                          0.00    0.00   clock source latency
                  0.04    0.03    0.03 ^ clk (in)
     1    0.01                           clk (net)
                  0.04    0.00    0.03 ^ clkbuf_0_clk/A (sky130_fd_sc_hd__clkbuf_16)
                  0.04    0.13    0.16 ^ clkbuf_0_clk/X (sky130_fd_sc_hd__clkbuf_16)
     2    0.02                           clknet_0_clk (net)
                  0.04    0.00    0.16 ^ clkbuf_1_0__f_clk/A (sky130_fd_sc_hd__clkbuf_16)
                  0.03    0.12    0.27 ^ clkbuf_1_0__f_clk/X (sky130_fd_sc_hd__clkbuf_16)
     4    0.01                           clknet_1_0__leaf_clk (net)
                  0.03    0.00    0.27 ^ _50_/CLK (sky130_fd_sc_hd__dfrtp_1)
                  0.12    0.39    0.66 ^ _50_/Q (sky130_fd_sc_hd__dfrtp_1)
     6    0.01                           net2 (net)
                  0.12    0.00    0.66 ^ _31_/A (sky130_fd_sc_hd__and4_2)
                  0.10    0.27    0.93 ^ _31_/X (sky130_fd_sc_hd__and4_2)
     5    0.01                           _19_ (net)
                  0.10    0.00    0.93 ^ _33_/A_N (sky130_fd_sc_hd__and2b_1)
                  0.03    0.19    1.12 v _33_/X (sky130_fd_sc_hd__and2b_1)
     1    0.00                           _21_ (net)
                  0.03    0.00    1.12 v _34_/A (sky130_fd_sc_hd__clkbuf_1)
                  0.02    0.08    1.20 v _34_/X (sky130_fd_sc_hd__clkbuf_1)
     1    0.00                           _03_ (net)
                  0.02    0.00    1.20 v _53_/D (sky130_fd_sc_hd__dfrtp_1)
                                  1.20   data arrival time

                         10.00   10.00   clock clk (rise edge)
                          0.00   10.00   clock source latency
                  0.04    0.03   10.03 ^ clk (in)
     1    0.01                           clk (net)
                  0.04    0.00   10.03 ^ clkbuf_0_clk/A (sky130_fd_sc_hd__clkbuf_16)
                  0.04    0.11   10.14 ^ clkbuf_0_clk/X (sky130_fd_sc_hd__clkbuf_16)
     2    0.02                           clknet_0_clk (net)
                  0.04    0.00   10.14 ^ clkbuf_1_0__f_clk/A (sky130_fd_sc_hd__clkbuf_16)
                  0.03    0.11   10.25 ^ clkbuf_1_0__f_clk/X (sky130_fd_sc_hd__clkbuf_16)
     4    0.01                           clknet_1_0__leaf_clk (net)
                  0.03    0.00   10.25 ^ _53_/CLK (sky130_fd_sc_hd__dfrtp_1)
                         -0.25   10.00   clock uncertainty
                          0.03   10.02   clock reconvergence pessimism
                         -0.11    9.91   library setup time
                                  9.91   data required time
-----------------------------------------------------------------------------
                                  9.91   data required time
                                 -1.20   data arrival time
-----------------------------------------------------------------------------
                                  8.72   slack (MET)


Startpoint: _50_ (rising edge-triggered flip-flop clocked by clk)
Endpoint: _51_ (rising edge-triggered flip-flop clocked by clk)
Path Group: clk
Path Type: max

Fanout     Cap    Slew   Delay    Time   Description
-----------------------------------------------------------------------------
                          0.00    0.00   clock clk (rise edge)
                          0.00    0.00   clock source latency
                  0.04    0.03    0.03 ^ clk (in)
     1    0.01                           clk (net)
                  0.04    0.00    0.03 ^ clkbuf_0_clk/A (sky130_fd_sc_hd__clkbuf_16)
                  0.04    0.13    0.16 ^ clkbuf_0_clk/X (sky130_fd_sc_hd__clkbuf_16)
     2    0.02                           clknet_0_clk (net)
                  0.04    0.00    0.16 ^ clkbuf_1_0__f_clk/A (sky130_fd_sc_hd__clkbuf_16)
                  0.03    0.12    0.27 ^ clkbuf_1_0__f_clk/X (sky130_fd_sc_hd__clkbuf_16)
     4    0.01                           clknet_1_0__leaf_clk (net)
                  0.03    0.00    0.27 ^ _50_/CLK (sky130_fd_sc_hd__dfrtp_1)
                  0.08    0.41    0.68 v _50_/Q (sky130_fd_sc_hd__dfrtp_1)
     6    0.01                           net2 (net)
                  0.08    0.00    0.68 v _27_/A (sky130_fd_sc_hd__or2_1)
                  0.04    0.23    0.91 v _27_/X (sky130_fd_sc_hd__or2_1)
     1    0.00                           _17_ (net)
                  0.04    0.00    0.91 v _28_/B (sky130_fd_sc_hd__and2_1)
                  0.03    0.15    1.07 v _28_/X (sky130_fd_sc_hd__and2_1)
     1    0.00                           _18_ (net)
                  0.03    0.00    1.07 v _29_/A (sky130_fd_sc_hd__clkbuf_1)
                  0.02    0.08    1.15 v _29_/X (sky130_fd_sc_hd__clkbuf_1)
     1    0.00                           _01_ (net)
                  0.02    0.00    1.15 v _51_/D (sky130_fd_sc_hd__dfrtp_1)
                                  1.15   data arrival time

                         10.00   10.00   clock clk (rise edge)
                          0.00   10.00   clock source latency
                  0.04    0.03   10.03 ^ clk (in)
     1    0.01                           clk (net)
                  0.04    0.00   10.03 ^ clkbuf_0_clk/A (sky130_fd_sc_hd__clkbuf_16)
                  0.04    0.11   10.14 ^ clkbuf_0_clk/X (sky130_fd_sc_hd__clkbuf_16)
     2    0.02                           clknet_0_clk (net)
                  0.04    0.00   10.14 ^ clkbuf_1_0__f_clk/A (sky130_fd_sc_hd__clkbuf_16)
                  0.03    0.11   10.25 ^ clkbuf_1_0__f_clk/X (sky130_fd_sc_hd__clkbuf_16)
     4    0.01                           clknet_1_0__leaf_clk (net)
                  0.03    0.00   10.25 ^ _51_/CLK (sky130_fd_sc_hd__dfrtp_1)
                         -0.25   10.00   clock uncertainty
                          0.03   10.02   clock reconvergence pessimism
                         -0.11    9.91   library setup time
                                  9.91   data required time
-----------------------------------------------------------------------------
                                  9.91   data required time
                                 -1.15   data arrival time
-----------------------------------------------------------------------------
                                  8.77   slack (MET)



max_report_end
checks_report

===========================================================================
report_checks -unconstrained
===========================================================================
======================= Typical Corner ===================================

Startpoint: rst (input port clocked by clk)
Endpoint: _50_ (recovery check against rising-edge clock clk)
Path Group: asynchronous
Path Type: max

Fanout     Cap    Slew   Delay    Time   Description
-----------------------------------------------------------------------------
                          0.00    0.00   clock clk (rise edge)
                          0.00    0.00   clock network delay (propagated)
                          2.00    2.00 v input external delay
                  0.01    0.00    2.00 v rst (in)
     1    0.00                           rst (net)
                  0.01    0.00    2.00 v input1/A (sky130_fd_sc_hd__clkbuf_4)
                  0.08    0.17    2.18 v input1/X (sky130_fd_sc_hd__clkbuf_4)
     8    0.03                           net1 (net)
                  0.08    0.00    2.18 v _42_/A (sky130_fd_sc_hd__inv_2)
                  0.03    0.06    2.24 ^ _42_/Y (sky130_fd_sc_hd__inv_2)
     1    0.00                           _08_ (net)
                  0.03    0.00    2.24 ^ _50_/RESET_B (sky130_fd_sc_hd__dfrtp_1)
                                  2.24   data arrival time

                         10.00   10.00   clock clk (rise edge)
                          0.00   10.00   clock source latency
                  0.04    0.03   10.03 ^ clk (in)
     1    0.01                           clk (net)
                  0.04    0.00   10.03 ^ clkbuf_0_clk/A (sky130_fd_sc_hd__clkbuf_16)
                  0.04    0.11   10.14 ^ clkbuf_0_clk/X (sky130_fd_sc_hd__clkbuf_16)
     2    0.02                           clknet_0_clk (net)
                  0.04    0.00   10.14 ^ clkbuf_1_0__f_clk/A (sky130_fd_sc_hd__clkbuf_16)
                  0.03    0.11   10.25 ^ clkbuf_1_0__f_clk/X (sky130_fd_sc_hd__clkbuf_16)
     4    0.01                           clknet_1_0__leaf_clk (net)
                  0.03    0.00   10.25 ^ _50_/CLK (sky130_fd_sc_hd__dfrtp_1)
                         -0.25   10.00   clock uncertainty
                          0.00   10.00   clock reconvergence pessimism
                          0.23   10.23   library recovery time
                                 10.23   data required time
-----------------------------------------------------------------------------
                                 10.23   data required time
                                 -2.24   data arrival time
-----------------------------------------------------------------------------
                                  7.99   slack (MET)


Startpoint: _50_ (rising edge-triggered flip-flop clocked by clk)
Endpoint: debug_out[0] (output port clocked by clk)
Path Group: clk
Path Type: max

Fanout     Cap    Slew   Delay    Time   Description
-----------------------------------------------------------------------------
                          0.00    0.00   clock clk (rise edge)
                          0.00    0.00   clock source latency
                  0.04    0.03    0.03 ^ clk (in)
     1    0.01                           clk (net)
                  0.04    0.00    0.03 ^ clkbuf_0_clk/A (sky130_fd_sc_hd__clkbuf_16)
                  0.04    0.13    0.16 ^ clkbuf_0_clk/X (sky130_fd_sc_hd__clkbuf_16)
     2    0.02                           clknet_0_clk (net)
                  0.04    0.00    0.16 ^ clkbuf_1_0__f_clk/A (sky130_fd_sc_hd__clkbuf_16)
                  0.03    0.12    0.27 ^ clkbuf_1_0__f_clk/X (sky130_fd_sc_hd__clkbuf_16)
     4    0.01                           clknet_1_0__leaf_clk (net)
                  0.03    0.00    0.27 ^ _50_/CLK (sky130_fd_sc_hd__dfrtp_1)
                  0.08    0.41    0.68 v _50_/Q (sky130_fd_sc_hd__dfrtp_1)
     6    0.01                           net2 (net)
                  0.08    0.00    0.68 v output2/A (sky130_fd_sc_hd__clkbuf_4)
                  0.08    0.21    0.89 v output2/X (sky130_fd_sc_hd__clkbuf_4)
     1    0.03                           debug_out[0] (net)
                  0.08    0.00    0.89 v debug_out[0] (out)
                                  0.89   data arrival time

                         10.00   10.00   clock clk (rise edge)
                          0.00   10.00   clock network delay (propagated)
                         -0.25    9.75   clock uncertainty
                          0.00    9.75   clock reconvergence pessimism
                         -2.00    7.75   output external delay
                                  7.75   data required time
-----------------------------------------------------------------------------
                                  7.75   data required time
                                 -0.89   data arrival time
-----------------------------------------------------------------------------
                                  6.86   slack (MET)




===========================================================================
report_checks --slack_max -0.01
============================================================================
======================= Typical Corner ===================================

No paths found.


===========================================================================
 report_check_types -max_slew -max_cap -max_fanout -violators
============================================================================
======================= Typical Corner ===================================



===========================================================================
report_parasitic_annotation -report_unannotated
============================================================================
Found 53 unannotated drivers.
 clk
 rst
 _25_/Y
 _26_/Y
 _27_/X
 _28_/X
 _29_/X
 _30_/Y
 _31_/X
 _32_/X
 _33_/X
 _34_/X
 _35_/X
 _36_/X
 _37_/Y
 _38_/Y
 _39_/X
 _40_/X
 _41_/X
 _42_/Y
 _43_/Y
 _44_/Y
 _45_/Y
 _46_/Y
 _47_/Y
 _48_/Y
 _49_/Y
 _50_/Q
 _51_/Q
 _52_/Q
 _53_/Q
 _54_/Q
 _55_/Q
 _56_/Q
 _57_/Q
 clkbuf_0_clk/X
 clkbuf_1_0__f_clk/X
 clkbuf_1_1__f_clk/X
 hold1/X
 hold2/X
 hold3/X
 hold4/X
 hold5/X
 hold6/X
 input1/X
 output2/X
 output3/X
 output4/X
 output5/X
 output6/X
 output7/X
 output8/X
 output9/X
Found 0 partially unannotated drivers.

===========================================================================
max slew violation count 0
max fanout violation count 0
max cap violation count 0
============================================================================

===========================================================================
check_setup -verbose -unconstrained_endpoints -multiple_clock -no_clock -no_input_delay -loops -generated_clocks
===========================================================================
checks_report_end
power_report

===========================================================================
 report_power
============================================================================
======================= Typical Corner ===================================

Group                  Internal  Switching    Leakage      Total
                          Power      Power      Power      Power (Watts)
----------------------------------------------------------------
Sequential             4.02e-05   4.97e-06   9.32e-11   4.52e-05  27.6%
Combinational          7.75e-05   4.10e-05   2.53e-10   1.19e-04  72.4%
Macro                  0.00e+00   0.00e+00   0.00e+00   0.00e+00   0.0%
Pad                    0.00e+00   0.00e+00   0.00e+00   0.00e+00   0.0%
----------------------------------------------------------------
Total                  1.18e-04   4.60e-05   3.47e-10   1.64e-04 100.0%
                          71.9%      28.1%       0.0%

power_report_end
skew_report

===========================================================================
report_clock_skew
============================================================================
Clock clk
Latency      CRPR       Skew
_50_/CLK ^
   0.27
_54_/CLK ^
   0.25     -0.01       0.01

skew_report_end
summary_report

===========================================================================
report_tns
============================================================================
tns 0.00

===========================================================================
report_wns
============================================================================
wns 0.00

===========================================================================
report_worst_slack -max (Setup)
============================================================================
worst slack 6.86

===========================================================================
report_worst_slack -min (Hold)
============================================================================
worst slack 0.30
summary_report_end
area_report

===========================================================================
report_design_area
============================================================================
Design area 558 u^2 73% utilization.
area_report_end
[WARNING] Did not save OpenROAD database!
