
===========================================================================
report_checks -path_delay min (Hold)
============================================================================
======================= Fastest Corner ===================================

Startpoint: _50_ (rising edge-triggered flip-flop clocked by clk)
Endpoint: _52_ (rising edge-triggered flip-flop clocked by clk)
Path Group: clk
Path Type: min
Corner: Fastest

Fanout     Cap    Slew   Delay    Time   Description
-----------------------------------------------------------------------------
                          0.00    0.00   clock clk (rise edge)
                          0.00    0.00   clock source latency
                  0.04    0.03    0.03 ^ clk (in)
     1    0.01                           clk (net)
                  0.04    0.00    0.03 ^ clkbuf_0_clk/A (sky130_fd_sc_hd__clkbuf_16)
                  0.03    0.08    0.11 ^ clkbuf_0_clk/X (sky130_fd_sc_hd__clkbuf_16)
     2    0.02                           clknet_0_clk (net)
                  0.03    0.00    0.11 ^ clkbuf_1_0__f_clk/A (sky130_fd_sc_hd__clkbuf_16)
                  0.03    0.07    0.18 ^ clkbuf_1_0__f_clk/X (sky130_fd_sc_hd__clkbuf_16)
     4    0.01                           clknet_1_0__leaf_clk (net)
                  0.03    0.00    0.18 ^ _50_/CLK (sky130_fd_sc_hd__dfrtp_1)
                  0.07    0.25    0.44 v _50_/Q (sky130_fd_sc_hd__dfrtp_1)
     6    0.02                           net2 (net)
                  0.07    0.00    0.44 v _26_/A (sky130_fd_sc_hd__nand2_1)
                  0.07    0.08    0.51 ^ _26_/Y (sky130_fd_sc_hd__nand2_1)
     2    0.01                           _16_ (net)
                  0.07    0.00    0.51 ^ _30_/B (sky130_fd_sc_hd__xnor2_1)
                  0.02    0.03    0.55 v _30_/Y (sky130_fd_sc_hd__xnor2_1)
     1    0.00                           _02_ (net)
                  0.02    0.00    0.55 v _52_/D (sky130_fd_sc_hd__dfrtp_1)
                                  0.55   data arrival time

                          0.00    0.00   clock clk (rise edge)
                          0.00    0.00   clock source latency
                  0.04    0.03    0.03 ^ clk (in)
     1    0.01                           clk (net)
                  0.04    0.00    0.03 ^ clkbuf_0_clk/A (sky130_fd_sc_hd__clkbuf_16)
                  0.03    0.09    0.12 ^ clkbuf_0_clk/X (sky130_fd_sc_hd__clkbuf_16)
     2    0.02                           clknet_0_clk (net)
                  0.03    0.00    0.12 ^ clkbuf_1_0__f_clk/A (sky130_fd_sc_hd__clkbuf_16)
                  0.03    0.08    0.20 ^ clkbuf_1_0__f_clk/X (sky130_fd_sc_hd__clkbuf_16)
     4    0.01                           clknet_1_0__leaf_clk (net)
                  0.03    0.00    0.20 ^ _52_/CLK (sky130_fd_sc_hd__dfrtp_1)
                          0.25    0.45   clock uncertainty
                         -0.02    0.43   clock reconvergence pessimism
                         -0.03    0.40   library hold time
                                  0.40   data required time
-----------------------------------------------------------------------------
                                  0.40   data required time
                                 -0.55   data arrival time
-----------------------------------------------------------------------------
                                  0.14   slack (MET)


Startpoint: _56_ (rising edge-triggered flip-flop clocked by clk)
Endpoint: _57_ (rising edge-triggered flip-flop clocked by clk)
Path Group: clk
Path Type: min
Corner: Fastest

Fanout     Cap    Slew   Delay    Time   Description
-----------------------------------------------------------------------------
                          0.00    0.00   clock clk (rise edge)
                          0.00    0.00   clock source latency
                  0.04    0.03    0.03 ^ clk (in)
     1    0.01                           clk (net)
                  0.04    0.00    0.03 ^ clkbuf_0_clk/A (sky130_fd_sc_hd__clkbuf_16)
                  0.03    0.08    0.11 ^ clkbuf_0_clk/X (sky130_fd_sc_hd__clkbuf_16)
     2    0.02                           clknet_0_clk (net)
                  0.03    0.00    0.11 ^ clkbuf_1_1__f_clk/A (sky130_fd_sc_hd__clkbuf_16)
                  0.03    0.07    0.18 ^ clkbuf_1_1__f_clk/X (sky130_fd_sc_hd__clkbuf_16)
     4    0.01                           clknet_1_1__leaf_clk (net)
                  0.03    0.00    0.18 ^ _56_/CLK (sky130_fd_sc_hd__dfrtp_1)
                  0.07    0.21    0.40 ^ _56_/Q (sky130_fd_sc_hd__dfrtp_1)
     3    0.01                           net8 (net)
                  0.07    0.00    0.40 ^ _40_/C (sky130_fd_sc_hd__and4_1)
                  0.05    0.12    0.51 ^ _40_/X (sky130_fd_sc_hd__and4_1)
     1    0.01                           _24_ (net)
                  0.05    0.00    0.51 ^ _41_/B (sky130_fd_sc_hd__xor2_1)
                  0.03    0.04    0.55 v _41_/X (sky130_fd_sc_hd__xor2_1)
     1    0.00                           _07_ (net)
                  0.03    0.00    0.55 v _57_/D (sky130_fd_sc_hd__dfrtp_1)
                                  0.55   data arrival time

                          0.00    0.00   clock clk (rise edge)
                          0.00    0.00   clock source latency
                  0.04    0.03    0.03 ^ clk (in)
     1    0.01                           clk (net)
                  0.04    0.00    0.03 ^ clkbuf_0_clk/A (sky130_fd_sc_hd__clkbuf_16)
                  0.03    0.09    0.12 ^ clkbuf_0_clk/X (sky130_fd_sc_hd__clkbuf_16)
     2    0.02                           clknet_0_clk (net)
                  0.03    0.00    0.12 ^ clkbuf_1_1__f_clk/A (sky130_fd_sc_hd__clkbuf_16)
                  0.03    0.08    0.20 ^ clkbuf_1_1__f_clk/X (sky130_fd_sc_hd__clkbuf_16)
     4    0.01                           clknet_1_1__leaf_clk (net)
                  0.03    0.00    0.20 ^ _57_/CLK (sky130_fd_sc_hd__dfrtp_1)
                          0.25    0.45   clock uncertainty
                         -0.02    0.43   clock reconvergence pessimism
                         -0.03    0.40   library hold time
                                  0.40   data required time
-----------------------------------------------------------------------------
                                  0.40   data required time
                                 -0.55   data arrival time
-----------------------------------------------------------------------------
                                  0.15   slack (MET)


Startpoint: _54_ (rising edge-triggered flip-flop clocked by clk)
Endpoint: _55_ (rising edge-triggered flip-flop clocked by clk)
Path Group: clk
Path Type: min
Corner: Fastest

Fanout     Cap    Slew   Delay    Time   Description
-----------------------------------------------------------------------------
                          0.00    0.00   clock clk (rise edge)
                          0.00    0.00   clock source latency
                  0.04    0.03    0.03 ^ clk (in)
     1    0.01                           clk (net)
                  0.04    0.00    0.03 ^ clkbuf_0_clk/A (sky130_fd_sc_hd__clkbuf_16)
                  0.03    0.08    0.11 ^ clkbuf_0_clk/X (sky130_fd_sc_hd__clkbuf_16)
     2    0.02                           clknet_0_clk (net)
                  0.03    0.00    0.11 ^ clkbuf_1_1__f_clk/A (sky130_fd_sc_hd__clkbuf_16)
                  0.03    0.07    0.18 ^ clkbuf_1_1__f_clk/X (sky130_fd_sc_hd__clkbuf_16)
     4    0.01                           clknet_1_1__leaf_clk (net)
                  0.03    0.00    0.18 ^ _54_/CLK (sky130_fd_sc_hd__dfrtp_1)
                  0.08    0.22    0.41 ^ _54_/Q (sky130_fd_sc_hd__dfrtp_1)
     4    0.01                           net6 (net)
                  0.08    0.00    0.41 ^ _36_/A (sky130_fd_sc_hd__and3_1)
                  0.08    0.12    0.53 ^ _36_/X (sky130_fd_sc_hd__and3_1)
     2    0.01                           _22_ (net)
                  0.08    0.00    0.53 ^ _38_/A (sky130_fd_sc_hd__nor2_1)
                  0.02    0.03    0.56 v _38_/Y (sky130_fd_sc_hd__nor2_1)
     1    0.00                           _05_ (net)
                  0.02    0.00    0.56 v _55_/D (sky130_fd_sc_hd__dfrtp_1)
                                  0.56   data arrival time

                          0.00    0.00   clock clk (rise edge)
                          0.00    0.00   clock source latency
                  0.04    0.03    0.03 ^ clk (in)
     1    0.01                           clk (net)
                  0.04    0.00    0.03 ^ clkbuf_0_clk/A (sky130_fd_sc_hd__clkbuf_16)
                  0.03    0.09    0.12 ^ clkbuf_0_clk/X (sky130_fd_sc_hd__clkbuf_16)
     2    0.02                           clknet_0_clk (net)
                  0.03    0.00    0.12 ^ clkbuf_1_1__f_clk/A (sky130_fd_sc_hd__clkbuf_16)
                  0.03    0.08    0.20 ^ clkbuf_1_1__f_clk/X (sky130_fd_sc_hd__clkbuf_16)
     4    0.01                           clknet_1_1__leaf_clk (net)
                  0.03    0.00    0.20 ^ _55_/CLK (sky130_fd_sc_hd__dfrtp_1)
                          0.25    0.45   clock uncertainty
                         -0.02    0.43   clock reconvergence pessimism
                         -0.03    0.40   library hold time
                                  0.40   data required time
-----------------------------------------------------------------------------
                                  0.40   data required time
                                 -0.56   data arrival time
-----------------------------------------------------------------------------
                                  0.16   slack (MET)


Startpoint: _53_ (rising edge-triggered flip-flop clocked by clk)
Endpoint: _53_ (rising edge-triggered flip-flop clocked by clk)
Path Group: clk
Path Type: min
Corner: Fastest

Fanout     Cap    Slew   Delay    Time   Description
-----------------------------------------------------------------------------
                          0.00    0.00   clock clk (rise edge)
                          0.00    0.00   clock source latency
                  0.04    0.03    0.03 ^ clk (in)
     1    0.01                           clk (net)
                  0.04    0.00    0.03 ^ clkbuf_0_clk/A (sky130_fd_sc_hd__clkbuf_16)
                  0.03    0.08    0.11 ^ clkbuf_0_clk/X (sky130_fd_sc_hd__clkbuf_16)
     2    0.02                           clknet_0_clk (net)
                  0.03    0.00    0.11 ^ clkbuf_1_0__f_clk/A (sky130_fd_sc_hd__clkbuf_16)
                  0.03    0.07    0.18 ^ clkbuf_1_0__f_clk/X (sky130_fd_sc_hd__clkbuf_16)
     4    0.01                           clknet_1_0__leaf_clk (net)
                  0.03    0.00    0.18 ^ _53_/CLK (sky130_fd_sc_hd__dfrtp_1)
                  0.08    0.22    0.40 ^ _53_/Q (sky130_fd_sc_hd__dfrtp_1)
     3    0.01                           net5 (net)
                  0.08    0.00    0.40 ^ _32_/B1 (sky130_fd_sc_hd__a31o_1)
                  0.02    0.05    0.45 ^ _32_/X (sky130_fd_sc_hd__a31o_1)
     1    0.00                           _20_ (net)
                  0.02    0.00    0.46 ^ _33_/B (sky130_fd_sc_hd__and2b_1)
                  0.03    0.07    0.52 ^ _33_/X (sky130_fd_sc_hd__and2b_1)
     1    0.00                           _21_ (net)
                  0.03    0.00    0.52 ^ _34_/A (sky130_fd_sc_hd__clkbuf_1)
                  0.03    0.05    0.57 ^ _34_/X (sky130_fd_sc_hd__clkbuf_1)
     1    0.00                           _03_ (net)
                  0.03    0.00    0.57 ^ _53_/D (sky130_fd_sc_hd__dfrtp_1)
                                  0.57   data arrival time

                          0.00    0.00   clock clk (rise edge)
                          0.00    0.00   clock source latency
                  0.04    0.03    0.03 ^ clk (in)
     1    0.01                           clk (net)
                  0.04    0.00    0.03 ^ clkbuf_0_clk/A (sky130_fd_sc_hd__clkbuf_16)
                  0.03    0.09    0.12 ^ clkbuf_0_clk/X (sky130_fd_sc_hd__clkbuf_16)
     2    0.02                           clknet_0_clk (net)
                  0.03    0.00    0.12 ^ clkbuf_1_0__f_clk/A (sky130_fd_sc_hd__clkbuf_16)
                  0.03    0.08    0.20 ^ clkbuf_1_0__f_clk/X (sky130_fd_sc_hd__clkbuf_16)
     4    0.01                           clknet_1_0__leaf_clk (net)
                  0.03    0.00    0.20 ^ _53_/CLK (sky130_fd_sc_hd__dfrtp_1)
                          0.25    0.45   clock uncertainty
                         -0.02    0.43   clock reconvergence pessimism
                         -0.02    0.41   library hold time
                                  0.41   data required time
-----------------------------------------------------------------------------
                                  0.41   data required time
                                 -0.57   data arrival time
-----------------------------------------------------------------------------
                                  0.16   slack (MET)


Startpoint: _54_ (rising edge-triggered flip-flop clocked by clk)
Endpoint: _56_ (rising edge-triggered flip-flop clocked by clk)
Path Group: clk
Path Type: min
Corner: Fastest

Fanout     Cap    Slew   Delay    Time   Description
-----------------------------------------------------------------------------
                          0.00    0.00   clock clk (rise edge)
                          0.00    0.00   clock source latency
                  0.04    0.03    0.03 ^ clk (in)
     1    0.01                           clk (net)
                  0.04    0.00    0.03 ^ clkbuf_0_clk/A (sky130_fd_sc_hd__clkbuf_16)
                  0.03    0.08    0.11 ^ clkbuf_0_clk/X (sky130_fd_sc_hd__clkbuf_16)
     2    0.02                           clknet_0_clk (net)
                  0.03    0.00    0.11 ^ clkbuf_1_1__f_clk/A (sky130_fd_sc_hd__clkbuf_16)
                  0.03    0.07    0.18 ^ clkbuf_1_1__f_clk/X (sky130_fd_sc_hd__clkbuf_16)
     4    0.01                           clknet_1_1__leaf_clk (net)
                  0.03    0.00    0.18 ^ _54_/CLK (sky130_fd_sc_hd__dfrtp_1)
                  0.08    0.22    0.41 ^ _54_/Q (sky130_fd_sc_hd__dfrtp_1)
     4    0.01                           net6 (net)
                  0.08    0.00    0.41 ^ _36_/A (sky130_fd_sc_hd__and3_1)
                  0.08    0.12    0.53 ^ _36_/X (sky130_fd_sc_hd__and3_1)
     2    0.01                           _22_ (net)
                  0.08    0.00    0.53 ^ _39_/B (sky130_fd_sc_hd__xor2_1)
                  0.02    0.04    0.57 v _39_/X (sky130_fd_sc_hd__xor2_1)
     1    0.00                           _06_ (net)
                  0.02    0.00    0.57 v _56_/D (sky130_fd_sc_hd__dfrtp_1)
                                  0.57   data arrival time

                          0.00    0.00   clock clk (rise edge)
                          0.00    0.00   clock source latency
                  0.04    0.03    0.03 ^ clk (in)
     1    0.01                           clk (net)
                  0.04    0.00    0.03 ^ clkbuf_0_clk/A (sky130_fd_sc_hd__clkbuf_16)
                  0.03    0.09    0.12 ^ clkbuf_0_clk/X (sky130_fd_sc_hd__clkbuf_16)
     2    0.02                           clknet_0_clk (net)
                  0.03    0.00    0.12 ^ clkbuf_1_1__f_clk/A (sky130_fd_sc_hd__clkbuf_16)
                  0.03    0.08    0.20 ^ clkbuf_1_1__f_clk/X (sky130_fd_sc_hd__clkbuf_16)
     4    0.01                           clknet_1_1__leaf_clk (net)
                  0.03    0.00    0.20 ^ _56_/CLK (sky130_fd_sc_hd__dfrtp_1)
                          0.25    0.45   clock uncertainty
                         -0.02    0.43   clock reconvergence pessimism
                         -0.03    0.40   library hold time
                                  0.40   data required time
-----------------------------------------------------------------------------
                                  0.40   data required time
                                 -0.57   data arrival time
-----------------------------------------------------------------------------
                                  0.16   slack (MET)


Startpoint: _53_ (rising edge-triggered flip-flop clocked by clk)
Endpoint: _54_ (rising edge-triggered flip-flop clocked by clk)
Path Group: clk
Path Type: min
Corner: Fastest

Fanout     Cap    Slew   Delay    Time   Description
-----------------------------------------------------------------------------
                          0.00    0.00   clock clk (rise edge)
                          0.00    0.00   clock source latency
                  0.04    0.03    0.03 ^ clk (in)
     1    0.01                           clk (net)
                  0.04    0.00    0.03 ^ clkbuf_0_clk/A (sky130_fd_sc_hd__clkbuf_16)
                  0.03    0.08    0.11 ^ clkbuf_0_clk/X (sky130_fd_sc_hd__clkbuf_16)
     2    0.02                           clknet_0_clk (net)
                  0.03    0.00    0.11 ^ clkbuf_1_0__f_clk/A (sky130_fd_sc_hd__clkbuf_16)
                  0.03    0.07    0.18 ^ clkbuf_1_0__f_clk/X (sky130_fd_sc_hd__clkbuf_16)
     4    0.01                           clknet_1_0__leaf_clk (net)
                  0.03    0.00    0.18 ^ _53_/CLK (sky130_fd_sc_hd__dfrtp_1)
                  0.08    0.22    0.40 ^ _53_/Q (sky130_fd_sc_hd__dfrtp_1)
     3    0.01                           net5 (net)
                  0.08    0.00    0.40 ^ _31_/D (sky130_fd_sc_hd__and4_2)
                  0.08    0.17    0.57 ^ _31_/X (sky130_fd_sc_hd__and4_2)
     5    0.02                           _19_ (net)
                  0.08    0.00    0.57 ^ _35_/B (sky130_fd_sc_hd__xor2_1)
                  0.02    0.04    0.61 v _35_/X (sky130_fd_sc_hd__xor2_1)
     1    0.00                           _04_ (net)
                  0.02    0.00    0.61 v _54_/D (sky130_fd_sc_hd__dfrtp_1)
                                  0.61   data arrival time

                          0.00    0.00   clock clk (rise edge)
                          0.00    0.00   clock source latency
                  0.04    0.03    0.03 ^ clk (in)
     1    0.01                           clk (net)
                  0.04    0.00    0.03 ^ clkbuf_0_clk/A (sky130_fd_sc_hd__clkbuf_16)
                  0.03    0.09    0.12 ^ clkbuf_0_clk/X (sky130_fd_sc_hd__clkbuf_16)
     2    0.02                           clknet_0_clk (net)
                  0.03    0.00    0.12 ^ clkbuf_1_1__f_clk/A (sky130_fd_sc_hd__clkbuf_16)
                  0.03    0.08    0.20 ^ clkbuf_1_1__f_clk/X (sky130_fd_sc_hd__clkbuf_16)
     4    0.01                           clknet_1_1__leaf_clk (net)
                  0.03    0.00    0.20 ^ _54_/CLK (sky130_fd_sc_hd__dfrtp_1)
                          0.25    0.45   clock uncertainty
                         -0.01    0.44   clock reconvergence pessimism
                         -0.03    0.41   library hold time
                                  0.41   data required time
-----------------------------------------------------------------------------
                                  0.41   data required time
                                 -0.61   data arrival time
-----------------------------------------------------------------------------
                                  0.20   slack (MET)


Startpoint: _50_ (rising edge-triggered flip-flop clocked by clk)
Endpoint: _51_ (rising edge-triggered flip-flop clocked by clk)
Path Group: clk
Path Type: min
Corner: Fastest

Fanout     Cap    Slew   Delay    Time   Description
-----------------------------------------------------------------------------
                          0.00    0.00   clock clk (rise edge)
                          0.00    0.00   clock source latency
                  0.04    0.03    0.03 ^ clk (in)
     1    0.01                           clk (net)
                  0.04    0.00    0.03 ^ clkbuf_0_clk/A (sky130_fd_sc_hd__clkbuf_16)
                  0.03    0.08    0.11 ^ clkbuf_0_clk/X (sky130_fd_sc_hd__clkbuf_16)
     2    0.02                           clknet_0_clk (net)
                  0.03    0.00    0.11 ^ clkbuf_1_0__f_clk/A (sky130_fd_sc_hd__clkbuf_16)
                  0.03    0.07    0.18 ^ clkbuf_1_0__f_clk/X (sky130_fd_sc_hd__clkbuf_16)
     4    0.01                           clknet_1_0__leaf_clk (net)
                  0.03    0.00    0.18 ^ _50_/CLK (sky130_fd_sc_hd__dfrtp_1)
                  0.07    0.25    0.44 v _50_/Q (sky130_fd_sc_hd__dfrtp_1)
     6    0.02                           net2 (net)
                  0.07    0.00    0.44 v _26_/A (sky130_fd_sc_hd__nand2_1)
                  0.07    0.08    0.51 ^ _26_/Y (sky130_fd_sc_hd__nand2_1)
     2    0.01                           _16_ (net)
                  0.07    0.00    0.51 ^ _28_/A (sky130_fd_sc_hd__and2_1)
                  0.04    0.08    0.59 ^ _28_/X (sky130_fd_sc_hd__and2_1)
     1    0.00                           _18_ (net)
                  0.04    0.00    0.59 ^ _29_/A (sky130_fd_sc_hd__clkbuf_1)
                  0.03    0.05    0.64 ^ _29_/X (sky130_fd_sc_hd__clkbuf_1)
     1    0.00                           _01_ (net)
                  0.03    0.00    0.64 ^ _51_/D (sky130_fd_sc_hd__dfrtp_1)
                                  0.64   data arrival time

                          0.00    0.00   clock clk (rise edge)
                          0.00    0.00   clock source latency
                  0.04    0.03    0.03 ^ clk (in)
     1    0.01                           clk (net)
                  0.04    0.00    0.03 ^ clkbuf_0_clk/A (sky130_fd_sc_hd__clkbuf_16)
                  0.03    0.09    0.12 ^ clkbuf_0_clk/X (sky130_fd_sc_hd__clkbuf_16)
     2    0.02                           clknet_0_clk (net)
                  0.03    0.00    0.12 ^ clkbuf_1_0__f_clk/A (sky130_fd_sc_hd__clkbuf_16)
                  0.03    0.08    0.20 ^ clkbuf_1_0__f_clk/X (sky130_fd_sc_hd__clkbuf_16)
     4    0.01                           clknet_1_0__leaf_clk (net)
                  0.03    0.00    0.20 ^ _51_/CLK (sky130_fd_sc_hd__dfrtp_1)
                          0.25    0.45   clock uncertainty
                         -0.02    0.43   clock reconvergence pessimism
                         -0.02    0.41   library hold time
                                  0.41   data required time
-----------------------------------------------------------------------------
                                  0.41   data required time
                                 -0.64   data arrival time
-----------------------------------------------------------------------------
                                  0.23   slack (MET)


Startpoint: _50_ (rising edge-triggered flip-flop clocked by clk)
Endpoint: _50_ (rising edge-triggered flip-flop clocked by clk)
Path Group: clk
Path Type: min
Corner: Fastest

Fanout     Cap    Slew   Delay    Time   Description
-----------------------------------------------------------------------------
                          0.00    0.00   clock clk (rise edge)
                          0.00    0.00   clock source latency
                  0.04    0.03    0.03 ^ clk (in)
     1    0.01                           clk (net)
                  0.04    0.00    0.03 ^ clkbuf_0_clk/A (sky130_fd_sc_hd__clkbuf_16)
                  0.03    0.08    0.11 ^ clkbuf_0_clk/X (sky130_fd_sc_hd__clkbuf_16)
     2    0.02                           clknet_0_clk (net)
                  0.03    0.00    0.11 ^ clkbuf_1_0__f_clk/A (sky130_fd_sc_hd__clkbuf_16)
                  0.03    0.07    0.18 ^ clkbuf_1_0__f_clk/X (sky130_fd_sc_hd__clkbuf_16)
     4    0.01                           clknet_1_0__leaf_clk (net)
                  0.03    0.00    0.18 ^ _50_/CLK (sky130_fd_sc_hd__dfrtp_1)
                  0.07    0.25    0.44 v _50_/Q (sky130_fd_sc_hd__dfrtp_1)
     6    0.02                           net2 (net)
                  0.07    0.00    0.44 v hold1/A (sky130_fd_sc_hd__dlygate4sd3_1)
                  0.05    0.37    0.80 v hold1/X (sky130_fd_sc_hd__dlygate4sd3_1)
     1    0.00                           net10 (net)
                  0.05    0.00    0.80 v _25_/A (sky130_fd_sc_hd__inv_2)
                  0.02    0.03    0.83 ^ _25_/Y (sky130_fd_sc_hd__inv_2)
     1    0.00                           _00_ (net)
                  0.02    0.00    0.83 ^ _50_/D (sky130_fd_sc_hd__dfrtp_1)
                                  0.83   data arrival time

                          0.00    0.00   clock clk (rise edge)
                          0.00    0.00   clock source latency
                  0.04    0.03    0.03 ^ clk (in)
     1    0.01                           clk (net)
                  0.04    0.00    0.03 ^ clkbuf_0_clk/A (sky130_fd_sc_hd__clkbuf_16)
                  0.03    0.09    0.12 ^ clkbuf_0_clk/X (sky130_fd_sc_hd__clkbuf_16)
     2    0.02                           clknet_0_clk (net)
                  0.03    0.00    0.12 ^ clkbuf_1_0__f_clk/A (sky130_fd_sc_hd__clkbuf_16)
                  0.03    0.08    0.20 ^ clkbuf_1_0__f_clk/X (sky130_fd_sc_hd__clkbuf_16)
     4    0.01                           clknet_1_0__leaf_clk (net)
                  0.03    0.00    0.20 ^ _50_/CLK (sky130_fd_sc_hd__dfrtp_1)
                          0.25    0.45   clock uncertainty
                         -0.02    0.43   clock reconvergence pessimism
                         -0.02    0.41   library hold time
                                  0.41   data required time
-----------------------------------------------------------------------------
                                  0.41   data required time
                                 -0.83   data arrival time
-----------------------------------------------------------------------------
                                  0.42   slack (MET)


Startpoint: rst (input port clocked by clk)
Endpoint: _55_ (removal check against rising-edge clock clk)
Path Group: asynchronous
Path Type: min
Corner: Fastest

Fanout     Cap    Slew   Delay    Time   Description
-----------------------------------------------------------------------------
                          0.00    0.00   clock clk (rise edge)
                          0.00    0.00   clock network delay (propagated)
                          2.00    2.00 v input external delay
                  0.00    0.00    2.00 v rst (in)
     1    0.00                           rst (net)
                  0.00    0.00    2.00 v input1/A (sky130_fd_sc_hd__clkbuf_4)
                  0.07    0.12    2.12 v input1/X (sky130_fd_sc_hd__clkbuf_4)
     8    0.04                           net1 (net)
                  0.07    0.00    2.12 v _47_/A (sky130_fd_sc_hd__inv_2)
                  0.03    0.04    2.16 ^ _47_/Y (sky130_fd_sc_hd__inv_2)
     1    0.00                           _13_ (net)
                  0.03    0.00    2.16 ^ _55_/RESET_B (sky130_fd_sc_hd__dfrtp_1)
                                  2.16   data arrival time

                          0.00    0.00   clock clk (rise edge)
                          0.00    0.00   clock source latency
                  0.04    0.03    0.03 ^ clk (in)
     1    0.01                           clk (net)
                  0.04    0.00    0.03 ^ clkbuf_0_clk/A (sky130_fd_sc_hd__clkbuf_16)
                  0.03    0.09    0.12 ^ clkbuf_0_clk/X (sky130_fd_sc_hd__clkbuf_16)
     2    0.02                           clknet_0_clk (net)
                  0.03    0.00    0.12 ^ clkbuf_1_1__f_clk/A (sky130_fd_sc_hd__clkbuf_16)
                  0.03    0.08    0.20 ^ clkbuf_1_1__f_clk/X (sky130_fd_sc_hd__clkbuf_16)
     4    0.01                           clknet_1_1__leaf_clk (net)
                  0.03    0.00    0.20 ^ _55_/CLK (sky130_fd_sc_hd__dfrtp_1)
                          0.25    0.45   clock uncertainty
                          0.00    0.45   clock reconvergence pessimism
                          0.20    0.65   library removal time
                                  0.65   data required time
-----------------------------------------------------------------------------
                                  0.65   data required time
                                 -2.16   data arrival time
-----------------------------------------------------------------------------
                                  1.51   slack (MET)


Startpoint: rst (input port clocked by clk)
Endpoint: _54_ (removal check against rising-edge clock clk)
Path Group: asynchronous
Path Type: min
Corner: Fastest

Fanout     Cap    Slew   Delay    Time   Description
-----------------------------------------------------------------------------
                          0.00    0.00   clock clk (rise edge)
                          0.00    0.00   clock network delay (propagated)
                          2.00    2.00 v input external delay
                  0.00    0.00    2.00 v rst (in)
     1    0.00                           rst (net)
                  0.00    0.00    2.00 v input1/A (sky130_fd_sc_hd__clkbuf_4)
                  0.07    0.12    2.12 v input1/X (sky130_fd_sc_hd__clkbuf_4)
     8    0.04                           net1 (net)
                  0.07    0.00    2.12 v _46_/A (sky130_fd_sc_hd__inv_2)
                  0.03    0.04    2.16 ^ _46_/Y (sky130_fd_sc_hd__inv_2)
     1    0.00                           _12_ (net)
                  0.03    0.00    2.16 ^ _54_/RESET_B (sky130_fd_sc_hd__dfrtp_1)
                                  2.16   data arrival time

                          0.00    0.00   clock clk (rise edge)
                          0.00    0.00   clock source latency
                  0.04    0.03    0.03 ^ clk (in)
     1    0.01                           clk (net)
                  0.04    0.00    0.03 ^ clkbuf_0_clk/A (sky130_fd_sc_hd__clkbuf_16)
                  0.03    0.09    0.12 ^ clkbuf_0_clk/X (sky130_fd_sc_hd__clkbuf_16)
     2    0.02                           clknet_0_clk (net)
                  0.03    0.00    0.12 ^ clkbuf_1_1__f_clk/A (sky130_fd_sc_hd__clkbuf_16)
                  0.03    0.08    0.20 ^ clkbuf_1_1__f_clk/X (sky130_fd_sc_hd__clkbuf_16)
     4    0.01                           clknet_1_1__leaf_clk (net)
                  0.03    0.00    0.20 ^ _54_/CLK (sky130_fd_sc_hd__dfrtp_1)
                          0.25    0.45   clock uncertainty
                          0.00    0.45   clock reconvergence pessimism
                          0.20    0.65   library removal time
                                  0.65   data required time
-----------------------------------------------------------------------------
                                  0.65   data required time
                                 -2.16   data arrival time
-----------------------------------------------------------------------------
                                  1.51   slack (MET)


Startpoint: rst (input port clocked by clk)
Endpoint: _56_ (removal check against rising-edge clock clk)
Path Group: asynchronous
Path Type: min
Corner: Fastest

Fanout     Cap    Slew   Delay    Time   Description
-----------------------------------------------------------------------------
                          0.00    0.00   clock clk (rise edge)
                          0.00    0.00   clock network delay (propagated)
                          2.00    2.00 v input external delay
                  0.00    0.00    2.00 v rst (in)
     1    0.00                           rst (net)
                  0.00    0.00    2.00 v input1/A (sky130_fd_sc_hd__clkbuf_4)
                  0.07    0.12    2.12 v input1/X (sky130_fd_sc_hd__clkbuf_4)
     8    0.04                           net1 (net)
                  0.07    0.00    2.12 v _48_/A (sky130_fd_sc_hd__inv_2)
                  0.03    0.04    2.16 ^ _48_/Y (sky130_fd_sc_hd__inv_2)
     1    0.00                           _14_ (net)
                  0.03    0.00    2.16 ^ _56_/RESET_B (sky130_fd_sc_hd__dfrtp_1)
                                  2.16   data arrival time

                          0.00    0.00   clock clk (rise edge)
                          0.00    0.00   clock source latency
                  0.04    0.03    0.03 ^ clk (in)
     1    0.01                           clk (net)
                  0.04    0.00    0.03 ^ clkbuf_0_clk/A (sky130_fd_sc_hd__clkbuf_16)
                  0.03    0.09    0.12 ^ clkbuf_0_clk/X (sky130_fd_sc_hd__clkbuf_16)
     2    0.02                           clknet_0_clk (net)
                  0.03    0.00    0.12 ^ clkbuf_1_1__f_clk/A (sky130_fd_sc_hd__clkbuf_16)
                  0.03    0.08    0.20 ^ clkbuf_1_1__f_clk/X (sky130_fd_sc_hd__clkbuf_16)
     4    0.01                           clknet_1_1__leaf_clk (net)
                  0.03    0.00    0.20 ^ _56_/CLK (sky130_fd_sc_hd__dfrtp_1)
                          0.25    0.45   clock uncertainty
                          0.00    0.45   clock reconvergence pessimism
                          0.20    0.65   library removal time
                                  0.65   data required time
-----------------------------------------------------------------------------
                                  0.65   data required time
                                 -2.16   data arrival time
-----------------------------------------------------------------------------
                                  1.51   slack (MET)


Startpoint: rst (input port clocked by clk)
Endpoint: _53_ (removal check against rising-edge clock clk)
Path Group: asynchronous
Path Type: min
Corner: Fastest

Fanout     Cap    Slew   Delay    Time   Description
-----------------------------------------------------------------------------
                          0.00    0.00   clock clk (rise edge)
                          0.00    0.00   clock network delay (propagated)
                          2.00    2.00 v input external delay
                  0.00    0.00    2.00 v rst (in)
     1    0.00                           rst (net)
                  0.00    0.00    2.00 v input1/A (sky130_fd_sc_hd__clkbuf_4)
                  0.07    0.12    2.12 v input1/X (sky130_fd_sc_hd__clkbuf_4)
     8    0.04                           net1 (net)
                  0.07    0.00    2.12 v _45_/A (sky130_fd_sc_hd__inv_2)
                  0.03    0.04    2.16 ^ _45_/Y (sky130_fd_sc_hd__inv_2)
     1    0.00                           _11_ (net)
                  0.03    0.00    2.16 ^ _53_/RESET_B (sky130_fd_sc_hd__dfrtp_1)
                                  2.16   data arrival time

                          0.00    0.00   clock clk (rise edge)
                          0.00    0.00   clock source latency
                  0.04    0.03    0.03 ^ clk (in)
     1    0.01                           clk (net)
                  0.04    0.00    0.03 ^ clkbuf_0_clk/A (sky130_fd_sc_hd__clkbuf_16)
                  0.03    0.09    0.12 ^ clkbuf_0_clk/X (sky130_fd_sc_hd__clkbuf_16)
     2    0.02                           clknet_0_clk (net)
                  0.03    0.00    0.12 ^ clkbuf_1_0__f_clk/A (sky130_fd_sc_hd__clkbuf_16)
                  0.03    0.08    0.20 ^ clkbuf_1_0__f_clk/X (sky130_fd_sc_hd__clkbuf_16)
     4    0.01                           clknet_1_0__leaf_clk (net)
                  0.03    0.00    0.20 ^ _53_/CLK (sky130_fd_sc_hd__dfrtp_1)
                          0.25    0.45   clock uncertainty
                          0.00    0.45   clock reconvergence pessimism
                          0.20    0.65   library removal time
                                  0.65   data required time
-----------------------------------------------------------------------------
                                  0.65   data required time
                                 -2.16   data arrival time
-----------------------------------------------------------------------------
                                  1.51   slack (MET)


Startpoint: rst (input port clocked by clk)
Endpoint: _52_ (removal check against rising-edge clock clk)
Path Group: asynchronous
Path Type: min
Corner: Fastest

Fanout     Cap    Slew   Delay    Time   Description
-----------------------------------------------------------------------------
                          0.00    0.00   clock clk (rise edge)
                          0.00    0.00   clock network delay (propagated)
                          2.00    2.00 v input external delay
                  0.00    0.00    2.00 v rst (in)
     1    0.00                           rst (net)
                  0.00    0.00    2.00 v input1/A (sky130_fd_sc_hd__clkbuf_4)
                  0.07    0.12    2.12 v input1/X (sky130_fd_sc_hd__clkbuf_4)
     8    0.04                           net1 (net)
                  0.07    0.00    2.12 v _44_/A (sky130_fd_sc_hd__inv_2)
                  0.03    0.04    2.16 ^ _44_/Y (sky130_fd_sc_hd__inv_2)
     1    0.00                           _10_ (net)
                  0.03    0.00    2.16 ^ _52_/RESET_B (sky130_fd_sc_hd__dfrtp_1)
                                  2.16   data arrival time

                          0.00    0.00   clock clk (rise edge)
                          0.00    0.00   clock source latency
                  0.04    0.03    0.03 ^ clk (in)
     1    0.01                           clk (net)
                  0.04    0.00    0.03 ^ clkbuf_0_clk/A (sky130_fd_sc_hd__clkbuf_16)
                  0.03    0.09    0.12 ^ clkbuf_0_clk/X (sky130_fd_sc_hd__clkbuf_16)
     2    0.02                           clknet_0_clk (net)
                  0.03    0.00    0.12 ^ clkbuf_1_0__f_clk/A (sky130_fd_sc_hd__clkbuf_16)
                  0.03    0.08    0.20 ^ clkbuf_1_0__f_clk/X (sky130_fd_sc_hd__clkbuf_16)
     4    0.01                           clknet_1_0__leaf_clk (net)
                  0.03    0.00    0.20 ^ _52_/CLK (sky130_fd_sc_hd__dfrtp_1)
                          0.25    0.45   clock uncertainty
                          0.00    0.45   clock reconvergence pessimism
                          0.20    0.65   library removal time
                                  0.65   data required time
-----------------------------------------------------------------------------
                                  0.65   data required time
                                 -2.16   data arrival time
-----------------------------------------------------------------------------
                                  1.51   slack (MET)


Startpoint: rst (input port clocked by clk)
Endpoint: _57_ (removal check against rising-edge clock clk)
Path Group: asynchronous
Path Type: min
Corner: Fastest

Fanout     Cap    Slew   Delay    Time   Description
-----------------------------------------------------------------------------
                          0.00    0.00   clock clk (rise edge)
                          0.00    0.00   clock network delay (propagated)
                          2.00    2.00 v input external delay
                  0.00    0.00    2.00 v rst (in)
     1    0.00                           rst (net)
                  0.00    0.00    2.00 v input1/A (sky130_fd_sc_hd__clkbuf_4)
                  0.07    0.12    2.12 v input1/X (sky130_fd_sc_hd__clkbuf_4)
     8    0.04                           net1 (net)
                  0.07    0.00    2.12 v _49_/A (sky130_fd_sc_hd__inv_2)
                  0.03    0.04    2.16 ^ _49_/Y (sky130_fd_sc_hd__inv_2)
     1    0.00                           _15_ (net)
                  0.03    0.00    2.16 ^ _57_/RESET_B (sky130_fd_sc_hd__dfrtp_1)
                                  2.16   data arrival time

                          0.00    0.00   clock clk (rise edge)
                          0.00    0.00   clock source latency
                  0.04    0.03    0.03 ^ clk (in)
     1    0.01                           clk (net)
                  0.04    0.00    0.03 ^ clkbuf_0_clk/A (sky130_fd_sc_hd__clkbuf_16)
                  0.03    0.09    0.12 ^ clkbuf_0_clk/X (sky130_fd_sc_hd__clkbuf_16)
     2    0.02                           clknet_0_clk (net)
                  0.03    0.00    0.12 ^ clkbuf_1_1__f_clk/A (sky130_fd_sc_hd__clkbuf_16)
                  0.03    0.08    0.20 ^ clkbuf_1_1__f_clk/X (sky130_fd_sc_hd__clkbuf_16)
     4    0.01                           clknet_1_1__leaf_clk (net)
                  0.03    0.00    0.20 ^ _57_/CLK (sky130_fd_sc_hd__dfrtp_1)
                          0.25    0.45   clock uncertainty
                          0.00    0.45   clock reconvergence pessimism
                          0.20    0.65   library removal time
                                  0.65   data required time
-----------------------------------------------------------------------------
                                  0.65   data required time
                                 -2.16   data arrival time
-----------------------------------------------------------------------------
                                  1.51   slack (MET)


Startpoint: rst (input port clocked by clk)
Endpoint: _50_ (removal check against rising-edge clock clk)
Path Group: asynchronous
Path Type: min
Corner: Fastest

Fanout     Cap    Slew   Delay    Time   Description
-----------------------------------------------------------------------------
                          0.00    0.00   clock clk (rise edge)
                          0.00    0.00   clock network delay (propagated)
                          2.00    2.00 v input external delay
                  0.00    0.00    2.00 v rst (in)
     1    0.00                           rst (net)
                  0.00    0.00    2.00 v input1/A (sky130_fd_sc_hd__clkbuf_4)
                  0.07    0.12    2.12 v input1/X (sky130_fd_sc_hd__clkbuf_4)
     8    0.04                           net1 (net)
                  0.07    0.00    2.12 v _42_/A (sky130_fd_sc_hd__inv_2)
                  0.03    0.04    2.16 ^ _42_/Y (sky130_fd_sc_hd__inv_2)
     1    0.00                           _08_ (net)
                  0.03    0.00    2.16 ^ _50_/RESET_B (sky130_fd_sc_hd__dfrtp_1)
                                  2.16   data arrival time

                          0.00    0.00   clock clk (rise edge)
                          0.00    0.00   clock source latency
                  0.04    0.03    0.03 ^ clk (in)
     1    0.01                           clk (net)
                  0.04    0.00    0.03 ^ clkbuf_0_clk/A (sky130_fd_sc_hd__clkbuf_16)
                  0.03    0.09    0.12 ^ clkbuf_0_clk/X (sky130_fd_sc_hd__clkbuf_16)
     2    0.02                           clknet_0_clk (net)
                  0.03    0.00    0.12 ^ clkbuf_1_0__f_clk/A (sky130_fd_sc_hd__clkbuf_16)
                  0.03    0.08    0.20 ^ clkbuf_1_0__f_clk/X (sky130_fd_sc_hd__clkbuf_16)
     4    0.01                           clknet_1_0__leaf_clk (net)
                  0.03    0.00    0.20 ^ _50_/CLK (sky130_fd_sc_hd__dfrtp_1)
                          0.25    0.45   clock uncertainty
                          0.00    0.45   clock reconvergence pessimism
                          0.20    0.65   library removal time
                                  0.65   data required time
-----------------------------------------------------------------------------
                                  0.65   data required time
                                 -2.16   data arrival time
-----------------------------------------------------------------------------
                                  1.51   slack (MET)


Startpoint: rst (input port clocked by clk)
Endpoint: _51_ (removal check against rising-edge clock clk)
Path Group: asynchronous
Path Type: min
Corner: Fastest

Fanout     Cap    Slew   Delay    Time   Description
-----------------------------------------------------------------------------
                          0.00    0.00   clock clk (rise edge)
                          0.00    0.00   clock network delay (propagated)
                          2.00    2.00 v input external delay
                  0.00    0.00    2.00 v rst (in)
     1    0.00                           rst (net)
                  0.00    0.00    2.00 v input1/A (sky130_fd_sc_hd__clkbuf_4)
                  0.07    0.12    2.12 v input1/X (sky130_fd_sc_hd__clkbuf_4)
     8    0.04                           net1 (net)
                  0.07    0.00    2.12 v _43_/A (sky130_fd_sc_hd__inv_2)
                  0.03    0.04    2.16 ^ _43_/Y (sky130_fd_sc_hd__inv_2)
     1    0.00                           _09_ (net)
                  0.03    0.00    2.16 ^ _51_/RESET_B (sky130_fd_sc_hd__dfrtp_1)
                                  2.16   data arrival time

                          0.00    0.00   clock clk (rise edge)
                          0.00    0.00   clock source latency
                  0.04    0.03    0.03 ^ clk (in)
     1    0.01                           clk (net)
                  0.04    0.00    0.03 ^ clkbuf_0_clk/A (sky130_fd_sc_hd__clkbuf_16)
                  0.03    0.09    0.12 ^ clkbuf_0_clk/X (sky130_fd_sc_hd__clkbuf_16)
     2    0.02                           clknet_0_clk (net)
                  0.03    0.00    0.12 ^ clkbuf_1_0__f_clk/A (sky130_fd_sc_hd__clkbuf_16)
                  0.03    0.08    0.20 ^ clkbuf_1_0__f_clk/X (sky130_fd_sc_hd__clkbuf_16)
     4    0.01                           clknet_1_0__leaf_clk (net)
                  0.03    0.00    0.20 ^ _51_/CLK (sky130_fd_sc_hd__dfrtp_1)
                          0.25    0.45   clock uncertainty
                          0.00    0.45   clock reconvergence pessimism
                          0.20    0.65   library removal time
                                  0.65   data required time
-----------------------------------------------------------------------------
                                  0.65   data required time
                                 -2.16   data arrival time
-----------------------------------------------------------------------------
                                  1.51   slack (MET)


Startpoint: _57_ (rising edge-triggered flip-flop clocked by clk)
Endpoint: debug_out[7] (output port clocked by clk)
Path Group: clk
Path Type: min
Corner: Fastest

Fanout     Cap    Slew   Delay    Time   Description
-----------------------------------------------------------------------------
                          0.00    0.00   clock clk (rise edge)
                          0.00    0.00   clock source latency
                  0.04    0.03    0.03 ^ clk (in)
     1    0.01                           clk (net)
                  0.04    0.00    0.03 ^ clkbuf_0_clk/A (sky130_fd_sc_hd__clkbuf_16)
                  0.03    0.08    0.11 ^ clkbuf_0_clk/X (sky130_fd_sc_hd__clkbuf_16)
     2    0.02                           clknet_0_clk (net)
                  0.03    0.00    0.11 ^ clkbuf_1_1__f_clk/A (sky130_fd_sc_hd__clkbuf_16)
                  0.03    0.07    0.18 ^ clkbuf_1_1__f_clk/X (sky130_fd_sc_hd__clkbuf_16)
     4    0.01                           clknet_1_1__leaf_clk (net)
                  0.03    0.00    0.18 ^ _57_/CLK (sky130_fd_sc_hd__dfrtp_1)
                  0.05    0.20    0.39 ^ _57_/Q (sky130_fd_sc_hd__dfrtp_1)
     2    0.01                           net9 (net)
                  0.05    0.00    0.39 ^ output9/A (sky130_fd_sc_hd__clkbuf_4)
                  0.09    0.13    0.51 ^ output9/X (sky130_fd_sc_hd__clkbuf_4)
     1    0.04                           debug_out[7] (net)
                  0.09    0.00    0.51 ^ debug_out[7] (out)
                                  0.51   data arrival time

                          0.00    0.00   clock clk (rise edge)
                          0.00    0.00   clock network delay (propagated)
                          0.25    0.25   clock uncertainty
                          0.00    0.25   clock reconvergence pessimism
                         -2.00   -1.75   output external delay
                                 -1.75   data required time
-----------------------------------------------------------------------------
                                 -1.75   data required time
                                 -0.51   data arrival time
-----------------------------------------------------------------------------
                                  2.26   slack (MET)


Startpoint: _56_ (rising edge-triggered flip-flop clocked by clk)
Endpoint: debug_out[6] (output port clocked by clk)
Path Group: clk
Path Type: min
Corner: Fastest

Fanout     Cap    Slew   Delay    Time   Description
-----------------------------------------------------------------------------
                          0.00    0.00   clock clk (rise edge)
                          0.00    0.00   clock source latency
                  0.04    0.03    0.03 ^ clk (in)
     1    0.01                           clk (net)
                  0.04    0.00    0.03 ^ clkbuf_0_clk/A (sky130_fd_sc_hd__clkbuf_16)
                  0.03    0.08    0.11 ^ clkbuf_0_clk/X (sky130_fd_sc_hd__clkbuf_16)
     2    0.02                           clknet_0_clk (net)
                  0.03    0.00    0.11 ^ clkbuf_1_1__f_clk/A (sky130_fd_sc_hd__clkbuf_16)
                  0.03    0.07    0.18 ^ clkbuf_1_1__f_clk/X (sky130_fd_sc_hd__clkbuf_16)
     4    0.01                           clknet_1_1__leaf_clk (net)
                  0.03    0.00    0.18 ^ _56_/CLK (sky130_fd_sc_hd__dfrtp_1)
                  0.07    0.21    0.40 ^ _56_/Q (sky130_fd_sc_hd__dfrtp_1)
     3    0.01                           net8 (net)
                  0.07    0.00    0.40 ^ output8/A (sky130_fd_sc_hd__clkbuf_4)
                  0.08    0.13    0.53 ^ output8/X (sky130_fd_sc_hd__clkbuf_4)
     1    0.03                           debug_out[6] (net)
                  0.08    0.00    0.53 ^ debug_out[6] (out)
                                  0.53   data arrival time

                          0.00    0.00   clock clk (rise edge)
                          0.00    0.00   clock network delay (propagated)
                          0.25    0.25   clock uncertainty
                          0.00    0.25   clock reconvergence pessimism
                         -2.00   -1.75   output external delay
                                 -1.75   data required time
-----------------------------------------------------------------------------
                                 -1.75   data required time
                                 -0.53   data arrival time
-----------------------------------------------------------------------------
                                  2.28   slack (MET)


Startpoint: _53_ (rising edge-triggered flip-flop clocked by clk)
Endpoint: debug_out[3] (output port clocked by clk)
Path Group: clk
Path Type: min
Corner: Fastest

Fanout     Cap    Slew   Delay    Time   Description
-----------------------------------------------------------------------------
                          0.00    0.00   clock clk (rise edge)
                          0.00    0.00   clock source latency
                  0.04    0.03    0.03 ^ clk (in)
     1    0.01                           clk (net)
                  0.04    0.00    0.03 ^ clkbuf_0_clk/A (sky130_fd_sc_hd__clkbuf_16)
                  0.03    0.08    0.11 ^ clkbuf_0_clk/X (sky130_fd_sc_hd__clkbuf_16)
     2    0.02                           clknet_0_clk (net)
                  0.03    0.00    0.11 ^ clkbuf_1_0__f_clk/A (sky130_fd_sc_hd__clkbuf_16)
                  0.03    0.07    0.18 ^ clkbuf_1_0__f_clk/X (sky130_fd_sc_hd__clkbuf_16)
     4    0.01                           clknet_1_0__leaf_clk (net)
                  0.03    0.00    0.18 ^ _53_/CLK (sky130_fd_sc_hd__dfrtp_1)
                  0.08    0.22    0.40 ^ _53_/Q (sky130_fd_sc_hd__dfrtp_1)
     3    0.01                           net5 (net)
                  0.08    0.00    0.40 ^ output5/A (sky130_fd_sc_hd__clkbuf_4)
                  0.08    0.13    0.54 ^ output5/X (sky130_fd_sc_hd__clkbuf_4)
     1    0.03                           debug_out[3] (net)
                  0.08    0.00    0.54 ^ debug_out[3] (out)
                                  0.54   data arrival time

                          0.00    0.00   clock clk (rise edge)
                          0.00    0.00   clock network delay (propagated)
                          0.25    0.25   clock uncertainty
                          0.00    0.25   clock reconvergence pessimism
                         -2.00   -1.75   output external delay
                                 -1.75   data required time
-----------------------------------------------------------------------------
                                 -1.75   data required time
                                 -0.54   data arrival time
-----------------------------------------------------------------------------
                                  2.29   slack (MET)


Startpoint: _54_ (rising edge-triggered flip-flop clocked by clk)
Endpoint: debug_out[4] (output port clocked by clk)
Path Group: clk
Path Type: min
Corner: Fastest

Fanout     Cap    Slew   Delay    Time   Description
-----------------------------------------------------------------------------
                          0.00    0.00   clock clk (rise edge)
                          0.00    0.00   clock source latency
                  0.04    0.03    0.03 ^ clk (in)
     1    0.01                           clk (net)
                  0.04    0.00    0.03 ^ clkbuf_0_clk/A (sky130_fd_sc_hd__clkbuf_16)
                  0.03    0.08    0.11 ^ clkbuf_0_clk/X (sky130_fd_sc_hd__clkbuf_16)
     2    0.02                           clknet_0_clk (net)
                  0.03    0.00    0.11 ^ clkbuf_1_1__f_clk/A (sky130_fd_sc_hd__clkbuf_16)
                  0.03    0.07    0.18 ^ clkbuf_1_1__f_clk/X (sky130_fd_sc_hd__clkbuf_16)
     4    0.01                           clknet_1_1__leaf_clk (net)
                  0.03    0.00    0.18 ^ _54_/CLK (sky130_fd_sc_hd__dfrtp_1)
                  0.08    0.22    0.41 ^ _54_/Q (sky130_fd_sc_hd__dfrtp_1)
     4    0.01                           net6 (net)
                  0.08    0.00    0.41 ^ output6/A (sky130_fd_sc_hd__clkbuf_4)
                  0.09    0.13    0.54 ^ output6/X (sky130_fd_sc_hd__clkbuf_4)
     1    0.03                           debug_out[4] (net)
                  0.09    0.00    0.54 ^ debug_out[4] (out)
                                  0.54   data arrival time

                          0.00    0.00   clock clk (rise edge)
                          0.00    0.00   clock network delay (propagated)
                          0.25    0.25   clock uncertainty
                          0.00    0.25   clock reconvergence pessimism
                         -2.00   -1.75   output external delay
                                 -1.75   data required time
-----------------------------------------------------------------------------
                                 -1.75   data required time
                                 -0.54   data arrival time
-----------------------------------------------------------------------------
                                  2.29   slack (MET)


Startpoint: _52_ (rising edge-triggered flip-flop clocked by clk)
Endpoint: debug_out[2] (output port clocked by clk)
Path Group: clk
Path Type: min
Corner: Fastest

Fanout     Cap    Slew   Delay    Time   Description
-----------------------------------------------------------------------------
                          0.00    0.00   clock clk (rise edge)
                          0.00    0.00   clock source latency
                  0.04    0.03    0.03 ^ clk (in)
     1    0.01                           clk (net)
                  0.04    0.00    0.03 ^ clkbuf_0_clk/A (sky130_fd_sc_hd__clkbuf_16)
                  0.03    0.08    0.11 ^ clkbuf_0_clk/X (sky130_fd_sc_hd__clkbuf_16)
     2    0.02                           clknet_0_clk (net)
                  0.03    0.00    0.11 ^ clkbuf_1_0__f_clk/A (sky130_fd_sc_hd__clkbuf_16)
                  0.03    0.07    0.18 ^ clkbuf_1_0__f_clk/X (sky130_fd_sc_hd__clkbuf_16)
     4    0.01                           clknet_1_0__leaf_clk (net)
                  0.03    0.00    0.18 ^ _52_/CLK (sky130_fd_sc_hd__dfrtp_1)
                  0.08    0.22    0.41 ^ _52_/Q (sky130_fd_sc_hd__dfrtp_1)
     4    0.01                           net4 (net)
                  0.08    0.00    0.41 ^ output4/A (sky130_fd_sc_hd__clkbuf_4)
                  0.09    0.13    0.54 ^ output4/X (sky130_fd_sc_hd__clkbuf_4)
     1    0.04                           debug_out[2] (net)
                  0.09    0.00    0.54 ^ debug_out[2] (out)
                                  0.54   data arrival time

                          0.00    0.00   clock clk (rise edge)
                          0.00    0.00   clock network delay (propagated)
                          0.25    0.25   clock uncertainty
                          0.00    0.25   clock reconvergence pessimism
                         -2.00   -1.75   output external delay
                                 -1.75   data required time
-----------------------------------------------------------------------------
                                 -1.75   data required time
                                 -0.54   data arrival time
-----------------------------------------------------------------------------
                                  2.29   slack (MET)


Startpoint: _55_ (rising edge-triggered flip-flop clocked by clk)
Endpoint: debug_out[5] (output port clocked by clk)
Path Group: clk
Path Type: min
Corner: Fastest

Fanout     Cap    Slew   Delay    Time   Description
-----------------------------------------------------------------------------
                          0.00    0.00   clock clk (rise edge)
                          0.00    0.00   clock source latency
                  0.04    0.03    0.03 ^ clk (in)
     1    0.01                           clk (net)
                  0.04    0.00    0.03 ^ clkbuf_0_clk/A (sky130_fd_sc_hd__clkbuf_16)
                  0.03    0.08    0.11 ^ clkbuf_0_clk/X (sky130_fd_sc_hd__clkbuf_16)
     2    0.02                           clknet_0_clk (net)
                  0.03    0.00    0.11 ^ clkbuf_1_1__f_clk/A (sky130_fd_sc_hd__clkbuf_16)
                  0.03    0.07    0.18 ^ clkbuf_1_1__f_clk/X (sky130_fd_sc_hd__clkbuf_16)
     4    0.01                           clknet_1_1__leaf_clk (net)
                  0.03    0.00    0.18 ^ _55_/CLK (sky130_fd_sc_hd__dfrtp_1)
                  0.06    0.24    0.43 v _55_/Q (sky130_fd_sc_hd__dfrtp_1)
     4    0.01                           net7 (net)
                  0.06    0.00    0.43 v output7/A (sky130_fd_sc_hd__clkbuf_4)
                  0.06    0.13    0.55 v output7/X (sky130_fd_sc_hd__clkbuf_4)
     1    0.03                           debug_out[5] (net)
                  0.06    0.00    0.55 v debug_out[5] (out)
                                  0.55   data arrival time

                          0.00    0.00   clock clk (rise edge)
                          0.00    0.00   clock network delay (propagated)
                          0.25    0.25   clock uncertainty
                          0.00    0.25   clock reconvergence pessimism
                         -2.00   -1.75   output external delay
                                 -1.75   data required time
-----------------------------------------------------------------------------
                                 -1.75   data required time
                                 -0.55   data arrival time
-----------------------------------------------------------------------------
                                  2.30   slack (MET)


Startpoint: _51_ (rising edge-triggered flip-flop clocked by clk)
Endpoint: debug_out[1] (output port clocked by clk)
Path Group: clk
Path Type: min
Corner: Fastest

Fanout     Cap    Slew   Delay    Time   Description
-----------------------------------------------------------------------------
                          0.00    0.00   clock clk (rise edge)
                          0.00    0.00   clock source latency
                  0.04    0.03    0.03 ^ clk (in)
     1    0.01                           clk (net)
                  0.04    0.00    0.03 ^ clkbuf_0_clk/A (sky130_fd_sc_hd__clkbuf_16)
                  0.03    0.08    0.11 ^ clkbuf_0_clk/X (sky130_fd_sc_hd__clkbuf_16)
     2    0.02                           clknet_0_clk (net)
                  0.03    0.00    0.11 ^ clkbuf_1_0__f_clk/A (sky130_fd_sc_hd__clkbuf_16)
                  0.03    0.07    0.18 ^ clkbuf_1_0__f_clk/X (sky130_fd_sc_hd__clkbuf_16)
     4    0.01                           clknet_1_0__leaf_clk (net)
                  0.03    0.00    0.18 ^ _51_/CLK (sky130_fd_sc_hd__dfrtp_1)
                  0.07    0.25    0.44 v _51_/Q (sky130_fd_sc_hd__dfrtp_1)
     5    0.02                           net3 (net)
                  0.07    0.00    0.44 v output3/A (sky130_fd_sc_hd__buf_2)
                  0.06    0.13    0.57 v output3/X (sky130_fd_sc_hd__buf_2)
     1    0.03                           debug_out[1] (net)
                  0.06    0.00    0.57 v debug_out[1] (out)
                                  0.57   data arrival time

                          0.00    0.00   clock clk (rise edge)
                          0.00    0.00   clock network delay (propagated)
                          0.25    0.25   clock uncertainty
                          0.00    0.25   clock reconvergence pessimism
                         -2.00   -1.75   output external delay
                                 -1.75   data required time
-----------------------------------------------------------------------------
                                 -1.75   data required time
                                 -0.57   data arrival time
-----------------------------------------------------------------------------
                                  2.32   slack (MET)


Startpoint: _50_ (rising edge-triggered flip-flop clocked by clk)
Endpoint: debug_out[0] (output port clocked by clk)
Path Group: clk
Path Type: min
Corner: Fastest

Fanout     Cap    Slew   Delay    Time   Description
-----------------------------------------------------------------------------
                          0.00    0.00   clock clk (rise edge)
                          0.00    0.00   clock source latency
                  0.04    0.03    0.03 ^ clk (in)
     1    0.01                           clk (net)
                  0.04    0.00    0.03 ^ clkbuf_0_clk/A (sky130_fd_sc_hd__clkbuf_16)
                  0.03    0.08    0.11 ^ clkbuf_0_clk/X (sky130_fd_sc_hd__clkbuf_16)
     2    0.02                           clknet_0_clk (net)
                  0.03    0.00    0.11 ^ clkbuf_1_0__f_clk/A (sky130_fd_sc_hd__clkbuf_16)
                  0.03    0.07    0.18 ^ clkbuf_1_0__f_clk/X (sky130_fd_sc_hd__clkbuf_16)
     4    0.01                           clknet_1_0__leaf_clk (net)
                  0.03    0.00    0.18 ^ _50_/CLK (sky130_fd_sc_hd__dfrtp_1)
                  0.07    0.25    0.44 v _50_/Q (sky130_fd_sc_hd__dfrtp_1)
     6    0.02                           net2 (net)
                  0.07    0.00    0.44 v output2/A (sky130_fd_sc_hd__clkbuf_4)
                  0.06    0.14    0.57 v output2/X (sky130_fd_sc_hd__clkbuf_4)
     1    0.04                           debug_out[0] (net)
                  0.06    0.00    0.57 v debug_out[0] (out)
                                  0.57   data arrival time

                          0.00    0.00   clock clk (rise edge)
                          0.00    0.00   clock network delay (propagated)
                          0.25    0.25   clock uncertainty
                          0.00    0.25   clock reconvergence pessimism
                         -2.00   -1.75   output external delay
                                 -1.75   data required time
-----------------------------------------------------------------------------
                                 -1.75   data required time
                                 -0.57   data arrival time
-----------------------------------------------------------------------------
                                  2.32   slack (MET)



======================= Slowest Corner ===================================

Startpoint: _50_ (rising edge-triggered flip-flop clocked by clk)
Endpoint: _52_ (rising edge-triggered flip-flop clocked by clk)
Path Group: clk
Path Type: min
Corner: Slowest

Fanout     Cap    Slew   Delay    Time   Description
-----------------------------------------------------------------------------
                          0.00    0.00   clock clk (rise edge)
                          0.00    0.00   clock source latency
                  0.09    0.06    0.06 ^ clk (in)
     1    0.01                           clk (net)
                  0.09    0.00    0.06 ^ clkbuf_0_clk/A (sky130_fd_sc_hd__clkbuf_16)
                  0.07    0.22    0.27 ^ clkbuf_0_clk/X (sky130_fd_sc_hd__clkbuf_16)
     2    0.02                           clknet_0_clk (net)
                  0.07    0.00    0.27 ^ clkbuf_1_0__f_clk/A (sky130_fd_sc_hd__clkbuf_16)
                  0.06    0.20    0.47 ^ clkbuf_1_0__f_clk/X (sky130_fd_sc_hd__clkbuf_16)
     4    0.01                           clknet_1_0__leaf_clk (net)
                  0.06    0.00    0.47 ^ _50_/CLK (sky130_fd_sc_hd__dfrtp_1)
                  0.19    0.81    1.28 v _50_/Q (sky130_fd_sc_hd__dfrtp_1)
     6    0.02                           net2 (net)
                  0.19    0.00    1.28 v _26_/A (sky130_fd_sc_hd__nand2_1)
                  0.14    0.19    1.47 ^ _26_/Y (sky130_fd_sc_hd__nand2_1)
     2    0.01                           _16_ (net)
                  0.14    0.00    1.47 ^ _30_/B (sky130_fd_sc_hd__xnor2_1)
                  0.07    0.13    1.60 v _30_/Y (sky130_fd_sc_hd__xnor2_1)
     1    0.00                           _02_ (net)
                  0.07    0.00    1.60 v _52_/D (sky130_fd_sc_hd__dfrtp_1)
                                  1.60   data arrival time

                          0.00    0.00   clock clk (rise edge)
                          0.00    0.00   clock source latency
                  0.09    0.06    0.06 ^ clk (in)
     1    0.01                           clk (net)
                  0.09    0.00    0.06 ^ clkbuf_0_clk/A (sky130_fd_sc_hd__clkbuf_16)
                  0.07    0.24    0.30 ^ clkbuf_0_clk/X (sky130_fd_sc_hd__clkbuf_16)
     2    0.02                           clknet_0_clk (net)
                  0.07    0.00    0.30 ^ clkbuf_1_0__f_clk/A (sky130_fd_sc_hd__clkbuf_16)
                  0.06    0.22    0.52 ^ clkbuf_1_0__f_clk/X (sky130_fd_sc_hd__clkbuf_16)
     4    0.01                           clknet_1_0__leaf_clk (net)
                  0.06    0.00    0.52 ^ _52_/CLK (sky130_fd_sc_hd__dfrtp_1)
                          0.25    0.77   clock uncertainty
                         -0.05    0.72   clock reconvergence pessimism
                         -0.10    0.62   library hold time
                                  0.62   data required time
-----------------------------------------------------------------------------
                                  0.62   data required time
                                 -1.60   data arrival time
-----------------------------------------------------------------------------
                                  0.98   slack (MET)


Startpoint: rst (input port clocked by clk)
Endpoint: _56_ (removal check against rising-edge clock clk)
Path Group: asynchronous
Path Type: min
Corner: Slowest

Fanout     Cap    Slew   Delay    Time   Description
-----------------------------------------------------------------------------
                          0.00    0.00   clock clk (rise edge)
                          0.00    0.00   clock network delay (propagated)
                          2.00    2.00 v input external delay
                  0.02    0.01    2.01 v rst (in)
     1    0.00                           rst (net)
                  0.02    0.00    2.01 v input1/A (sky130_fd_sc_hd__clkbuf_4)
                  0.17    0.31    2.32 v input1/X (sky130_fd_sc_hd__clkbuf_4)
     8    0.04                           net1 (net)
                  0.17    0.00    2.32 v _48_/A (sky130_fd_sc_hd__inv_2)
                  0.06    0.10    2.42 ^ _48_/Y (sky130_fd_sc_hd__inv_2)
     1    0.00                           _14_ (net)
                  0.06    0.00    2.42 ^ _56_/RESET_B (sky130_fd_sc_hd__dfrtp_1)
                                  2.42   data arrival time

                          0.00    0.00   clock clk (rise edge)
                          0.00    0.00   clock source latency
                  0.09    0.06    0.06 ^ clk (in)
     1    0.01                           clk (net)
                  0.09    0.00    0.06 ^ clkbuf_0_clk/A (sky130_fd_sc_hd__clkbuf_16)
                  0.07    0.24    0.30 ^ clkbuf_0_clk/X (sky130_fd_sc_hd__clkbuf_16)
     2    0.02                           clknet_0_clk (net)
                  0.07    0.00    0.30 ^ clkbuf_1_1__f_clk/A (sky130_fd_sc_hd__clkbuf_16)
                  0.06    0.22    0.52 ^ clkbuf_1_1__f_clk/X (sky130_fd_sc_hd__clkbuf_16)
     4    0.01                           clknet_1_1__leaf_clk (net)
                  0.06    0.00    0.52 ^ _56_/CLK (sky130_fd_sc_hd__dfrtp_1)
                          0.25    0.77   clock uncertainty
                          0.00    0.77   clock reconvergence pessimism
                          0.65    1.42   library removal time
                                  1.42   data required time
-----------------------------------------------------------------------------
                                  1.42   data required time
                                 -2.42   data arrival time
-----------------------------------------------------------------------------
                                  1.00   slack (MET)


Startpoint: rst (input port clocked by clk)
Endpoint: _54_ (removal check against rising-edge clock clk)
Path Group: asynchronous
Path Type: min
Corner: Slowest

Fanout     Cap    Slew   Delay    Time   Description
-----------------------------------------------------------------------------
                          0.00    0.00   clock clk (rise edge)
                          0.00    0.00   clock network delay (propagated)
                          2.00    2.00 v input external delay
                  0.02    0.01    2.01 v rst (in)
     1    0.00                           rst (net)
                  0.02    0.00    2.01 v input1/A (sky130_fd_sc_hd__clkbuf_4)
                  0.17    0.31    2.32 v input1/X (sky130_fd_sc_hd__clkbuf_4)
     8    0.04                           net1 (net)
                  0.17    0.00    2.32 v _46_/A (sky130_fd_sc_hd__inv_2)
                  0.06    0.10    2.42 ^ _46_/Y (sky130_fd_sc_hd__inv_2)
     1    0.00                           _12_ (net)
                  0.06    0.00    2.42 ^ _54_/RESET_B (sky130_fd_sc_hd__dfrtp_1)
                                  2.42   data arrival time

                          0.00    0.00   clock clk (rise edge)
                          0.00    0.00   clock source latency
                  0.09    0.06    0.06 ^ clk (in)
     1    0.01                           clk (net)
                  0.09    0.00    0.06 ^ clkbuf_0_clk/A (sky130_fd_sc_hd__clkbuf_16)
                  0.07    0.24    0.30 ^ clkbuf_0_clk/X (sky130_fd_sc_hd__clkbuf_16)
     2    0.02                           clknet_0_clk (net)
                  0.07    0.00    0.30 ^ clkbuf_1_1__f_clk/A (sky130_fd_sc_hd__clkbuf_16)
                  0.06    0.22    0.52 ^ clkbuf_1_1__f_clk/X (sky130_fd_sc_hd__clkbuf_16)
     4    0.01                           clknet_1_1__leaf_clk (net)
                  0.06    0.00    0.52 ^ _54_/CLK (sky130_fd_sc_hd__dfrtp_1)
                          0.25    0.77   clock uncertainty
                          0.00    0.77   clock reconvergence pessimism
                          0.65    1.42   library removal time
                                  1.42   data required time
-----------------------------------------------------------------------------
                                  1.42   data required time
                                 -2.42   data arrival time
-----------------------------------------------------------------------------
                                  1.00   slack (MET)


Startpoint: rst (input port clocked by clk)
Endpoint: _55_ (removal check against rising-edge clock clk)
Path Group: asynchronous
Path Type: min
Corner: Slowest

Fanout     Cap    Slew   Delay    Time   Description
-----------------------------------------------------------------------------
                          0.00    0.00   clock clk (rise edge)
                          0.00    0.00   clock network delay (propagated)
                          2.00    2.00 v input external delay
                  0.02    0.01    2.01 v rst (in)
     1    0.00                           rst (net)
                  0.02    0.00    2.01 v input1/A (sky130_fd_sc_hd__clkbuf_4)
                  0.17    0.31    2.32 v input1/X (sky130_fd_sc_hd__clkbuf_4)
     8    0.04                           net1 (net)
                  0.17    0.00    2.32 v _47_/A (sky130_fd_sc_hd__inv_2)
                  0.06    0.10    2.42 ^ _47_/Y (sky130_fd_sc_hd__inv_2)
     1    0.00                           _13_ (net)
                  0.06    0.00    2.42 ^ _55_/RESET_B (sky130_fd_sc_hd__dfrtp_1)
                                  2.42   data arrival time

                          0.00    0.00   clock clk (rise edge)
                          0.00    0.00   clock source latency
                  0.09    0.06    0.06 ^ clk (in)
     1    0.01                           clk (net)
                  0.09    0.00    0.06 ^ clkbuf_0_clk/A (sky130_fd_sc_hd__clkbuf_16)
                  0.07    0.24    0.30 ^ clkbuf_0_clk/X (sky130_fd_sc_hd__clkbuf_16)
     2    0.02                           clknet_0_clk (net)
                  0.07    0.00    0.30 ^ clkbuf_1_1__f_clk/A (sky130_fd_sc_hd__clkbuf_16)
                  0.06    0.22    0.52 ^ clkbuf_1_1__f_clk/X (sky130_fd_sc_hd__clkbuf_16)
     4    0.01                           clknet_1_1__leaf_clk (net)
                  0.06    0.00    0.52 ^ _55_/CLK (sky130_fd_sc_hd__dfrtp_1)
                          0.25    0.77   clock uncertainty
                          0.00    0.77   clock reconvergence pessimism
                          0.65    1.42   library removal time
                                  1.42   data required time
-----------------------------------------------------------------------------
                                  1.42   data required time
                                 -2.42   data arrival time
-----------------------------------------------------------------------------
                                  1.00   slack (MET)


Startpoint: rst (input port clocked by clk)
Endpoint: _53_ (removal check against rising-edge clock clk)
Path Group: asynchronous
Path Type: min
Corner: Slowest

Fanout     Cap    Slew   Delay    Time   Description
-----------------------------------------------------------------------------
                          0.00    0.00   clock clk (rise edge)
                          0.00    0.00   clock network delay (propagated)
                          2.00    2.00 v input external delay
                  0.02    0.01    2.01 v rst (in)
     1    0.00                           rst (net)
                  0.02    0.00    2.01 v input1/A (sky130_fd_sc_hd__clkbuf_4)
                  0.17    0.31    2.32 v input1/X (sky130_fd_sc_hd__clkbuf_4)
     8    0.04                           net1 (net)
                  0.17    0.00    2.32 v _45_/A (sky130_fd_sc_hd__inv_2)
                  0.06    0.10    2.42 ^ _45_/Y (sky130_fd_sc_hd__inv_2)
     1    0.00                           _11_ (net)
                  0.06    0.00    2.42 ^ _53_/RESET_B (sky130_fd_sc_hd__dfrtp_1)
                                  2.42   data arrival time

                          0.00    0.00   clock clk (rise edge)
                          0.00    0.00   clock source latency
                  0.09    0.06    0.06 ^ clk (in)
     1    0.01                           clk (net)
                  0.09    0.00    0.06 ^ clkbuf_0_clk/A (sky130_fd_sc_hd__clkbuf_16)
                  0.07    0.24    0.30 ^ clkbuf_0_clk/X (sky130_fd_sc_hd__clkbuf_16)
     2    0.02                           clknet_0_clk (net)
                  0.07    0.00    0.30 ^ clkbuf_1_0__f_clk/A (sky130_fd_sc_hd__clkbuf_16)
                  0.06    0.22    0.52 ^ clkbuf_1_0__f_clk/X (sky130_fd_sc_hd__clkbuf_16)
     4    0.01                           clknet_1_0__leaf_clk (net)
                  0.06    0.00    0.52 ^ _53_/CLK (sky130_fd_sc_hd__dfrtp_1)
                          0.25    0.77   clock uncertainty
                          0.00    0.77   clock reconvergence pessimism
                          0.65    1.42   library removal time
                                  1.42   data required time
-----------------------------------------------------------------------------
                                  1.42   data required time
                                 -2.42   data arrival time
-----------------------------------------------------------------------------
                                  1.00   slack (MET)


Startpoint: rst (input port clocked by clk)
Endpoint: _52_ (removal check against rising-edge clock clk)
Path Group: asynchronous
Path Type: min
Corner: Slowest

Fanout     Cap    Slew   Delay    Time   Description
-----------------------------------------------------------------------------
                          0.00    0.00   clock clk (rise edge)
                          0.00    0.00   clock network delay (propagated)
                          2.00    2.00 v input external delay
                  0.02    0.01    2.01 v rst (in)
     1    0.00                           rst (net)
                  0.02    0.00    2.01 v input1/A (sky130_fd_sc_hd__clkbuf_4)
                  0.17    0.31    2.32 v input1/X (sky130_fd_sc_hd__clkbuf_4)
     8    0.04                           net1 (net)
                  0.17    0.00    2.32 v _44_/A (sky130_fd_sc_hd__inv_2)
                  0.06    0.10    2.42 ^ _44_/Y (sky130_fd_sc_hd__inv_2)
     1    0.00                           _10_ (net)
                  0.06    0.00    2.42 ^ _52_/RESET_B (sky130_fd_sc_hd__dfrtp_1)
                                  2.42   data arrival time

                          0.00    0.00   clock clk (rise edge)
                          0.00    0.00   clock source latency
                  0.09    0.06    0.06 ^ clk (in)
     1    0.01                           clk (net)
                  0.09    0.00    0.06 ^ clkbuf_0_clk/A (sky130_fd_sc_hd__clkbuf_16)
                  0.07    0.24    0.30 ^ clkbuf_0_clk/X (sky130_fd_sc_hd__clkbuf_16)
     2    0.02                           clknet_0_clk (net)
                  0.07    0.00    0.30 ^ clkbuf_1_0__f_clk/A (sky130_fd_sc_hd__clkbuf_16)
                  0.06    0.22    0.52 ^ clkbuf_1_0__f_clk/X (sky130_fd_sc_hd__clkbuf_16)
     4    0.01                           clknet_1_0__leaf_clk (net)
                  0.06    0.00    0.52 ^ _52_/CLK (sky130_fd_sc_hd__dfrtp_1)
                          0.25    0.77   clock uncertainty
                          0.00    0.77   clock reconvergence pessimism
                          0.65    1.42   library removal time
                                  1.42   data required time
-----------------------------------------------------------------------------
                                  1.42   data required time
                                 -2.42   data arrival time
-----------------------------------------------------------------------------
                                  1.00   slack (MET)


Startpoint: rst (input port clocked by clk)
Endpoint: _57_ (removal check against rising-edge clock clk)
Path Group: asynchronous
Path Type: min
Corner: Slowest

Fanout     Cap    Slew   Delay    Time   Description
-----------------------------------------------------------------------------
                          0.00    0.00   clock clk (rise edge)
                          0.00    0.00   clock network delay (propagated)
                          2.00    2.00 v input external delay
                  0.02    0.01    2.01 v rst (in)
     1    0.00                           rst (net)
                  0.02    0.00    2.01 v input1/A (sky130_fd_sc_hd__clkbuf_4)
                  0.17    0.31    2.32 v input1/X (sky130_fd_sc_hd__clkbuf_4)
     8    0.04                           net1 (net)
                  0.17    0.00    2.32 v _49_/A (sky130_fd_sc_hd__inv_2)
                  0.06    0.10    2.42 ^ _49_/Y (sky130_fd_sc_hd__inv_2)
     1    0.00                           _15_ (net)
                  0.06    0.00    2.42 ^ _57_/RESET_B (sky130_fd_sc_hd__dfrtp_1)
                                  2.42   data arrival time

                          0.00    0.00   clock clk (rise edge)
                          0.00    0.00   clock source latency
                  0.09    0.06    0.06 ^ clk (in)
     1    0.01                           clk (net)
                  0.09    0.00    0.06 ^ clkbuf_0_clk/A (sky130_fd_sc_hd__clkbuf_16)
                  0.07    0.24    0.30 ^ clkbuf_0_clk/X (sky130_fd_sc_hd__clkbuf_16)
     2    0.02                           clknet_0_clk (net)
                  0.07    0.00    0.30 ^ clkbuf_1_1__f_clk/A (sky130_fd_sc_hd__clkbuf_16)
                  0.06    0.22    0.52 ^ clkbuf_1_1__f_clk/X (sky130_fd_sc_hd__clkbuf_16)
     4    0.01                           clknet_1_1__leaf_clk (net)
                  0.06    0.00    0.52 ^ _57_/CLK (sky130_fd_sc_hd__dfrtp_1)
                          0.25    0.77   clock uncertainty
                          0.00    0.77   clock reconvergence pessimism
                          0.65    1.42   library removal time
                                  1.42   data required time
-----------------------------------------------------------------------------
                                  1.42   data required time
                                 -2.42   data arrival time
-----------------------------------------------------------------------------
                                  1.00   slack (MET)


Startpoint: rst (input port clocked by clk)
Endpoint: _50_ (removal check against rising-edge clock clk)
Path Group: asynchronous
Path Type: min
Corner: Slowest

Fanout     Cap    Slew   Delay    Time   Description
-----------------------------------------------------------------------------
                          0.00    0.00   clock clk (rise edge)
                          0.00    0.00   clock network delay (propagated)
                          2.00    2.00 v input external delay
                  0.02    0.01    2.01 v rst (in)
     1    0.00                           rst (net)
                  0.02    0.00    2.01 v input1/A (sky130_fd_sc_hd__clkbuf_4)
                  0.17    0.31    2.32 v input1/X (sky130_fd_sc_hd__clkbuf_4)
     8    0.04                           net1 (net)
                  0.17    0.00    2.32 v _42_/A (sky130_fd_sc_hd__inv_2)
                  0.06    0.10    2.42 ^ _42_/Y (sky130_fd_sc_hd__inv_2)
     1    0.00                           _08_ (net)
                  0.06    0.00    2.42 ^ _50_/RESET_B (sky130_fd_sc_hd__dfrtp_1)
                                  2.42   data arrival time

                          0.00    0.00   clock clk (rise edge)
                          0.00    0.00   clock source latency
                  0.09    0.06    0.06 ^ clk (in)
     1    0.01                           clk (net)
                  0.09    0.00    0.06 ^ clkbuf_0_clk/A (sky130_fd_sc_hd__clkbuf_16)
                  0.07    0.24    0.30 ^ clkbuf_0_clk/X (sky130_fd_sc_hd__clkbuf_16)
     2    0.02                           clknet_0_clk (net)
                  0.07    0.00    0.30 ^ clkbuf_1_0__f_clk/A (sky130_fd_sc_hd__clkbuf_16)
                  0.06    0.22    0.52 ^ clkbuf_1_0__f_clk/X (sky130_fd_sc_hd__clkbuf_16)
     4    0.01                           clknet_1_0__leaf_clk (net)
                  0.06    0.00    0.52 ^ _50_/CLK (sky130_fd_sc_hd__dfrtp_1)
                          0.25    0.77   clock uncertainty
                          0.00    0.77   clock reconvergence pessimism
                          0.65    1.42   library removal time
                                  1.42   data required time
-----------------------------------------------------------------------------
                                  1.42   data required time
                                 -2.42   data arrival time
-----------------------------------------------------------------------------
                                  1.00   slack (MET)


Startpoint: rst (input port clocked by clk)
Endpoint: _51_ (removal check against rising-edge clock clk)
Path Group: asynchronous
Path Type: min
Corner: Slowest

Fanout     Cap    Slew   Delay    Time   Description
-----------------------------------------------------------------------------
                          0.00    0.00   clock clk (rise edge)
                          0.00    0.00   clock network delay (propagated)
                          2.00    2.00 v input external delay
                  0.02    0.01    2.01 v rst (in)
     1    0.00                           rst (net)
                  0.02    0.00    2.01 v input1/A (sky130_fd_sc_hd__clkbuf_4)
                  0.17    0.31    2.32 v input1/X (sky130_fd_sc_hd__clkbuf_4)
     8    0.04                           net1 (net)
                  0.17    0.00    2.32 v _43_/A (sky130_fd_sc_hd__inv_2)
                  0.06    0.11    2.42 ^ _43_/Y (sky130_fd_sc_hd__inv_2)
     1    0.00                           _09_ (net)
                  0.06    0.00    2.42 ^ _51_/RESET_B (sky130_fd_sc_hd__dfrtp_1)
                                  2.42   data arrival time

                          0.00    0.00   clock clk (rise edge)
                          0.00    0.00   clock source latency
                  0.09    0.06    0.06 ^ clk (in)
     1    0.01                           clk (net)
                  0.09    0.00    0.06 ^ clkbuf_0_clk/A (sky130_fd_sc_hd__clkbuf_16)
                  0.07    0.24    0.30 ^ clkbuf_0_clk/X (sky130_fd_sc_hd__clkbuf_16)
     2    0.02                           clknet_0_clk (net)
                  0.07    0.00    0.30 ^ clkbuf_1_0__f_clk/A (sky130_fd_sc_hd__clkbuf_16)
                  0.06    0.22    0.52 ^ clkbuf_1_0__f_clk/X (sky130_fd_sc_hd__clkbuf_16)
     4    0.01                           clknet_1_0__leaf_clk (net)
                  0.06    0.00    0.52 ^ _51_/CLK (sky130_fd_sc_hd__dfrtp_1)
                          0.25    0.77   clock uncertainty
                          0.00    0.77   clock reconvergence pessimism
                          0.65    1.42   library removal time
                                  1.42   data required time
-----------------------------------------------------------------------------
                                  1.42   data required time
                                 -2.42   data arrival time
-----------------------------------------------------------------------------
                                  1.00   slack (MET)


Startpoint: _54_ (rising edge-triggered flip-flop clocked by clk)
Endpoint: _55_ (rising edge-triggered flip-flop clocked by clk)
Path Group: clk
Path Type: min
Corner: Slowest

Fanout     Cap    Slew   Delay    Time   Description
-----------------------------------------------------------------------------
                          0.00    0.00   clock clk (rise edge)
                          0.00    0.00   clock source latency
                  0.09    0.06    0.06 ^ clk (in)
     1    0.01                           clk (net)
                  0.09    0.00    0.06 ^ clkbuf_0_clk/A (sky130_fd_sc_hd__clkbuf_16)
                  0.07    0.22    0.27 ^ clkbuf_0_clk/X (sky130_fd_sc_hd__clkbuf_16)
     2    0.02                           clknet_0_clk (net)
                  0.07    0.00    0.27 ^ clkbuf_1_1__f_clk/A (sky130_fd_sc_hd__clkbuf_16)
                  0.06    0.20    0.47 ^ clkbuf_1_1__f_clk/X (sky130_fd_sc_hd__clkbuf_16)
     4    0.01                           clknet_1_1__leaf_clk (net)
                  0.06    0.00    0.47 ^ _54_/CLK (sky130_fd_sc_hd__dfrtp_1)
                  0.17    0.68    1.15 ^ _54_/Q (sky130_fd_sc_hd__dfrtp_1)
     4    0.01                           net6 (net)
                  0.17    0.00    1.15 ^ _36_/A (sky130_fd_sc_hd__and3_1)
                  0.18    0.38    1.52 ^ _36_/X (sky130_fd_sc_hd__and3_1)
     2    0.01                           _22_ (net)
                  0.18    0.00    1.52 ^ _38_/A (sky130_fd_sc_hd__nor2_1)
                  0.06    0.12    1.64 v _38_/Y (sky130_fd_sc_hd__nor2_1)
     1    0.00                           _05_ (net)
                  0.06    0.00    1.64 v _55_/D (sky130_fd_sc_hd__dfrtp_1)
                                  1.64   data arrival time

                          0.00    0.00   clock clk (rise edge)
                          0.00    0.00   clock source latency
                  0.09    0.06    0.06 ^ clk (in)
     1    0.01                           clk (net)
                  0.09    0.00    0.06 ^ clkbuf_0_clk/A (sky130_fd_sc_hd__clkbuf_16)
                  0.07    0.24    0.30 ^ clkbuf_0_clk/X (sky130_fd_sc_hd__clkbuf_16)
     2    0.02                           clknet_0_clk (net)
                  0.07    0.00    0.30 ^ clkbuf_1_1__f_clk/A (sky130_fd_sc_hd__clkbuf_16)
                  0.06    0.22    0.52 ^ clkbuf_1_1__f_clk/X (sky130_fd_sc_hd__clkbuf_16)
     4    0.01                           clknet_1_1__leaf_clk (net)
                  0.06    0.00    0.52 ^ _55_/CLK (sky130_fd_sc_hd__dfrtp_1)
                          0.25    0.77   clock uncertainty
                         -0.05    0.72   clock reconvergence pessimism
                         -0.10    0.62   library hold time
                                  0.62   data required time
-----------------------------------------------------------------------------
                                  0.62   data required time
                                 -1.64   data arrival time
-----------------------------------------------------------------------------
                                  1.02   slack (MET)


Startpoint: _53_ (rising edge-triggered flip-flop clocked by clk)
Endpoint: _53_ (rising edge-triggered flip-flop clocked by clk)
Path Group: clk
Path Type: min
Corner: Slowest

Fanout     Cap    Slew   Delay    Time   Description
-----------------------------------------------------------------------------
                          0.00    0.00   clock clk (rise edge)
                          0.00    0.00   clock source latency
                  0.09    0.06    0.06 ^ clk (in)
     1    0.01                           clk (net)
                  0.09    0.00    0.06 ^ clkbuf_0_clk/A (sky130_fd_sc_hd__clkbuf_16)
                  0.07    0.22    0.27 ^ clkbuf_0_clk/X (sky130_fd_sc_hd__clkbuf_16)
     2    0.02                           clknet_0_clk (net)
                  0.07    0.00    0.27 ^ clkbuf_1_0__f_clk/A (sky130_fd_sc_hd__clkbuf_16)
                  0.06    0.20    0.47 ^ clkbuf_1_0__f_clk/X (sky130_fd_sc_hd__clkbuf_16)
     4    0.01                           clknet_1_0__leaf_clk (net)
                  0.06    0.00    0.47 ^ _53_/CLK (sky130_fd_sc_hd__dfrtp_1)
                  0.17    0.67    1.14 ^ _53_/Q (sky130_fd_sc_hd__dfrtp_1)
     3    0.01                           net5 (net)
                  0.17    0.00    1.14 ^ _32_/B1 (sky130_fd_sc_hd__a31o_1)
                  0.06    0.18    1.32 ^ _32_/X (sky130_fd_sc_hd__a31o_1)
     1    0.00                           _20_ (net)
                  0.06    0.00    1.32 ^ _33_/B (sky130_fd_sc_hd__and2b_1)
                  0.07    0.21    1.54 ^ _33_/X (sky130_fd_sc_hd__and2b_1)
     1    0.00                           _21_ (net)
                  0.07    0.00    1.54 ^ _34_/A (sky130_fd_sc_hd__clkbuf_1)
                  0.07    0.14    1.68 ^ _34_/X (sky130_fd_sc_hd__clkbuf_1)
     1    0.00                           _03_ (net)
                  0.07    0.00    1.68 ^ _53_/D (sky130_fd_sc_hd__dfrtp_1)
                                  1.68   data arrival time

                          0.00    0.00   clock clk (rise edge)
                          0.00    0.00   clock source latency
                  0.09    0.06    0.06 ^ clk (in)
     1    0.01                           clk (net)
                  0.09    0.00    0.06 ^ clkbuf_0_clk/A (sky130_fd_sc_hd__clkbuf_16)
                  0.07    0.24    0.30 ^ clkbuf_0_clk/X (sky130_fd_sc_hd__clkbuf_16)
     2    0.02                           clknet_0_clk (net)
                  0.07    0.00    0.30 ^ clkbuf_1_0__f_clk/A (sky130_fd_sc_hd__clkbuf_16)
                  0.06    0.22    0.52 ^ clkbuf_1_0__f_clk/X (sky130_fd_sc_hd__clkbuf_16)
     4    0.01                           clknet_1_0__leaf_clk (net)
                  0.06    0.00    0.52 ^ _53_/CLK (sky130_fd_sc_hd__dfrtp_1)
                          0.25    0.77   clock uncertainty
                         -0.05    0.72   clock reconvergence pessimism
                         -0.08    0.64   library hold time
                                  0.64   data required time
-----------------------------------------------------------------------------
                                  0.64   data required time
                                 -1.68   data arrival time
-----------------------------------------------------------------------------
                                  1.04   slack (MET)


Startpoint: _54_ (rising edge-triggered flip-flop clocked by clk)
Endpoint: _56_ (rising edge-triggered flip-flop clocked by clk)
Path Group: clk
Path Type: min
Corner: Slowest

Fanout     Cap    Slew   Delay    Time   Description
-----------------------------------------------------------------------------
                          0.00    0.00   clock clk (rise edge)
                          0.00    0.00   clock source latency
                  0.09    0.06    0.06 ^ clk (in)
     1    0.01                           clk (net)
                  0.09    0.00    0.06 ^ clkbuf_0_clk/A (sky130_fd_sc_hd__clkbuf_16)
                  0.07    0.22    0.27 ^ clkbuf_0_clk/X (sky130_fd_sc_hd__clkbuf_16)
     2    0.02                           clknet_0_clk (net)
                  0.07    0.00    0.27 ^ clkbuf_1_1__f_clk/A (sky130_fd_sc_hd__clkbuf_16)
                  0.06    0.20    0.47 ^ clkbuf_1_1__f_clk/X (sky130_fd_sc_hd__clkbuf_16)
     4    0.01                           clknet_1_1__leaf_clk (net)
                  0.06    0.00    0.47 ^ _54_/CLK (sky130_fd_sc_hd__dfrtp_1)
                  0.17    0.68    1.15 ^ _54_/Q (sky130_fd_sc_hd__dfrtp_1)
     4    0.01                           net6 (net)
                  0.17    0.00    1.15 ^ _36_/A (sky130_fd_sc_hd__and3_1)
                  0.18    0.38    1.52 ^ _36_/X (sky130_fd_sc_hd__and3_1)
     2    0.01                           _22_ (net)
                  0.18    0.00    1.52 ^ _39_/B (sky130_fd_sc_hd__xor2_1)
                  0.07    0.15    1.68 v _39_/X (sky130_fd_sc_hd__xor2_1)
     1    0.00                           _06_ (net)
                  0.07    0.00    1.68 v _56_/D (sky130_fd_sc_hd__dfrtp_1)
                                  1.68   data arrival time

                          0.00    0.00   clock clk (rise edge)
                          0.00    0.00   clock source latency
                  0.09    0.06    0.06 ^ clk (in)
     1    0.01                           clk (net)
                  0.09    0.00    0.06 ^ clkbuf_0_clk/A (sky130_fd_sc_hd__clkbuf_16)
                  0.07    0.24    0.30 ^ clkbuf_0_clk/X (sky130_fd_sc_hd__clkbuf_16)
     2    0.02                           clknet_0_clk (net)
                  0.07    0.00    0.30 ^ clkbuf_1_1__f_clk/A (sky130_fd_sc_hd__clkbuf_16)
                  0.06    0.22    0.52 ^ clkbuf_1_1__f_clk/X (sky130_fd_sc_hd__clkbuf_16)
     4    0.01                           clknet_1_1__leaf_clk (net)
                  0.06    0.00    0.52 ^ _56_/CLK (sky130_fd_sc_hd__dfrtp_1)
                          0.25    0.77   clock uncertainty
                         -0.05    0.72   clock reconvergence pessimism
                         -0.10    0.62   library hold time
                                  0.62   data required time
-----------------------------------------------------------------------------
                                  0.62   data required time
                                 -1.68   data arrival time
-----------------------------------------------------------------------------
                                  1.06   slack (MET)


Startpoint: _54_ (rising edge-triggered flip-flop clocked by clk)
Endpoint: _57_ (rising edge-triggered flip-flop clocked by clk)
Path Group: clk
Path Type: min
Corner: Slowest

Fanout     Cap    Slew   Delay    Time   Description
-----------------------------------------------------------------------------
                          0.00    0.00   clock clk (rise edge)
                          0.00    0.00   clock source latency
                  0.09    0.06    0.06 ^ clk (in)
     1    0.01                           clk (net)
                  0.09    0.00    0.06 ^ clkbuf_0_clk/A (sky130_fd_sc_hd__clkbuf_16)
                  0.07    0.22    0.27 ^ clkbuf_0_clk/X (sky130_fd_sc_hd__clkbuf_16)
     2    0.02                           clknet_0_clk (net)
                  0.07    0.00    0.27 ^ clkbuf_1_1__f_clk/A (sky130_fd_sc_hd__clkbuf_16)
                  0.06    0.20    0.47 ^ clkbuf_1_1__f_clk/X (sky130_fd_sc_hd__clkbuf_16)
     4    0.01                           clknet_1_1__leaf_clk (net)
                  0.06    0.00    0.47 ^ _54_/CLK (sky130_fd_sc_hd__dfrtp_1)
                  0.17    0.68    1.15 ^ _54_/Q (sky130_fd_sc_hd__dfrtp_1)
     4    0.01                           net6 (net)
                  0.17    0.00    1.15 ^ _40_/A (sky130_fd_sc_hd__and4_1)
                  0.14    0.39    1.54 ^ _40_/X (sky130_fd_sc_hd__and4_1)
     1    0.01                           _24_ (net)
                  0.14    0.00    1.54 ^ _41_/B (sky130_fd_sc_hd__xor2_1)
                  0.07    0.14    1.68 v _41_/X (sky130_fd_sc_hd__xor2_1)
     1    0.00                           _07_ (net)
                  0.07    0.00    1.68 v _57_/D (sky130_fd_sc_hd__dfrtp_1)
                                  1.68   data arrival time

                          0.00    0.00   clock clk (rise edge)
                          0.00    0.00   clock source latency
                  0.09    0.06    0.06 ^ clk (in)
     1    0.01                           clk (net)
                  0.09    0.00    0.06 ^ clkbuf_0_clk/A (sky130_fd_sc_hd__clkbuf_16)
                  0.07    0.24    0.30 ^ clkbuf_0_clk/X (sky130_fd_sc_hd__clkbuf_16)
     2    0.02                           clknet_0_clk (net)
                  0.07    0.00    0.30 ^ clkbuf_1_1__f_clk/A (sky130_fd_sc_hd__clkbuf_16)
                  0.06    0.22    0.52 ^ clkbuf_1_1__f_clk/X (sky130_fd_sc_hd__clkbuf_16)
     4    0.01                           clknet_1_1__leaf_clk (net)
                  0.06    0.00    0.52 ^ _57_/CLK (sky130_fd_sc_hd__dfrtp_1)
                          0.25    0.77   clock uncertainty
                         -0.05    0.72   clock reconvergence pessimism
                         -0.10    0.62   library hold time
                                  0.62   data required time
-----------------------------------------------------------------------------
                                  0.62   data required time
                                 -1.68   data arrival time
-----------------------------------------------------------------------------
                                  1.06   slack (MET)


Startpoint: _50_ (rising edge-triggered flip-flop clocked by clk)
Endpoint: _51_ (rising edge-triggered flip-flop clocked by clk)
Path Group: clk
Path Type: min
Corner: Slowest

Fanout     Cap    Slew   Delay    Time   Description
-----------------------------------------------------------------------------
                          0.00    0.00   clock clk (rise edge)
                          0.00    0.00   clock source latency
                  0.09    0.06    0.06 ^ clk (in)
     1    0.01                           clk (net)
                  0.09    0.00    0.06 ^ clkbuf_0_clk/A (sky130_fd_sc_hd__clkbuf_16)
                  0.07    0.22    0.27 ^ clkbuf_0_clk/X (sky130_fd_sc_hd__clkbuf_16)
     2    0.02                           clknet_0_clk (net)
                  0.07    0.00    0.27 ^ clkbuf_1_0__f_clk/A (sky130_fd_sc_hd__clkbuf_16)
                  0.06    0.20    0.47 ^ clkbuf_1_0__f_clk/X (sky130_fd_sc_hd__clkbuf_16)
     4    0.01                           clknet_1_0__leaf_clk (net)
                  0.06    0.00    0.47 ^ _50_/CLK (sky130_fd_sc_hd__dfrtp_1)
                  0.19    0.81    1.28 v _50_/Q (sky130_fd_sc_hd__dfrtp_1)
     6    0.02                           net2 (net)
                  0.19    0.00    1.28 v _26_/A (sky130_fd_sc_hd__nand2_1)
                  0.14    0.19    1.47 ^ _26_/Y (sky130_fd_sc_hd__nand2_1)
     2    0.01                           _16_ (net)
                  0.14    0.00    1.47 ^ _28_/A (sky130_fd_sc_hd__and2_1)
                  0.09    0.25    1.71 ^ _28_/X (sky130_fd_sc_hd__and2_1)
     1    0.00                           _18_ (net)
                  0.09    0.00    1.71 ^ _29_/A (sky130_fd_sc_hd__clkbuf_1)
                  0.07    0.15    1.86 ^ _29_/X (sky130_fd_sc_hd__clkbuf_1)
     1    0.00                           _01_ (net)
                  0.07    0.00    1.86 ^ _51_/D (sky130_fd_sc_hd__dfrtp_1)
                                  1.86   data arrival time

                          0.00    0.00   clock clk (rise edge)
                          0.00    0.00   clock source latency
                  0.09    0.06    0.06 ^ clk (in)
     1    0.01                           clk (net)
                  0.09    0.00    0.06 ^ clkbuf_0_clk/A (sky130_fd_sc_hd__clkbuf_16)
                  0.07    0.24    0.30 ^ clkbuf_0_clk/X (sky130_fd_sc_hd__clkbuf_16)
     2    0.02                           clknet_0_clk (net)
                  0.07    0.00    0.30 ^ clkbuf_1_0__f_clk/A (sky130_fd_sc_hd__clkbuf_16)
                  0.06    0.22    0.52 ^ clkbuf_1_0__f_clk/X (sky130_fd_sc_hd__clkbuf_16)
     4    0.01                           clknet_1_0__leaf_clk (net)
                  0.06    0.00    0.52 ^ _51_/CLK (sky130_fd_sc_hd__dfrtp_1)
                          0.25    0.77   clock uncertainty
                         -0.05    0.72   clock reconvergence pessimism
                         -0.08    0.64   library hold time
                                  0.64   data required time
-----------------------------------------------------------------------------
                                  0.64   data required time
                                 -1.86   data arrival time
-----------------------------------------------------------------------------
                                  1.23   slack (MET)


Startpoint: _53_ (rising edge-triggered flip-flop clocked by clk)
Endpoint: _54_ (rising edge-triggered flip-flop clocked by clk)
Path Group: clk
Path Type: min
Corner: Slowest

Fanout     Cap    Slew   Delay    Time   Description
-----------------------------------------------------------------------------
                          0.00    0.00   clock clk (rise edge)
                          0.00    0.00   clock source latency
                  0.09    0.06    0.06 ^ clk (in)
     1    0.01                           clk (net)
                  0.09    0.00    0.06 ^ clkbuf_0_clk/A (sky130_fd_sc_hd__clkbuf_16)
                  0.07    0.22    0.27 ^ clkbuf_0_clk/X (sky130_fd_sc_hd__clkbuf_16)
     2    0.02                           clknet_0_clk (net)
                  0.07    0.00    0.27 ^ clkbuf_1_0__f_clk/A (sky130_fd_sc_hd__clkbuf_16)
                  0.06    0.20    0.47 ^ clkbuf_1_0__f_clk/X (sky130_fd_sc_hd__clkbuf_16)
     4    0.01                           clknet_1_0__leaf_clk (net)
                  0.06    0.00    0.47 ^ _53_/CLK (sky130_fd_sc_hd__dfrtp_1)
                  0.17    0.67    1.14 ^ _53_/Q (sky130_fd_sc_hd__dfrtp_1)
     3    0.01                           net5 (net)
                  0.17    0.00    1.14 ^ _31_/D (sky130_fd_sc_hd__and4_2)
                  0.21    0.60    1.74 ^ _31_/X (sky130_fd_sc_hd__and4_2)
     5    0.02                           _19_ (net)
                  0.21    0.00    1.74 ^ _35_/B (sky130_fd_sc_hd__xor2_1)
                  0.06    0.16    1.91 v _35_/X (sky130_fd_sc_hd__xor2_1)
     1    0.00                           _04_ (net)
                  0.06    0.00    1.91 v _54_/D (sky130_fd_sc_hd__dfrtp_1)
                                  1.91   data arrival time

                          0.00    0.00   clock clk (rise edge)
                          0.00    0.00   clock source latency
                  0.09    0.06    0.06 ^ clk (in)
     1    0.01                           clk (net)
                  0.09    0.00    0.06 ^ clkbuf_0_clk/A (sky130_fd_sc_hd__clkbuf_16)
                  0.07    0.24    0.30 ^ clkbuf_0_clk/X (sky130_fd_sc_hd__clkbuf_16)
     2    0.02                           clknet_0_clk (net)
                  0.07    0.00    0.30 ^ clkbuf_1_1__f_clk/A (sky130_fd_sc_hd__clkbuf_16)
                  0.06    0.22    0.52 ^ clkbuf_1_1__f_clk/X (sky130_fd_sc_hd__clkbuf_16)
     4    0.01                           clknet_1_1__leaf_clk (net)
                  0.06    0.00    0.52 ^ _54_/CLK (sky130_fd_sc_hd__dfrtp_1)
                          0.25    0.77   clock uncertainty
                         -0.03    0.74   clock reconvergence pessimism
                         -0.10    0.64   library hold time
                                  0.64   data required time
-----------------------------------------------------------------------------
                                  0.64   data required time
                                 -1.91   data arrival time
-----------------------------------------------------------------------------
                                  1.27   slack (MET)


Startpoint: _50_ (rising edge-triggered flip-flop clocked by clk)
Endpoint: _50_ (rising edge-triggered flip-flop clocked by clk)
Path Group: clk
Path Type: min
Corner: Slowest

Fanout     Cap    Slew   Delay    Time   Description
-----------------------------------------------------------------------------
                          0.00    0.00   clock clk (rise edge)
                          0.00    0.00   clock source latency
                  0.09    0.06    0.06 ^ clk (in)
     1    0.01                           clk (net)
                  0.09    0.00    0.06 ^ clkbuf_0_clk/A (sky130_fd_sc_hd__clkbuf_16)
                  0.07    0.22    0.27 ^ clkbuf_0_clk/X (sky130_fd_sc_hd__clkbuf_16)
     2    0.02                           clknet_0_clk (net)
                  0.07    0.00    0.27 ^ clkbuf_1_0__f_clk/A (sky130_fd_sc_hd__clkbuf_16)
                  0.06    0.20    0.47 ^ clkbuf_1_0__f_clk/X (sky130_fd_sc_hd__clkbuf_16)
     4    0.01                           clknet_1_0__leaf_clk (net)
                  0.06    0.00    0.47 ^ _50_/CLK (sky130_fd_sc_hd__dfrtp_1)
                  0.26    0.75    1.21 ^ _50_/Q (sky130_fd_sc_hd__dfrtp_1)
     6    0.02                           net2 (net)
                  0.26    0.00    1.21 ^ hold1/A (sky130_fd_sc_hd__dlygate4sd3_1)
                  0.13    1.09    2.30 ^ hold1/X (sky130_fd_sc_hd__dlygate4sd3_1)
     1    0.01                           net10 (net)
                  0.13    0.00    2.30 ^ _25_/A (sky130_fd_sc_hd__inv_2)
                  0.03    0.06    2.37 v _25_/Y (sky130_fd_sc_hd__inv_2)
     1    0.00                           _00_ (net)
                  0.03    0.00    2.37 v _50_/D (sky130_fd_sc_hd__dfrtp_1)
                                  2.37   data arrival time

                          0.00    0.00   clock clk (rise edge)
                          0.00    0.00   clock source latency
                  0.09    0.06    0.06 ^ clk (in)
     1    0.01                           clk (net)
                  0.09    0.00    0.06 ^ clkbuf_0_clk/A (sky130_fd_sc_hd__clkbuf_16)
                  0.07    0.24    0.30 ^ clkbuf_0_clk/X (sky130_fd_sc_hd__clkbuf_16)
     2    0.02                           clknet_0_clk (net)
                  0.07    0.00    0.30 ^ clkbuf_1_0__f_clk/A (sky130_fd_sc_hd__clkbuf_16)
                  0.06    0.22    0.52 ^ clkbuf_1_0__f_clk/X (sky130_fd_sc_hd__clkbuf_16)
     4    0.01                           clknet_1_0__leaf_clk (net)
                  0.06    0.00    0.52 ^ _50_/CLK (sky130_fd_sc_hd__dfrtp_1)
                          0.25    0.77   clock uncertainty
                         -0.05    0.72   clock reconvergence pessimism
                         -0.09    0.63   library hold time
                                  0.63   data required time
-----------------------------------------------------------------------------
                                  0.63   data required time
                                 -2.37   data arrival time
-----------------------------------------------------------------------------
                                  1.74   slack (MET)


Startpoint: _57_ (rising edge-triggered flip-flop clocked by clk)
Endpoint: debug_out[7] (output port clocked by clk)
Path Group: clk
Path Type: min
Corner: Slowest

Fanout     Cap    Slew   Delay    Time   Description
-----------------------------------------------------------------------------
                          0.00    0.00   clock clk (rise edge)
                          0.00    0.00   clock source latency
                  0.09    0.06    0.06 ^ clk (in)
     1    0.01                           clk (net)
                  0.09    0.00    0.06 ^ clkbuf_0_clk/A (sky130_fd_sc_hd__clkbuf_16)
                  0.07    0.22    0.27 ^ clkbuf_0_clk/X (sky130_fd_sc_hd__clkbuf_16)
     2    0.02                           clknet_0_clk (net)
                  0.07    0.00    0.27 ^ clkbuf_1_1__f_clk/A (sky130_fd_sc_hd__clkbuf_16)
                  0.06    0.20    0.47 ^ clkbuf_1_1__f_clk/X (sky130_fd_sc_hd__clkbuf_16)
     4    0.01                           clknet_1_1__leaf_clk (net)
                  0.06    0.00    0.47 ^ _57_/CLK (sky130_fd_sc_hd__dfrtp_1)
                  0.12    0.64    1.10 ^ _57_/Q (sky130_fd_sc_hd__dfrtp_1)
     2    0.01                           net9 (net)
                  0.12    0.00    1.10 ^ output9/A (sky130_fd_sc_hd__clkbuf_4)
                  0.19    0.34    1.44 ^ output9/X (sky130_fd_sc_hd__clkbuf_4)
     1    0.04                           debug_out[7] (net)
                  0.19    0.00    1.44 ^ debug_out[7] (out)
                                  1.44   data arrival time

                          0.00    0.00   clock clk (rise edge)
                          0.00    0.00   clock network delay (propagated)
                          0.25    0.25   clock uncertainty
                          0.00    0.25   clock reconvergence pessimism
                         -2.00   -1.75   output external delay
                                 -1.75   data required time
-----------------------------------------------------------------------------
                                 -1.75   data required time
                                 -1.44   data arrival time
-----------------------------------------------------------------------------
                                  3.19   slack (MET)


Startpoint: _56_ (rising edge-triggered flip-flop clocked by clk)
Endpoint: debug_out[6] (output port clocked by clk)
Path Group: clk
Path Type: min
Corner: Slowest

Fanout     Cap    Slew   Delay    Time   Description
-----------------------------------------------------------------------------
                          0.00    0.00   clock clk (rise edge)
                          0.00    0.00   clock source latency
                  0.09    0.06    0.06 ^ clk (in)
     1    0.01                           clk (net)
                  0.09    0.00    0.06 ^ clkbuf_0_clk/A (sky130_fd_sc_hd__clkbuf_16)
                  0.07    0.22    0.27 ^ clkbuf_0_clk/X (sky130_fd_sc_hd__clkbuf_16)
     2    0.02                           clknet_0_clk (net)
                  0.07    0.00    0.27 ^ clkbuf_1_1__f_clk/A (sky130_fd_sc_hd__clkbuf_16)
                  0.06    0.20    0.47 ^ clkbuf_1_1__f_clk/X (sky130_fd_sc_hd__clkbuf_16)
     4    0.01                           clknet_1_1__leaf_clk (net)
                  0.06    0.00    0.47 ^ _56_/CLK (sky130_fd_sc_hd__dfrtp_1)
                  0.14    0.66    1.12 ^ _56_/Q (sky130_fd_sc_hd__dfrtp_1)
     3    0.01                           net8 (net)
                  0.14    0.00    1.12 ^ output8/A (sky130_fd_sc_hd__clkbuf_4)
                  0.18    0.34    1.47 ^ output8/X (sky130_fd_sc_hd__clkbuf_4)
     1    0.03                           debug_out[6] (net)
                  0.18    0.00    1.47 ^ debug_out[6] (out)
                                  1.47   data arrival time

                          0.00    0.00   clock clk (rise edge)
                          0.00    0.00   clock network delay (propagated)
                          0.25    0.25   clock uncertainty
                          0.00    0.25   clock reconvergence pessimism
                         -2.00   -1.75   output external delay
                                 -1.75   data required time
-----------------------------------------------------------------------------
                                 -1.75   data required time
                                 -1.47   data arrival time
-----------------------------------------------------------------------------
                                  3.22   slack (MET)


Startpoint: _53_ (rising edge-triggered flip-flop clocked by clk)
Endpoint: debug_out[3] (output port clocked by clk)
Path Group: clk
Path Type: min
Corner: Slowest

Fanout     Cap    Slew   Delay    Time   Description
-----------------------------------------------------------------------------
                          0.00    0.00   clock clk (rise edge)
                          0.00    0.00   clock source latency
                  0.09    0.06    0.06 ^ clk (in)
     1    0.01                           clk (net)
                  0.09    0.00    0.06 ^ clkbuf_0_clk/A (sky130_fd_sc_hd__clkbuf_16)
                  0.07    0.22    0.27 ^ clkbuf_0_clk/X (sky130_fd_sc_hd__clkbuf_16)
     2    0.02                           clknet_0_clk (net)
                  0.07    0.00    0.27 ^ clkbuf_1_0__f_clk/A (sky130_fd_sc_hd__clkbuf_16)
                  0.06    0.20    0.47 ^ clkbuf_1_0__f_clk/X (sky130_fd_sc_hd__clkbuf_16)
     4    0.01                           clknet_1_0__leaf_clk (net)
                  0.06    0.00    0.47 ^ _53_/CLK (sky130_fd_sc_hd__dfrtp_1)
                  0.17    0.67    1.14 ^ _53_/Q (sky130_fd_sc_hd__dfrtp_1)
     3    0.01                           net5 (net)
                  0.17    0.00    1.14 ^ output5/A (sky130_fd_sc_hd__clkbuf_4)
                  0.18    0.35    1.50 ^ output5/X (sky130_fd_sc_hd__clkbuf_4)
     1    0.03                           debug_out[3] (net)
                  0.18    0.00    1.50 ^ debug_out[3] (out)
                                  1.50   data arrival time

                          0.00    0.00   clock clk (rise edge)
                          0.00    0.00   clock network delay (propagated)
                          0.25    0.25   clock uncertainty
                          0.00    0.25   clock reconvergence pessimism
                         -2.00   -1.75   output external delay
                                 -1.75   data required time
-----------------------------------------------------------------------------
                                 -1.75   data required time
                                 -1.50   data arrival time
-----------------------------------------------------------------------------
                                  3.25   slack (MET)


Startpoint: _54_ (rising edge-triggered flip-flop clocked by clk)
Endpoint: debug_out[4] (output port clocked by clk)
Path Group: clk
Path Type: min
Corner: Slowest

Fanout     Cap    Slew   Delay    Time   Description
-----------------------------------------------------------------------------
                          0.00    0.00   clock clk (rise edge)
                          0.00    0.00   clock source latency
                  0.09    0.06    0.06 ^ clk (in)
     1    0.01                           clk (net)
                  0.09    0.00    0.06 ^ clkbuf_0_clk/A (sky130_fd_sc_hd__clkbuf_16)
                  0.07    0.22    0.27 ^ clkbuf_0_clk/X (sky130_fd_sc_hd__clkbuf_16)
     2    0.02                           clknet_0_clk (net)
                  0.07    0.00    0.27 ^ clkbuf_1_1__f_clk/A (sky130_fd_sc_hd__clkbuf_16)
                  0.06    0.20    0.47 ^ clkbuf_1_1__f_clk/X (sky130_fd_sc_hd__clkbuf_16)
     4    0.01                           clknet_1_1__leaf_clk (net)
                  0.06    0.00    0.47 ^ _54_/CLK (sky130_fd_sc_hd__dfrtp_1)
                  0.17    0.68    1.15 ^ _54_/Q (sky130_fd_sc_hd__dfrtp_1)
     4    0.01                           net6 (net)
                  0.17    0.00    1.15 ^ output6/A (sky130_fd_sc_hd__clkbuf_4)
                  0.18    0.36    1.51 ^ output6/X (sky130_fd_sc_hd__clkbuf_4)
     1    0.03                           debug_out[4] (net)
                  0.18    0.00    1.51 ^ debug_out[4] (out)
                                  1.51   data arrival time

                          0.00    0.00   clock clk (rise edge)
                          0.00    0.00   clock network delay (propagated)
                          0.25    0.25   clock uncertainty
                          0.00    0.25   clock reconvergence pessimism
                         -2.00   -1.75   output external delay
                                 -1.75   data required time
-----------------------------------------------------------------------------
                                 -1.75   data required time
                                 -1.51   data arrival time
-----------------------------------------------------------------------------
                                  3.26   slack (MET)


Startpoint: _52_ (rising edge-triggered flip-flop clocked by clk)
Endpoint: debug_out[2] (output port clocked by clk)
Path Group: clk
Path Type: min
Corner: Slowest

Fanout     Cap    Slew   Delay    Time   Description
-----------------------------------------------------------------------------
                          0.00    0.00   clock clk (rise edge)
                          0.00    0.00   clock source latency
                  0.09    0.06    0.06 ^ clk (in)
     1    0.01                           clk (net)
                  0.09    0.00    0.06 ^ clkbuf_0_clk/A (sky130_fd_sc_hd__clkbuf_16)
                  0.07    0.22    0.27 ^ clkbuf_0_clk/X (sky130_fd_sc_hd__clkbuf_16)
     2    0.02                           clknet_0_clk (net)
                  0.07    0.00    0.27 ^ clkbuf_1_0__f_clk/A (sky130_fd_sc_hd__clkbuf_16)
                  0.06    0.20    0.47 ^ clkbuf_1_0__f_clk/X (sky130_fd_sc_hd__clkbuf_16)
     4    0.01                           clknet_1_0__leaf_clk (net)
                  0.06    0.00    0.47 ^ _52_/CLK (sky130_fd_sc_hd__dfrtp_1)
                  0.18    0.68    1.15 ^ _52_/Q (sky130_fd_sc_hd__dfrtp_1)
     4    0.01                           net4 (net)
                  0.18    0.00    1.15 ^ output4/A (sky130_fd_sc_hd__clkbuf_4)
                  0.18    0.36    1.51 ^ output4/X (sky130_fd_sc_hd__clkbuf_4)
     1    0.04                           debug_out[2] (net)
                  0.18    0.00    1.51 ^ debug_out[2] (out)
                                  1.51   data arrival time

                          0.00    0.00   clock clk (rise edge)
                          0.00    0.00   clock network delay (propagated)
                          0.25    0.25   clock uncertainty
                          0.00    0.25   clock reconvergence pessimism
                         -2.00   -1.75   output external delay
                                 -1.75   data required time
-----------------------------------------------------------------------------
                                 -1.75   data required time
                                 -1.51   data arrival time
-----------------------------------------------------------------------------
                                  3.26   slack (MET)


Startpoint: _55_ (rising edge-triggered flip-flop clocked by clk)
Endpoint: debug_out[5] (output port clocked by clk)
Path Group: clk
Path Type: min
Corner: Slowest

Fanout     Cap    Slew   Delay    Time   Description
-----------------------------------------------------------------------------
                          0.00    0.00   clock clk (rise edge)
                          0.00    0.00   clock source latency
                  0.09    0.06    0.06 ^ clk (in)
     1    0.01                           clk (net)
                  0.09    0.00    0.06 ^ clkbuf_0_clk/A (sky130_fd_sc_hd__clkbuf_16)
                  0.07    0.22    0.27 ^ clkbuf_0_clk/X (sky130_fd_sc_hd__clkbuf_16)
     2    0.02                           clknet_0_clk (net)
                  0.07    0.00    0.27 ^ clkbuf_1_1__f_clk/A (sky130_fd_sc_hd__clkbuf_16)
                  0.06    0.20    0.47 ^ clkbuf_1_1__f_clk/X (sky130_fd_sc_hd__clkbuf_16)
     4    0.01                           clknet_1_1__leaf_clk (net)
                  0.06    0.00    0.47 ^ _55_/CLK (sky130_fd_sc_hd__dfrtp_1)
                  0.20    0.70    1.17 ^ _55_/Q (sky130_fd_sc_hd__dfrtp_1)
     4    0.01                           net7 (net)
                  0.20    0.00    1.17 ^ output7/A (sky130_fd_sc_hd__clkbuf_4)
                  0.18    0.37    1.54 ^ output7/X (sky130_fd_sc_hd__clkbuf_4)
     1    0.03                           debug_out[5] (net)
                  0.18    0.00    1.54 ^ debug_out[5] (out)
                                  1.54   data arrival time

                          0.00    0.00   clock clk (rise edge)
                          0.00    0.00   clock network delay (propagated)
                          0.25    0.25   clock uncertainty
                          0.00    0.25   clock reconvergence pessimism
                         -2.00   -1.75   output external delay
                                 -1.75   data required time
-----------------------------------------------------------------------------
                                 -1.75   data required time
                                 -1.54   data arrival time
-----------------------------------------------------------------------------
                                  3.29   slack (MET)


Startpoint: _50_ (rising edge-triggered flip-flop clocked by clk)
Endpoint: debug_out[0] (output port clocked by clk)
Path Group: clk
Path Type: min
Corner: Slowest

Fanout     Cap    Slew   Delay    Time   Description
-----------------------------------------------------------------------------
                          0.00    0.00   clock clk (rise edge)
                          0.00    0.00   clock source latency
                  0.09    0.06    0.06 ^ clk (in)
     1    0.01                           clk (net)
                  0.09    0.00    0.06 ^ clkbuf_0_clk/A (sky130_fd_sc_hd__clkbuf_16)
                  0.07    0.22    0.27 ^ clkbuf_0_clk/X (sky130_fd_sc_hd__clkbuf_16)
     2    0.02                           clknet_0_clk (net)
                  0.07    0.00    0.27 ^ clkbuf_1_0__f_clk/A (sky130_fd_sc_hd__clkbuf_16)
                  0.06    0.20    0.47 ^ clkbuf_1_0__f_clk/X (sky130_fd_sc_hd__clkbuf_16)
     4    0.01                           clknet_1_0__leaf_clk (net)
                  0.06    0.00    0.47 ^ _50_/CLK (sky130_fd_sc_hd__dfrtp_1)
                  0.26    0.75    1.21 ^ _50_/Q (sky130_fd_sc_hd__dfrtp_1)
     6    0.02                           net2 (net)
                  0.26    0.00    1.21 ^ output2/A (sky130_fd_sc_hd__clkbuf_4)
                  0.20    0.41    1.62 ^ output2/X (sky130_fd_sc_hd__clkbuf_4)
     1    0.04                           debug_out[0] (net)
                  0.20    0.00    1.62 ^ debug_out[0] (out)
                                  1.62   data arrival time

                          0.00    0.00   clock clk (rise edge)
                          0.00    0.00   clock network delay (propagated)
                          0.25    0.25   clock uncertainty
                          0.00    0.25   clock reconvergence pessimism
                         -2.00   -1.75   output external delay
                                 -1.75   data required time
-----------------------------------------------------------------------------
                                 -1.75   data required time
                                 -1.62   data arrival time
-----------------------------------------------------------------------------
                                  3.37   slack (MET)


Startpoint: _51_ (rising edge-triggered flip-flop clocked by clk)
Endpoint: debug_out[1] (output port clocked by clk)
Path Group: clk
Path Type: min
Corner: Slowest

Fanout     Cap    Slew   Delay    Time   Description
-----------------------------------------------------------------------------
                          0.00    0.00   clock clk (rise edge)
                          0.00    0.00   clock source latency
                  0.09    0.06    0.06 ^ clk (in)
     1    0.01                           clk (net)
                  0.09    0.00    0.06 ^ clkbuf_0_clk/A (sky130_fd_sc_hd__clkbuf_16)
                  0.07    0.22    0.27 ^ clkbuf_0_clk/X (sky130_fd_sc_hd__clkbuf_16)
     2    0.02                           clknet_0_clk (net)
                  0.07    0.00    0.27 ^ clkbuf_1_0__f_clk/A (sky130_fd_sc_hd__clkbuf_16)
                  0.06    0.20    0.47 ^ clkbuf_1_0__f_clk/X (sky130_fd_sc_hd__clkbuf_16)
     4    0.01                           clknet_1_0__leaf_clk (net)
                  0.06    0.00    0.47 ^ _51_/CLK (sky130_fd_sc_hd__dfrtp_1)
                  0.26    0.75    1.22 ^ _51_/Q (sky130_fd_sc_hd__dfrtp_1)
     5    0.02                           net3 (net)
                  0.26    0.00    1.22 ^ output3/A (sky130_fd_sc_hd__buf_2)
                  0.27    0.41    1.63 ^ output3/X (sky130_fd_sc_hd__buf_2)
     1    0.03                           debug_out[1] (net)
                  0.27    0.00    1.63 ^ debug_out[1] (out)
                                  1.63   data arrival time

                          0.00    0.00   clock clk (rise edge)
                          0.00    0.00   clock network delay (propagated)
                          0.25    0.25   clock uncertainty
                          0.00    0.25   clock reconvergence pessimism
                         -2.00   -1.75   output external delay
                                 -1.75   data required time
-----------------------------------------------------------------------------
                                 -1.75   data required time
                                 -1.63   data arrival time
-----------------------------------------------------------------------------
                                  3.38   slack (MET)



======================= Typical Corner ===================================

Startpoint: _50_ (rising edge-triggered flip-flop clocked by clk)
Endpoint: _52_ (rising edge-triggered flip-flop clocked by clk)
Path Group: clk
Path Type: min
Corner: Typical

Fanout     Cap    Slew   Delay    Time   Description
-----------------------------------------------------------------------------
                          0.00    0.00   clock clk (rise edge)
                          0.00    0.00   clock source latency
                  0.06    0.04    0.04 ^ clk (in)
     1    0.01                           clk (net)
                  0.06    0.00    0.04 ^ clkbuf_0_clk/A (sky130_fd_sc_hd__clkbuf_16)
                  0.04    0.12    0.16 ^ clkbuf_0_clk/X (sky130_fd_sc_hd__clkbuf_16)
     2    0.02                           clknet_0_clk (net)
                  0.04    0.00    0.16 ^ clkbuf_1_0__f_clk/A (sky130_fd_sc_hd__clkbuf_16)
                  0.03    0.11    0.27 ^ clkbuf_1_0__f_clk/X (sky130_fd_sc_hd__clkbuf_16)
     4    0.01                           clknet_1_0__leaf_clk (net)
                  0.03    0.00    0.27 ^ _50_/CLK (sky130_fd_sc_hd__dfrtp_1)
                  0.10    0.40    0.66 v _50_/Q (sky130_fd_sc_hd__dfrtp_1)
     6    0.02                           net2 (net)
                  0.10    0.00    0.66 v _26_/A (sky130_fd_sc_hd__nand2_1)
                  0.09    0.11    0.77 ^ _26_/Y (sky130_fd_sc_hd__nand2_1)
     2    0.01                           _16_ (net)
                  0.09    0.00    0.77 ^ _30_/B (sky130_fd_sc_hd__xnor2_1)
                  0.03    0.06    0.83 v _30_/Y (sky130_fd_sc_hd__xnor2_1)
     1    0.00                           _02_ (net)
                  0.03    0.00    0.83 v _52_/D (sky130_fd_sc_hd__dfrtp_1)
                                  0.83   data arrival time

                          0.00    0.00   clock clk (rise edge)
                          0.00    0.00   clock source latency
                  0.06    0.04    0.04 ^ clk (in)
     1    0.01                           clk (net)
                  0.06    0.00    0.04 ^ clkbuf_0_clk/A (sky130_fd_sc_hd__clkbuf_16)
                  0.04    0.13    0.17 ^ clkbuf_0_clk/X (sky130_fd_sc_hd__clkbuf_16)
     2    0.02                           clknet_0_clk (net)
                  0.04    0.00    0.17 ^ clkbuf_1_0__f_clk/A (sky130_fd_sc_hd__clkbuf_16)
                  0.03    0.12    0.30 ^ clkbuf_1_0__f_clk/X (sky130_fd_sc_hd__clkbuf_16)
     4    0.01                           clknet_1_0__leaf_clk (net)
                  0.03    0.00    0.30 ^ _52_/CLK (sky130_fd_sc_hd__dfrtp_1)
                          0.25    0.55   clock uncertainty
                         -0.03    0.52   clock reconvergence pessimism
                         -0.04    0.47   library hold time
                                  0.47   data required time
-----------------------------------------------------------------------------
                                  0.47   data required time
                                 -0.83   data arrival time
-----------------------------------------------------------------------------
                                  0.36   slack (MET)


Startpoint: _56_ (rising edge-triggered flip-flop clocked by clk)
Endpoint: _57_ (rising edge-triggered flip-flop clocked by clk)
Path Group: clk
Path Type: min
Corner: Typical

Fanout     Cap    Slew   Delay    Time   Description
-----------------------------------------------------------------------------
                          0.00    0.00   clock clk (rise edge)
                          0.00    0.00   clock source latency
                  0.06    0.04    0.04 ^ clk (in)
     1    0.01                           clk (net)
                  0.06    0.00    0.04 ^ clkbuf_0_clk/A (sky130_fd_sc_hd__clkbuf_16)
                  0.04    0.12    0.16 ^ clkbuf_0_clk/X (sky130_fd_sc_hd__clkbuf_16)
     2    0.02                           clknet_0_clk (net)
                  0.04    0.00    0.16 ^ clkbuf_1_1__f_clk/A (sky130_fd_sc_hd__clkbuf_16)
                  0.03    0.11    0.27 ^ clkbuf_1_1__f_clk/X (sky130_fd_sc_hd__clkbuf_16)
     4    0.01                           clknet_1_1__leaf_clk (net)
                  0.03    0.00    0.27 ^ _56_/CLK (sky130_fd_sc_hd__dfrtp_1)
                  0.09    0.33    0.60 ^ _56_/Q (sky130_fd_sc_hd__dfrtp_1)
     3    0.01                           net8 (net)
                  0.09    0.00    0.60 ^ _40_/C (sky130_fd_sc_hd__and4_1)
                  0.08    0.20    0.80 ^ _40_/X (sky130_fd_sc_hd__and4_1)
     1    0.01                           _24_ (net)
                  0.08    0.00    0.80 ^ _41_/B (sky130_fd_sc_hd__xor2_1)
                  0.04    0.06    0.86 v _41_/X (sky130_fd_sc_hd__xor2_1)
     1    0.00                           _07_ (net)
                  0.04    0.00    0.86 v _57_/D (sky130_fd_sc_hd__dfrtp_1)
                                  0.86   data arrival time

                          0.00    0.00   clock clk (rise edge)
                          0.00    0.00   clock source latency
                  0.06    0.04    0.04 ^ clk (in)
     1    0.01                           clk (net)
                  0.06    0.00    0.04 ^ clkbuf_0_clk/A (sky130_fd_sc_hd__clkbuf_16)
                  0.04    0.13    0.17 ^ clkbuf_0_clk/X (sky130_fd_sc_hd__clkbuf_16)
     2    0.02                           clknet_0_clk (net)
                  0.04    0.00    0.17 ^ clkbuf_1_1__f_clk/A (sky130_fd_sc_hd__clkbuf_16)
                  0.03    0.12    0.30 ^ clkbuf_1_1__f_clk/X (sky130_fd_sc_hd__clkbuf_16)
     4    0.01                           clknet_1_1__leaf_clk (net)
                  0.03    0.00    0.30 ^ _57_/CLK (sky130_fd_sc_hd__dfrtp_1)
                          0.25    0.55   clock uncertainty
                         -0.03    0.52   clock reconvergence pessimism
                         -0.04    0.47   library hold time
                                  0.47   data required time
-----------------------------------------------------------------------------
                                  0.47   data required time
                                 -0.86   data arrival time
-----------------------------------------------------------------------------
                                  0.39   slack (MET)


Startpoint: _54_ (rising edge-triggered flip-flop clocked by clk)
Endpoint: _55_ (rising edge-triggered flip-flop clocked by clk)
Path Group: clk
Path Type: min
Corner: Typical

Fanout     Cap    Slew   Delay    Time   Description
-----------------------------------------------------------------------------
                          0.00    0.00   clock clk (rise edge)
                          0.00    0.00   clock source latency
                  0.06    0.04    0.04 ^ clk (in)
     1    0.01                           clk (net)
                  0.06    0.00    0.04 ^ clkbuf_0_clk/A (sky130_fd_sc_hd__clkbuf_16)
                  0.04    0.12    0.16 ^ clkbuf_0_clk/X (sky130_fd_sc_hd__clkbuf_16)
     2    0.02                           clknet_0_clk (net)
                  0.04    0.00    0.16 ^ clkbuf_1_1__f_clk/A (sky130_fd_sc_hd__clkbuf_16)
                  0.03    0.11    0.27 ^ clkbuf_1_1__f_clk/X (sky130_fd_sc_hd__clkbuf_16)
     4    0.01                           clknet_1_1__leaf_clk (net)
                  0.03    0.00    0.27 ^ _54_/CLK (sky130_fd_sc_hd__dfrtp_1)
                  0.11    0.35    0.61 ^ _54_/Q (sky130_fd_sc_hd__dfrtp_1)
     4    0.01                           net6 (net)
                  0.11    0.00    0.61 ^ _36_/A (sky130_fd_sc_hd__and3_1)
                  0.11    0.19    0.81 ^ _36_/X (sky130_fd_sc_hd__and3_1)
     2    0.01                           _22_ (net)
                  0.11    0.00    0.81 ^ _38_/A (sky130_fd_sc_hd__nor2_1)
                  0.03    0.06    0.86 v _38_/Y (sky130_fd_sc_hd__nor2_1)
     1    0.00                           _05_ (net)
                  0.03    0.00    0.86 v _55_/D (sky130_fd_sc_hd__dfrtp_1)
                                  0.86   data arrival time

                          0.00    0.00   clock clk (rise edge)
                          0.00    0.00   clock source latency
                  0.06    0.04    0.04 ^ clk (in)
     1    0.01                           clk (net)
                  0.06    0.00    0.04 ^ clkbuf_0_clk/A (sky130_fd_sc_hd__clkbuf_16)
                  0.04    0.13    0.17 ^ clkbuf_0_clk/X (sky130_fd_sc_hd__clkbuf_16)
     2    0.02                           clknet_0_clk (net)
                  0.04    0.00    0.17 ^ clkbuf_1_1__f_clk/A (sky130_fd_sc_hd__clkbuf_16)
                  0.03    0.12    0.30 ^ clkbuf_1_1__f_clk/X (sky130_fd_sc_hd__clkbuf_16)
     4    0.01                           clknet_1_1__leaf_clk (net)
                  0.03    0.00    0.30 ^ _55_/CLK (sky130_fd_sc_hd__dfrtp_1)
                          0.25    0.55   clock uncertainty
                         -0.03    0.52   clock reconvergence pessimism
                         -0.04    0.47   library hold time
                                  0.47   data required time
-----------------------------------------------------------------------------
                                  0.47   data required time
                                 -0.86   data arrival time
-----------------------------------------------------------------------------
                                  0.39   slack (MET)


Startpoint: _53_ (rising edge-triggered flip-flop clocked by clk)
Endpoint: _53_ (rising edge-triggered flip-flop clocked by clk)
Path Group: clk
Path Type: min
Corner: Typical

Fanout     Cap    Slew   Delay    Time   Description
-----------------------------------------------------------------------------
                          0.00    0.00   clock clk (rise edge)
                          0.00    0.00   clock source latency
                  0.06    0.04    0.04 ^ clk (in)
     1    0.01                           clk (net)
                  0.06    0.00    0.04 ^ clkbuf_0_clk/A (sky130_fd_sc_hd__clkbuf_16)
                  0.04    0.12    0.16 ^ clkbuf_0_clk/X (sky130_fd_sc_hd__clkbuf_16)
     2    0.02                           clknet_0_clk (net)
                  0.04    0.00    0.16 ^ clkbuf_1_0__f_clk/A (sky130_fd_sc_hd__clkbuf_16)
                  0.03    0.11    0.27 ^ clkbuf_1_0__f_clk/X (sky130_fd_sc_hd__clkbuf_16)
     4    0.01                           clknet_1_0__leaf_clk (net)
                  0.03    0.00    0.27 ^ _53_/CLK (sky130_fd_sc_hd__dfrtp_1)
                  0.10    0.34    0.61 ^ _53_/Q (sky130_fd_sc_hd__dfrtp_1)
     3    0.01                           net5 (net)
                  0.10    0.00    0.61 ^ _32_/B1 (sky130_fd_sc_hd__a31o_1)
                  0.04    0.09    0.70 ^ _32_/X (sky130_fd_sc_hd__a31o_1)
     1    0.00                           _20_ (net)
                  0.04    0.00    0.70 ^ _33_/B (sky130_fd_sc_hd__and2b_1)
                  0.04    0.11    0.81 ^ _33_/X (sky130_fd_sc_hd__and2b_1)
     1    0.00                           _21_ (net)
                  0.04    0.00    0.81 ^ _34_/A (sky130_fd_sc_hd__clkbuf_1)
                  0.04    0.07    0.88 ^ _34_/X (sky130_fd_sc_hd__clkbuf_1)
     1    0.00                           _03_ (net)
                  0.04    0.00    0.88 ^ _53_/D (sky130_fd_sc_hd__dfrtp_1)
                                  0.88   data arrival time

                          0.00    0.00   clock clk (rise edge)
                          0.00    0.00   clock source latency
                  0.06    0.04    0.04 ^ clk (in)
     1    0.01                           clk (net)
                  0.06    0.00    0.04 ^ clkbuf_0_clk/A (sky130_fd_sc_hd__clkbuf_16)
                  0.04    0.13    0.17 ^ clkbuf_0_clk/X (sky130_fd_sc_hd__clkbuf_16)
     2    0.02                           clknet_0_clk (net)
                  0.04    0.00    0.17 ^ clkbuf_1_0__f_clk/A (sky130_fd_sc_hd__clkbuf_16)
                  0.03    0.12    0.30 ^ clkbuf_1_0__f_clk/X (sky130_fd_sc_hd__clkbuf_16)
     4    0.01                           clknet_1_0__leaf_clk (net)
                  0.03    0.00    0.30 ^ _53_/CLK (sky130_fd_sc_hd__dfrtp_1)
                          0.25    0.55   clock uncertainty
                         -0.03    0.52   clock reconvergence pessimism
                         -0.04    0.48   library hold time
                                  0.48   data required time
-----------------------------------------------------------------------------
                                  0.48   data required time
                                 -0.88   data arrival time
-----------------------------------------------------------------------------
                                  0.40   slack (MET)


Startpoint: _54_ (rising edge-triggered flip-flop clocked by clk)
Endpoint: _56_ (rising edge-triggered flip-flop clocked by clk)
Path Group: clk
Path Type: min
Corner: Typical

Fanout     Cap    Slew   Delay    Time   Description
-----------------------------------------------------------------------------
                          0.00    0.00   clock clk (rise edge)
                          0.00    0.00   clock source latency
                  0.06    0.04    0.04 ^ clk (in)
     1    0.01                           clk (net)
                  0.06    0.00    0.04 ^ clkbuf_0_clk/A (sky130_fd_sc_hd__clkbuf_16)
                  0.04    0.12    0.16 ^ clkbuf_0_clk/X (sky130_fd_sc_hd__clkbuf_16)
     2    0.02                           clknet_0_clk (net)
                  0.04    0.00    0.16 ^ clkbuf_1_1__f_clk/A (sky130_fd_sc_hd__clkbuf_16)
                  0.03    0.11    0.27 ^ clkbuf_1_1__f_clk/X (sky130_fd_sc_hd__clkbuf_16)
     4    0.01                           clknet_1_1__leaf_clk (net)
                  0.03    0.00    0.27 ^ _54_/CLK (sky130_fd_sc_hd__dfrtp_1)
                  0.11    0.35    0.61 ^ _54_/Q (sky130_fd_sc_hd__dfrtp_1)
     4    0.01                           net6 (net)
                  0.11    0.00    0.61 ^ _36_/A (sky130_fd_sc_hd__and3_1)
                  0.11    0.19    0.81 ^ _36_/X (sky130_fd_sc_hd__and3_1)
     2    0.01                           _22_ (net)
                  0.11    0.00    0.81 ^ _39_/B (sky130_fd_sc_hd__xor2_1)
                  0.04    0.07    0.88 v _39_/X (sky130_fd_sc_hd__xor2_1)
     1    0.00                           _06_ (net)
                  0.04    0.00    0.88 v _56_/D (sky130_fd_sc_hd__dfrtp_1)
                                  0.88   data arrival time

                          0.00    0.00   clock clk (rise edge)
                          0.00    0.00   clock source latency
                  0.06    0.04    0.04 ^ clk (in)
     1    0.01                           clk (net)
                  0.06    0.00    0.04 ^ clkbuf_0_clk/A (sky130_fd_sc_hd__clkbuf_16)
                  0.04    0.13    0.17 ^ clkbuf_0_clk/X (sky130_fd_sc_hd__clkbuf_16)
     2    0.02                           clknet_0_clk (net)
                  0.04    0.00    0.17 ^ clkbuf_1_1__f_clk/A (sky130_fd_sc_hd__clkbuf_16)
                  0.03    0.12    0.30 ^ clkbuf_1_1__f_clk/X (sky130_fd_sc_hd__clkbuf_16)
     4    0.01                           clknet_1_1__leaf_clk (net)
                  0.03    0.00    0.30 ^ _56_/CLK (sky130_fd_sc_hd__dfrtp_1)
                          0.25    0.55   clock uncertainty
                         -0.03    0.52   clock reconvergence pessimism
                         -0.04    0.47   library hold time
                                  0.47   data required time
-----------------------------------------------------------------------------
                                  0.47   data required time
                                 -0.88   data arrival time
-----------------------------------------------------------------------------
                                  0.40   slack (MET)


Startpoint: _53_ (rising edge-triggered flip-flop clocked by clk)
Endpoint: _54_ (rising edge-triggered flip-flop clocked by clk)
Path Group: clk
Path Type: min
Corner: Typical

Fanout     Cap    Slew   Delay    Time   Description
-----------------------------------------------------------------------------
                          0.00    0.00   clock clk (rise edge)
                          0.00    0.00   clock source latency
                  0.06    0.04    0.04 ^ clk (in)
     1    0.01                           clk (net)
                  0.06    0.00    0.04 ^ clkbuf_0_clk/A (sky130_fd_sc_hd__clkbuf_16)
                  0.04    0.12    0.16 ^ clkbuf_0_clk/X (sky130_fd_sc_hd__clkbuf_16)
     2    0.02                           clknet_0_clk (net)
                  0.04    0.00    0.16 ^ clkbuf_1_0__f_clk/A (sky130_fd_sc_hd__clkbuf_16)
                  0.03    0.11    0.27 ^ clkbuf_1_0__f_clk/X (sky130_fd_sc_hd__clkbuf_16)
     4    0.01                           clknet_1_0__leaf_clk (net)
                  0.03    0.00    0.27 ^ _53_/CLK (sky130_fd_sc_hd__dfrtp_1)
                  0.10    0.34    0.61 ^ _53_/Q (sky130_fd_sc_hd__dfrtp_1)
     3    0.01                           net5 (net)
                  0.10    0.00    0.61 ^ _31_/D (sky130_fd_sc_hd__and4_2)
                  0.12    0.28    0.89 ^ _31_/X (sky130_fd_sc_hd__and4_2)
     5    0.02                           _19_ (net)
                  0.12    0.00    0.89 ^ _35_/B (sky130_fd_sc_hd__xor2_1)
                  0.03    0.07    0.96 v _35_/X (sky130_fd_sc_hd__xor2_1)
     1    0.00                           _04_ (net)
                  0.03    0.00    0.96 v _54_/D (sky130_fd_sc_hd__dfrtp_1)
                                  0.96   data arrival time

                          0.00    0.00   clock clk (rise edge)
                          0.00    0.00   clock source latency
                  0.06    0.04    0.04 ^ clk (in)
     1    0.01                           clk (net)
                  0.06    0.00    0.04 ^ clkbuf_0_clk/A (sky130_fd_sc_hd__clkbuf_16)
                  0.04    0.13    0.17 ^ clkbuf_0_clk/X (sky130_fd_sc_hd__clkbuf_16)
     2    0.02                           clknet_0_clk (net)
                  0.04    0.00    0.17 ^ clkbuf_1_1__f_clk/A (sky130_fd_sc_hd__clkbuf_16)
                  0.03    0.12    0.30 ^ clkbuf_1_1__f_clk/X (sky130_fd_sc_hd__clkbuf_16)
     4    0.01                           clknet_1_1__leaf_clk (net)
                  0.03    0.00    0.30 ^ _54_/CLK (sky130_fd_sc_hd__dfrtp_1)
                          0.25    0.55   clock uncertainty
                         -0.02    0.53   clock reconvergence pessimism
                         -0.04    0.48   library hold time
                                  0.48   data required time
-----------------------------------------------------------------------------
                                  0.48   data required time
                                 -0.96   data arrival time
-----------------------------------------------------------------------------
                                  0.48   slack (MET)


Startpoint: _50_ (rising edge-triggered flip-flop clocked by clk)
Endpoint: _51_ (rising edge-triggered flip-flop clocked by clk)
Path Group: clk
Path Type: min
Corner: Typical

Fanout     Cap    Slew   Delay    Time   Description
-----------------------------------------------------------------------------
                          0.00    0.00   clock clk (rise edge)
                          0.00    0.00   clock source latency
                  0.06    0.04    0.04 ^ clk (in)
     1    0.01                           clk (net)
                  0.06    0.00    0.04 ^ clkbuf_0_clk/A (sky130_fd_sc_hd__clkbuf_16)
                  0.04    0.12    0.16 ^ clkbuf_0_clk/X (sky130_fd_sc_hd__clkbuf_16)
     2    0.02                           clknet_0_clk (net)
                  0.04    0.00    0.16 ^ clkbuf_1_0__f_clk/A (sky130_fd_sc_hd__clkbuf_16)
                  0.03    0.11    0.27 ^ clkbuf_1_0__f_clk/X (sky130_fd_sc_hd__clkbuf_16)
     4    0.01                           clknet_1_0__leaf_clk (net)
                  0.03    0.00    0.27 ^ _50_/CLK (sky130_fd_sc_hd__dfrtp_1)
                  0.10    0.40    0.66 v _50_/Q (sky130_fd_sc_hd__dfrtp_1)
     6    0.02                           net2 (net)
                  0.10    0.00    0.66 v _26_/A (sky130_fd_sc_hd__nand2_1)
                  0.09    0.11    0.77 ^ _26_/Y (sky130_fd_sc_hd__nand2_1)
     2    0.01                           _16_ (net)
                  0.09    0.00    0.77 ^ _28_/A (sky130_fd_sc_hd__and2_1)
                  0.06    0.13    0.90 ^ _28_/X (sky130_fd_sc_hd__and2_1)
     1    0.00                           _18_ (net)
                  0.06    0.00    0.90 ^ _29_/A (sky130_fd_sc_hd__clkbuf_1)
                  0.04    0.08    0.98 ^ _29_/X (sky130_fd_sc_hd__clkbuf_1)
     1    0.00                           _01_ (net)
                  0.04    0.00    0.98 ^ _51_/D (sky130_fd_sc_hd__dfrtp_1)
                                  0.98   data arrival time

                          0.00    0.00   clock clk (rise edge)
                          0.00    0.00   clock source latency
                  0.06    0.04    0.04 ^ clk (in)
     1    0.01                           clk (net)
                  0.06    0.00    0.04 ^ clkbuf_0_clk/A (sky130_fd_sc_hd__clkbuf_16)
                  0.04    0.13    0.17 ^ clkbuf_0_clk/X (sky130_fd_sc_hd__clkbuf_16)
     2    0.02                           clknet_0_clk (net)
                  0.04    0.00    0.17 ^ clkbuf_1_0__f_clk/A (sky130_fd_sc_hd__clkbuf_16)
                  0.03    0.12    0.30 ^ clkbuf_1_0__f_clk/X (sky130_fd_sc_hd__clkbuf_16)
     4    0.01                           clknet_1_0__leaf_clk (net)
                  0.03    0.00    0.30 ^ _51_/CLK (sky130_fd_sc_hd__dfrtp_1)
                          0.25    0.55   clock uncertainty
                         -0.03    0.52   clock reconvergence pessimism
                         -0.04    0.48   library hold time
                                  0.48   data required time
-----------------------------------------------------------------------------
                                  0.48   data required time
                                 -0.98   data arrival time
-----------------------------------------------------------------------------
                                  0.49   slack (MET)


Startpoint: _50_ (rising edge-triggered flip-flop clocked by clk)
Endpoint: _50_ (rising edge-triggered flip-flop clocked by clk)
Path Group: clk
Path Type: min
Corner: Typical

Fanout     Cap    Slew   Delay    Time   Description
-----------------------------------------------------------------------------
                          0.00    0.00   clock clk (rise edge)
                          0.00    0.00   clock source latency
                  0.06    0.04    0.04 ^ clk (in)
     1    0.01                           clk (net)
                  0.06    0.00    0.04 ^ clkbuf_0_clk/A (sky130_fd_sc_hd__clkbuf_16)
                  0.04    0.12    0.16 ^ clkbuf_0_clk/X (sky130_fd_sc_hd__clkbuf_16)
     2    0.02                           clknet_0_clk (net)
                  0.04    0.00    0.16 ^ clkbuf_1_0__f_clk/A (sky130_fd_sc_hd__clkbuf_16)
                  0.03    0.11    0.27 ^ clkbuf_1_0__f_clk/X (sky130_fd_sc_hd__clkbuf_16)
     4    0.01                           clknet_1_0__leaf_clk (net)
                  0.03    0.00    0.27 ^ _50_/CLK (sky130_fd_sc_hd__dfrtp_1)
                  0.16    0.39    0.65 ^ _50_/Q (sky130_fd_sc_hd__dfrtp_1)
     6    0.02                           net2 (net)
                  0.16    0.00    0.65 ^ hold1/A (sky130_fd_sc_hd__dlygate4sd3_1)
                  0.07    0.56    1.21 ^ hold1/X (sky130_fd_sc_hd__dlygate4sd3_1)
     1    0.01                           net10 (net)
                  0.07    0.00    1.21 ^ _25_/A (sky130_fd_sc_hd__inv_2)
                  0.02    0.03    1.24 v _25_/Y (sky130_fd_sc_hd__inv_2)
     1    0.00                           _00_ (net)
                  0.02    0.00    1.24 v _50_/D (sky130_fd_sc_hd__dfrtp_1)
                                  1.24   data arrival time

                          0.00    0.00   clock clk (rise edge)
                          0.00    0.00   clock source latency
                  0.06    0.04    0.04 ^ clk (in)
     1    0.01                           clk (net)
                  0.06    0.00    0.04 ^ clkbuf_0_clk/A (sky130_fd_sc_hd__clkbuf_16)
                  0.04    0.13    0.17 ^ clkbuf_0_clk/X (sky130_fd_sc_hd__clkbuf_16)
     2    0.02                           clknet_0_clk (net)
                  0.04    0.00    0.17 ^ clkbuf_1_0__f_clk/A (sky130_fd_sc_hd__clkbuf_16)
                  0.03    0.12    0.30 ^ clkbuf_1_0__f_clk/X (sky130_fd_sc_hd__clkbuf_16)
     4    0.01                           clknet_1_0__leaf_clk (net)
                  0.03    0.00    0.30 ^ _50_/CLK (sky130_fd_sc_hd__dfrtp_1)
                          0.25    0.55   clock uncertainty
                         -0.03    0.52   clock reconvergence pessimism
                         -0.04    0.48   library hold time
                                  0.48   data required time
-----------------------------------------------------------------------------
                                  0.48   data required time
                                 -1.24   data arrival time
-----------------------------------------------------------------------------
                                  0.76   slack (MET)


Startpoint: rst (input port clocked by clk)
Endpoint: _56_ (removal check against rising-edge clock clk)
Path Group: asynchronous
Path Type: min
Corner: Typical

Fanout     Cap    Slew   Delay    Time   Description
-----------------------------------------------------------------------------
                          0.00    0.00   clock clk (rise edge)
                          0.00    0.00   clock network delay (propagated)
                          2.00    2.00 v input external delay
                  0.01    0.00    2.00 v rst (in)
     1    0.00                           rst (net)
                  0.01    0.00    2.00 v input1/A (sky130_fd_sc_hd__clkbuf_4)
                  0.09    0.17    2.17 v input1/X (sky130_fd_sc_hd__clkbuf_4)
     8    0.04                           net1 (net)
                  0.09    0.00    2.18 v _48_/A (sky130_fd_sc_hd__inv_2)
                  0.04    0.06    2.23 ^ _48_/Y (sky130_fd_sc_hd__inv_2)
     1    0.00                           _14_ (net)
                  0.04    0.00    2.23 ^ _56_/RESET_B (sky130_fd_sc_hd__dfrtp_1)
                                  2.23   data arrival time

                          0.00    0.00   clock clk (rise edge)
                          0.00    0.00   clock source latency
                  0.06    0.04    0.04 ^ clk (in)
     1    0.01                           clk (net)
                  0.06    0.00    0.04 ^ clkbuf_0_clk/A (sky130_fd_sc_hd__clkbuf_16)
                  0.04    0.13    0.17 ^ clkbuf_0_clk/X (sky130_fd_sc_hd__clkbuf_16)
     2    0.02                           clknet_0_clk (net)
                  0.04    0.00    0.17 ^ clkbuf_1_1__f_clk/A (sky130_fd_sc_hd__clkbuf_16)
                  0.03    0.12    0.30 ^ clkbuf_1_1__f_clk/X (sky130_fd_sc_hd__clkbuf_16)
     4    0.01                           clknet_1_1__leaf_clk (net)
                  0.03    0.00    0.30 ^ _56_/CLK (sky130_fd_sc_hd__dfrtp_1)
                          0.25    0.55   clock uncertainty
                          0.00    0.55   clock reconvergence pessimism
                          0.31    0.86   library removal time
                                  0.86   data required time
-----------------------------------------------------------------------------
                                  0.86   data required time
                                 -2.23   data arrival time
-----------------------------------------------------------------------------
                                  1.37   slack (MET)


Startpoint: rst (input port clocked by clk)
Endpoint: _54_ (removal check against rising-edge clock clk)
Path Group: asynchronous
Path Type: min
Corner: Typical

Fanout     Cap    Slew   Delay    Time   Description
-----------------------------------------------------------------------------
                          0.00    0.00   clock clk (rise edge)
                          0.00    0.00   clock network delay (propagated)
                          2.00    2.00 v input external delay
                  0.01    0.00    2.00 v rst (in)
     1    0.00                           rst (net)
                  0.01    0.00    2.00 v input1/A (sky130_fd_sc_hd__clkbuf_4)
                  0.09    0.17    2.17 v input1/X (sky130_fd_sc_hd__clkbuf_4)
     8    0.04                           net1 (net)
                  0.09    0.00    2.18 v _46_/A (sky130_fd_sc_hd__inv_2)
                  0.04    0.06    2.23 ^ _46_/Y (sky130_fd_sc_hd__inv_2)
     1    0.00                           _12_ (net)
                  0.04    0.00    2.23 ^ _54_/RESET_B (sky130_fd_sc_hd__dfrtp_1)
                                  2.23   data arrival time

                          0.00    0.00   clock clk (rise edge)
                          0.00    0.00   clock source latency
                  0.06    0.04    0.04 ^ clk (in)
     1    0.01                           clk (net)
                  0.06    0.00    0.04 ^ clkbuf_0_clk/A (sky130_fd_sc_hd__clkbuf_16)
                  0.04    0.13    0.17 ^ clkbuf_0_clk/X (sky130_fd_sc_hd__clkbuf_16)
     2    0.02                           clknet_0_clk (net)
                  0.04    0.00    0.17 ^ clkbuf_1_1__f_clk/A (sky130_fd_sc_hd__clkbuf_16)
                  0.03    0.12    0.30 ^ clkbuf_1_1__f_clk/X (sky130_fd_sc_hd__clkbuf_16)
     4    0.01                           clknet_1_1__leaf_clk (net)
                  0.03    0.00    0.30 ^ _54_/CLK (sky130_fd_sc_hd__dfrtp_1)
                          0.25    0.55   clock uncertainty
                          0.00    0.55   clock reconvergence pessimism
                          0.31    0.86   library removal time
                                  0.86   data required time
-----------------------------------------------------------------------------
                                  0.86   data required time
                                 -2.23   data arrival time
-----------------------------------------------------------------------------
                                  1.37   slack (MET)


Startpoint: rst (input port clocked by clk)
Endpoint: _55_ (removal check against rising-edge clock clk)
Path Group: asynchronous
Path Type: min
Corner: Typical

Fanout     Cap    Slew   Delay    Time   Description
-----------------------------------------------------------------------------
                          0.00    0.00   clock clk (rise edge)
                          0.00    0.00   clock network delay (propagated)
                          2.00    2.00 v input external delay
                  0.01    0.00    2.00 v rst (in)
     1    0.00                           rst (net)
                  0.01    0.00    2.00 v input1/A (sky130_fd_sc_hd__clkbuf_4)
                  0.09    0.17    2.17 v input1/X (sky130_fd_sc_hd__clkbuf_4)
     8    0.04                           net1 (net)
                  0.09    0.00    2.18 v _47_/A (sky130_fd_sc_hd__inv_2)
                  0.04    0.06    2.23 ^ _47_/Y (sky130_fd_sc_hd__inv_2)
     1    0.00                           _13_ (net)
                  0.04    0.00    2.23 ^ _55_/RESET_B (sky130_fd_sc_hd__dfrtp_1)
                                  2.23   data arrival time

                          0.00    0.00   clock clk (rise edge)
                          0.00    0.00   clock source latency
                  0.06    0.04    0.04 ^ clk (in)
     1    0.01                           clk (net)
                  0.06    0.00    0.04 ^ clkbuf_0_clk/A (sky130_fd_sc_hd__clkbuf_16)
                  0.04    0.13    0.17 ^ clkbuf_0_clk/X (sky130_fd_sc_hd__clkbuf_16)
     2    0.02                           clknet_0_clk (net)
                  0.04    0.00    0.17 ^ clkbuf_1_1__f_clk/A (sky130_fd_sc_hd__clkbuf_16)
                  0.03    0.12    0.30 ^ clkbuf_1_1__f_clk/X (sky130_fd_sc_hd__clkbuf_16)
     4    0.01                           clknet_1_1__leaf_clk (net)
                  0.03    0.00    0.30 ^ _55_/CLK (sky130_fd_sc_hd__dfrtp_1)
                          0.25    0.55   clock uncertainty
                          0.00    0.55   clock reconvergence pessimism
                          0.31    0.86   library removal time
                                  0.86   data required time
-----------------------------------------------------------------------------
                                  0.86   data required time
                                 -2.23   data arrival time
-----------------------------------------------------------------------------
                                  1.37   slack (MET)


Startpoint: rst (input port clocked by clk)
Endpoint: _53_ (removal check against rising-edge clock clk)
Path Group: asynchronous
Path Type: min
Corner: Typical

Fanout     Cap    Slew   Delay    Time   Description
-----------------------------------------------------------------------------
                          0.00    0.00   clock clk (rise edge)
                          0.00    0.00   clock network delay (propagated)
                          2.00    2.00 v input external delay
                  0.01    0.00    2.00 v rst (in)
     1    0.00                           rst (net)
                  0.01    0.00    2.00 v input1/A (sky130_fd_sc_hd__clkbuf_4)
                  0.09    0.17    2.17 v input1/X (sky130_fd_sc_hd__clkbuf_4)
     8    0.04                           net1 (net)
                  0.09    0.00    2.18 v _45_/A (sky130_fd_sc_hd__inv_2)
                  0.04    0.06    2.24 ^ _45_/Y (sky130_fd_sc_hd__inv_2)
     1    0.00                           _11_ (net)
                  0.04    0.00    2.24 ^ _53_/RESET_B (sky130_fd_sc_hd__dfrtp_1)
                                  2.24   data arrival time

                          0.00    0.00   clock clk (rise edge)
                          0.00    0.00   clock source latency
                  0.06    0.04    0.04 ^ clk (in)
     1    0.01                           clk (net)
                  0.06    0.00    0.04 ^ clkbuf_0_clk/A (sky130_fd_sc_hd__clkbuf_16)
                  0.04    0.13    0.17 ^ clkbuf_0_clk/X (sky130_fd_sc_hd__clkbuf_16)
     2    0.02                           clknet_0_clk (net)
                  0.04    0.00    0.17 ^ clkbuf_1_0__f_clk/A (sky130_fd_sc_hd__clkbuf_16)
                  0.03    0.12    0.30 ^ clkbuf_1_0__f_clk/X (sky130_fd_sc_hd__clkbuf_16)
     4    0.01                           clknet_1_0__leaf_clk (net)
                  0.03    0.00    0.30 ^ _53_/CLK (sky130_fd_sc_hd__dfrtp_1)
                          0.25    0.55   clock uncertainty
                          0.00    0.55   clock reconvergence pessimism
                          0.32    0.86   library removal time
                                  0.86   data required time
-----------------------------------------------------------------------------
                                  0.86   data required time
                                 -2.24   data arrival time
-----------------------------------------------------------------------------
                                  1.38   slack (MET)


Startpoint: rst (input port clocked by clk)
Endpoint: _52_ (removal check against rising-edge clock clk)
Path Group: asynchronous
Path Type: min
Corner: Typical

Fanout     Cap    Slew   Delay    Time   Description
-----------------------------------------------------------------------------
                          0.00    0.00   clock clk (rise edge)
                          0.00    0.00   clock network delay (propagated)
                          2.00    2.00 v input external delay
                  0.01    0.00    2.00 v rst (in)
     1    0.00                           rst (net)
                  0.01    0.00    2.00 v input1/A (sky130_fd_sc_hd__clkbuf_4)
                  0.09    0.17    2.17 v input1/X (sky130_fd_sc_hd__clkbuf_4)
     8    0.04                           net1 (net)
                  0.09    0.00    2.18 v _44_/A (sky130_fd_sc_hd__inv_2)
                  0.04    0.06    2.24 ^ _44_/Y (sky130_fd_sc_hd__inv_2)
     1    0.00                           _10_ (net)
                  0.04    0.00    2.24 ^ _52_/RESET_B (sky130_fd_sc_hd__dfrtp_1)
                                  2.24   data arrival time

                          0.00    0.00   clock clk (rise edge)
                          0.00    0.00   clock source latency
                  0.06    0.04    0.04 ^ clk (in)
     1    0.01                           clk (net)
                  0.06    0.00    0.04 ^ clkbuf_0_clk/A (sky130_fd_sc_hd__clkbuf_16)
                  0.04    0.13    0.17 ^ clkbuf_0_clk/X (sky130_fd_sc_hd__clkbuf_16)
     2    0.02                           clknet_0_clk (net)
                  0.04    0.00    0.17 ^ clkbuf_1_0__f_clk/A (sky130_fd_sc_hd__clkbuf_16)
                  0.03    0.12    0.30 ^ clkbuf_1_0__f_clk/X (sky130_fd_sc_hd__clkbuf_16)
     4    0.01                           clknet_1_0__leaf_clk (net)
                  0.03    0.00    0.30 ^ _52_/CLK (sky130_fd_sc_hd__dfrtp_1)
                          0.25    0.55   clock uncertainty
                          0.00    0.55   clock reconvergence pessimism
                          0.32    0.86   library removal time
                                  0.86   data required time
-----------------------------------------------------------------------------
                                  0.86   data required time
                                 -2.24   data arrival time
-----------------------------------------------------------------------------
                                  1.38   slack (MET)


Startpoint: rst (input port clocked by clk)
Endpoint: _57_ (removal check against rising-edge clock clk)
Path Group: asynchronous
Path Type: min
Corner: Typical

Fanout     Cap    Slew   Delay    Time   Description
-----------------------------------------------------------------------------
                          0.00    0.00   clock clk (rise edge)
                          0.00    0.00   clock network delay (propagated)
                          2.00    2.00 v input external delay
                  0.01    0.00    2.00 v rst (in)
     1    0.00                           rst (net)
                  0.01    0.00    2.00 v input1/A (sky130_fd_sc_hd__clkbuf_4)
                  0.09    0.17    2.17 v input1/X (sky130_fd_sc_hd__clkbuf_4)
     8    0.04                           net1 (net)
                  0.09    0.00    2.18 v _49_/A (sky130_fd_sc_hd__inv_2)
                  0.04    0.06    2.24 ^ _49_/Y (sky130_fd_sc_hd__inv_2)
     1    0.00                           _15_ (net)
                  0.04    0.00    2.24 ^ _57_/RESET_B (sky130_fd_sc_hd__dfrtp_1)
                                  2.24   data arrival time

                          0.00    0.00   clock clk (rise edge)
                          0.00    0.00   clock source latency
                  0.06    0.04    0.04 ^ clk (in)
     1    0.01                           clk (net)
                  0.06    0.00    0.04 ^ clkbuf_0_clk/A (sky130_fd_sc_hd__clkbuf_16)
                  0.04    0.13    0.17 ^ clkbuf_0_clk/X (sky130_fd_sc_hd__clkbuf_16)
     2    0.02                           clknet_0_clk (net)
                  0.04    0.00    0.17 ^ clkbuf_1_1__f_clk/A (sky130_fd_sc_hd__clkbuf_16)
                  0.03    0.12    0.30 ^ clkbuf_1_1__f_clk/X (sky130_fd_sc_hd__clkbuf_16)
     4    0.01                           clknet_1_1__leaf_clk (net)
                  0.03    0.00    0.30 ^ _57_/CLK (sky130_fd_sc_hd__dfrtp_1)
                          0.25    0.55   clock uncertainty
                          0.00    0.55   clock reconvergence pessimism
                          0.32    0.86   library removal time
                                  0.86   data required time
-----------------------------------------------------------------------------
                                  0.86   data required time
                                 -2.24   data arrival time
-----------------------------------------------------------------------------
                                  1.38   slack (MET)


Startpoint: rst (input port clocked by clk)
Endpoint: _50_ (removal check against rising-edge clock clk)
Path Group: asynchronous
Path Type: min
Corner: Typical

Fanout     Cap    Slew   Delay    Time   Description
-----------------------------------------------------------------------------
                          0.00    0.00   clock clk (rise edge)
                          0.00    0.00   clock network delay (propagated)
                          2.00    2.00 v input external delay
                  0.01    0.00    2.00 v rst (in)
     1    0.00                           rst (net)
                  0.01    0.00    2.00 v input1/A (sky130_fd_sc_hd__clkbuf_4)
                  0.09    0.17    2.17 v input1/X (sky130_fd_sc_hd__clkbuf_4)
     8    0.04                           net1 (net)
                  0.09    0.00    2.18 v _42_/A (sky130_fd_sc_hd__inv_2)
                  0.04    0.06    2.24 ^ _42_/Y (sky130_fd_sc_hd__inv_2)
     1    0.00                           _08_ (net)
                  0.04    0.00    2.24 ^ _50_/RESET_B (sky130_fd_sc_hd__dfrtp_1)
                                  2.24   data arrival time

                          0.00    0.00   clock clk (rise edge)
                          0.00    0.00   clock source latency
                  0.06    0.04    0.04 ^ clk (in)
     1    0.01                           clk (net)
                  0.06    0.00    0.04 ^ clkbuf_0_clk/A (sky130_fd_sc_hd__clkbuf_16)
                  0.04    0.13    0.17 ^ clkbuf_0_clk/X (sky130_fd_sc_hd__clkbuf_16)
     2    0.02                           clknet_0_clk (net)
                  0.04    0.00    0.17 ^ clkbuf_1_0__f_clk/A (sky130_fd_sc_hd__clkbuf_16)
                  0.03    0.12    0.30 ^ clkbuf_1_0__f_clk/X (sky130_fd_sc_hd__clkbuf_16)
     4    0.01                           clknet_1_0__leaf_clk (net)
                  0.03    0.00    0.30 ^ _50_/CLK (sky130_fd_sc_hd__dfrtp_1)
                          0.25    0.55   clock uncertainty
                          0.00    0.55   clock reconvergence pessimism
                          0.32    0.86   library removal time
                                  0.86   data required time
-----------------------------------------------------------------------------
                                  0.86   data required time
                                 -2.24   data arrival time
-----------------------------------------------------------------------------
                                  1.38   slack (MET)


Startpoint: rst (input port clocked by clk)
Endpoint: _51_ (removal check against rising-edge clock clk)
Path Group: asynchronous
Path Type: min
Corner: Typical

Fanout     Cap    Slew   Delay    Time   Description
-----------------------------------------------------------------------------
                          0.00    0.00   clock clk (rise edge)
                          0.00    0.00   clock network delay (propagated)
                          2.00    2.00 v input external delay
                  0.01    0.00    2.00 v rst (in)
     1    0.00                           rst (net)
                  0.01    0.00    2.00 v input1/A (sky130_fd_sc_hd__clkbuf_4)
                  0.09    0.17    2.17 v input1/X (sky130_fd_sc_hd__clkbuf_4)
     8    0.04                           net1 (net)
                  0.09    0.00    2.18 v _43_/A (sky130_fd_sc_hd__inv_2)
                  0.04    0.06    2.24 ^ _43_/Y (sky130_fd_sc_hd__inv_2)
     1    0.00                           _09_ (net)
                  0.04    0.00    2.24 ^ _51_/RESET_B (sky130_fd_sc_hd__dfrtp_1)
                                  2.24   data arrival time

                          0.00    0.00   clock clk (rise edge)
                          0.00    0.00   clock source latency
                  0.06    0.04    0.04 ^ clk (in)
     1    0.01                           clk (net)
                  0.06    0.00    0.04 ^ clkbuf_0_clk/A (sky130_fd_sc_hd__clkbuf_16)
                  0.04    0.13    0.17 ^ clkbuf_0_clk/X (sky130_fd_sc_hd__clkbuf_16)
     2    0.02                           clknet_0_clk (net)
                  0.04    0.00    0.17 ^ clkbuf_1_0__f_clk/A (sky130_fd_sc_hd__clkbuf_16)
                  0.03    0.12    0.30 ^ clkbuf_1_0__f_clk/X (sky130_fd_sc_hd__clkbuf_16)
     4    0.01                           clknet_1_0__leaf_clk (net)
                  0.03    0.00    0.30 ^ _51_/CLK (sky130_fd_sc_hd__dfrtp_1)
                          0.25    0.55   clock uncertainty
                          0.00    0.55   clock reconvergence pessimism
                          0.32    0.86   library removal time
                                  0.86   data required time
-----------------------------------------------------------------------------
                                  0.86   data required time
                                 -2.24   data arrival time
-----------------------------------------------------------------------------
                                  1.38   slack (MET)


Startpoint: _57_ (rising edge-triggered flip-flop clocked by clk)
Endpoint: debug_out[7] (output port clocked by clk)
Path Group: clk
Path Type: min
Corner: Typical

Fanout     Cap    Slew   Delay    Time   Description
-----------------------------------------------------------------------------
                          0.00    0.00   clock clk (rise edge)
                          0.00    0.00   clock source latency
                  0.06    0.04    0.04 ^ clk (in)
     1    0.01                           clk (net)
                  0.06    0.00    0.04 ^ clkbuf_0_clk/A (sky130_fd_sc_hd__clkbuf_16)
                  0.04    0.12    0.16 ^ clkbuf_0_clk/X (sky130_fd_sc_hd__clkbuf_16)
     2    0.02                           clknet_0_clk (net)
                  0.04    0.00    0.16 ^ clkbuf_1_1__f_clk/A (sky130_fd_sc_hd__clkbuf_16)
                  0.03    0.11    0.27 ^ clkbuf_1_1__f_clk/X (sky130_fd_sc_hd__clkbuf_16)
     4    0.01                           clknet_1_1__leaf_clk (net)
                  0.03    0.00    0.27 ^ _57_/CLK (sky130_fd_sc_hd__dfrtp_1)
                  0.07    0.32    0.59 ^ _57_/Q (sky130_fd_sc_hd__dfrtp_1)
     2    0.01                           net9 (net)
                  0.07    0.00    0.59 ^ output9/A (sky130_fd_sc_hd__clkbuf_4)
                  0.12    0.19    0.77 ^ output9/X (sky130_fd_sc_hd__clkbuf_4)
     1    0.04                           debug_out[7] (net)
                  0.12    0.00    0.77 ^ debug_out[7] (out)
                                  0.77   data arrival time

                          0.00    0.00   clock clk (rise edge)
                          0.00    0.00   clock network delay (propagated)
                          0.25    0.25   clock uncertainty
                          0.00    0.25   clock reconvergence pessimism
                         -2.00   -1.75   output external delay
                                 -1.75   data required time
-----------------------------------------------------------------------------
                                 -1.75   data required time
                                 -0.77   data arrival time
-----------------------------------------------------------------------------
                                  2.52   slack (MET)


Startpoint: _56_ (rising edge-triggered flip-flop clocked by clk)
Endpoint: debug_out[6] (output port clocked by clk)
Path Group: clk
Path Type: min
Corner: Typical

Fanout     Cap    Slew   Delay    Time   Description
-----------------------------------------------------------------------------
                          0.00    0.00   clock clk (rise edge)
                          0.00    0.00   clock source latency
                  0.06    0.04    0.04 ^ clk (in)
     1    0.01                           clk (net)
                  0.06    0.00    0.04 ^ clkbuf_0_clk/A (sky130_fd_sc_hd__clkbuf_16)
                  0.04    0.12    0.16 ^ clkbuf_0_clk/X (sky130_fd_sc_hd__clkbuf_16)
     2    0.02                           clknet_0_clk (net)
                  0.04    0.00    0.16 ^ clkbuf_1_1__f_clk/A (sky130_fd_sc_hd__clkbuf_16)
                  0.03    0.11    0.27 ^ clkbuf_1_1__f_clk/X (sky130_fd_sc_hd__clkbuf_16)
     4    0.01                           clknet_1_1__leaf_clk (net)
                  0.03    0.00    0.27 ^ _56_/CLK (sky130_fd_sc_hd__dfrtp_1)
                  0.09    0.33    0.60 ^ _56_/Q (sky130_fd_sc_hd__dfrtp_1)
     3    0.01                           net8 (net)
                  0.09    0.00    0.60 ^ output8/A (sky130_fd_sc_hd__clkbuf_4)
                  0.11    0.19    0.79 ^ output8/X (sky130_fd_sc_hd__clkbuf_4)
     1    0.03                           debug_out[6] (net)
                  0.11    0.00    0.79 ^ debug_out[6] (out)
                                  0.79   data arrival time

                          0.00    0.00   clock clk (rise edge)
                          0.00    0.00   clock network delay (propagated)
                          0.25    0.25   clock uncertainty
                          0.00    0.25   clock reconvergence pessimism
                         -2.00   -1.75   output external delay
                                 -1.75   data required time
-----------------------------------------------------------------------------
                                 -1.75   data required time
                                 -0.79   data arrival time
-----------------------------------------------------------------------------
                                  2.54   slack (MET)


Startpoint: _53_ (rising edge-triggered flip-flop clocked by clk)
Endpoint: debug_out[3] (output port clocked by clk)
Path Group: clk
Path Type: min
Corner: Typical

Fanout     Cap    Slew   Delay    Time   Description
-----------------------------------------------------------------------------
                          0.00    0.00   clock clk (rise edge)
                          0.00    0.00   clock source latency
                  0.06    0.04    0.04 ^ clk (in)
     1    0.01                           clk (net)
                  0.06    0.00    0.04 ^ clkbuf_0_clk/A (sky130_fd_sc_hd__clkbuf_16)
                  0.04    0.12    0.16 ^ clkbuf_0_clk/X (sky130_fd_sc_hd__clkbuf_16)
     2    0.02                           clknet_0_clk (net)
                  0.04    0.00    0.16 ^ clkbuf_1_0__f_clk/A (sky130_fd_sc_hd__clkbuf_16)
                  0.03    0.11    0.27 ^ clkbuf_1_0__f_clk/X (sky130_fd_sc_hd__clkbuf_16)
     4    0.01                           clknet_1_0__leaf_clk (net)
                  0.03    0.00    0.27 ^ _53_/CLK (sky130_fd_sc_hd__dfrtp_1)
                  0.10    0.34    0.61 ^ _53_/Q (sky130_fd_sc_hd__dfrtp_1)
     3    0.01                           net5 (net)
                  0.10    0.00    0.61 ^ output5/A (sky130_fd_sc_hd__clkbuf_4)
                  0.11    0.20    0.80 ^ output5/X (sky130_fd_sc_hd__clkbuf_4)
     1    0.03                           debug_out[3] (net)
                  0.11    0.00    0.80 ^ debug_out[3] (out)
                                  0.80   data arrival time

                          0.00    0.00   clock clk (rise edge)
                          0.00    0.00   clock network delay (propagated)
                          0.25    0.25   clock uncertainty
                          0.00    0.25   clock reconvergence pessimism
                         -2.00   -1.75   output external delay
                                 -1.75   data required time
-----------------------------------------------------------------------------
                                 -1.75   data required time
                                 -0.80   data arrival time
-----------------------------------------------------------------------------
                                  2.55   slack (MET)


Startpoint: _54_ (rising edge-triggered flip-flop clocked by clk)
Endpoint: debug_out[4] (output port clocked by clk)
Path Group: clk
Path Type: min
Corner: Typical

Fanout     Cap    Slew   Delay    Time   Description
-----------------------------------------------------------------------------
                          0.00    0.00   clock clk (rise edge)
                          0.00    0.00   clock source latency
                  0.06    0.04    0.04 ^ clk (in)
     1    0.01                           clk (net)
                  0.06    0.00    0.04 ^ clkbuf_0_clk/A (sky130_fd_sc_hd__clkbuf_16)
                  0.04    0.12    0.16 ^ clkbuf_0_clk/X (sky130_fd_sc_hd__clkbuf_16)
     2    0.02                           clknet_0_clk (net)
                  0.04    0.00    0.16 ^ clkbuf_1_1__f_clk/A (sky130_fd_sc_hd__clkbuf_16)
                  0.03    0.11    0.27 ^ clkbuf_1_1__f_clk/X (sky130_fd_sc_hd__clkbuf_16)
     4    0.01                           clknet_1_1__leaf_clk (net)
                  0.03    0.00    0.27 ^ _54_/CLK (sky130_fd_sc_hd__dfrtp_1)
                  0.11    0.35    0.61 ^ _54_/Q (sky130_fd_sc_hd__dfrtp_1)
     4    0.01                           net6 (net)
                  0.11    0.00    0.61 ^ output6/A (sky130_fd_sc_hd__clkbuf_4)
                  0.11    0.20    0.81 ^ output6/X (sky130_fd_sc_hd__clkbuf_4)
     1    0.03                           debug_out[4] (net)
                  0.11    0.00    0.81 ^ debug_out[4] (out)
                                  0.81   data arrival time

                          0.00    0.00   clock clk (rise edge)
                          0.00    0.00   clock network delay (propagated)
                          0.25    0.25   clock uncertainty
                          0.00    0.25   clock reconvergence pessimism
                         -2.00   -1.75   output external delay
                                 -1.75   data required time
-----------------------------------------------------------------------------
                                 -1.75   data required time
                                 -0.81   data arrival time
-----------------------------------------------------------------------------
                                  2.56   slack (MET)


Startpoint: _52_ (rising edge-triggered flip-flop clocked by clk)
Endpoint: debug_out[2] (output port clocked by clk)
Path Group: clk
Path Type: min
Corner: Typical

Fanout     Cap    Slew   Delay    Time   Description
-----------------------------------------------------------------------------
                          0.00    0.00   clock clk (rise edge)
                          0.00    0.00   clock source latency
                  0.06    0.04    0.04 ^ clk (in)
     1    0.01                           clk (net)
                  0.06    0.00    0.04 ^ clkbuf_0_clk/A (sky130_fd_sc_hd__clkbuf_16)
                  0.04    0.12    0.16 ^ clkbuf_0_clk/X (sky130_fd_sc_hd__clkbuf_16)
     2    0.02                           clknet_0_clk (net)
                  0.04    0.00    0.16 ^ clkbuf_1_0__f_clk/A (sky130_fd_sc_hd__clkbuf_16)
                  0.03    0.11    0.27 ^ clkbuf_1_0__f_clk/X (sky130_fd_sc_hd__clkbuf_16)
     4    0.01                           clknet_1_0__leaf_clk (net)
                  0.03    0.00    0.27 ^ _52_/CLK (sky130_fd_sc_hd__dfrtp_1)
                  0.11    0.35    0.61 ^ _52_/Q (sky130_fd_sc_hd__dfrtp_1)
     4    0.01                           net4 (net)
                  0.11    0.00    0.61 ^ output4/A (sky130_fd_sc_hd__clkbuf_4)
                  0.12    0.20    0.81 ^ output4/X (sky130_fd_sc_hd__clkbuf_4)
     1    0.04                           debug_out[2] (net)
                  0.12    0.00    0.81 ^ debug_out[2] (out)
                                  0.81   data arrival time

                          0.00    0.00   clock clk (rise edge)
                          0.00    0.00   clock network delay (propagated)
                          0.25    0.25   clock uncertainty
                          0.00    0.25   clock reconvergence pessimism
                         -2.00   -1.75   output external delay
                                 -1.75   data required time
-----------------------------------------------------------------------------
                                 -1.75   data required time
                                 -0.81   data arrival time
-----------------------------------------------------------------------------
                                  2.56   slack (MET)


Startpoint: _55_ (rising edge-triggered flip-flop clocked by clk)
Endpoint: debug_out[5] (output port clocked by clk)
Path Group: clk
Path Type: min
Corner: Typical

Fanout     Cap    Slew   Delay    Time   Description
-----------------------------------------------------------------------------
                          0.00    0.00   clock clk (rise edge)
                          0.00    0.00   clock source latency
                  0.06    0.04    0.04 ^ clk (in)
     1    0.01                           clk (net)
                  0.06    0.00    0.04 ^ clkbuf_0_clk/A (sky130_fd_sc_hd__clkbuf_16)
                  0.04    0.12    0.16 ^ clkbuf_0_clk/X (sky130_fd_sc_hd__clkbuf_16)
     2    0.02                           clknet_0_clk (net)
                  0.04    0.00    0.16 ^ clkbuf_1_1__f_clk/A (sky130_fd_sc_hd__clkbuf_16)
                  0.03    0.11    0.27 ^ clkbuf_1_1__f_clk/X (sky130_fd_sc_hd__clkbuf_16)
     4    0.01                           clknet_1_1__leaf_clk (net)
                  0.03    0.00    0.27 ^ _55_/CLK (sky130_fd_sc_hd__dfrtp_1)
                  0.12    0.36    0.63 ^ _55_/Q (sky130_fd_sc_hd__dfrtp_1)
     4    0.01                           net7 (net)
                  0.12    0.00    0.63 ^ output7/A (sky130_fd_sc_hd__clkbuf_4)
                  0.11    0.20    0.83 ^ output7/X (sky130_fd_sc_hd__clkbuf_4)
     1    0.03                           debug_out[5] (net)
                  0.11    0.00    0.83 ^ debug_out[5] (out)
                                  0.83   data arrival time

                          0.00    0.00   clock clk (rise edge)
                          0.00    0.00   clock network delay (propagated)
                          0.25    0.25   clock uncertainty
                          0.00    0.25   clock reconvergence pessimism
                         -2.00   -1.75   output external delay
                                 -1.75   data required time
-----------------------------------------------------------------------------
                                 -1.75   data required time
                                 -0.83   data arrival time
-----------------------------------------------------------------------------
                                  2.58   slack (MET)


Startpoint: _51_ (rising edge-triggered flip-flop clocked by clk)
Endpoint: debug_out[1] (output port clocked by clk)
Path Group: clk
Path Type: min
Corner: Typical

Fanout     Cap    Slew   Delay    Time   Description
-----------------------------------------------------------------------------
                          0.00    0.00   clock clk (rise edge)
                          0.00    0.00   clock source latency
                  0.06    0.04    0.04 ^ clk (in)
     1    0.01                           clk (net)
                  0.06    0.00    0.04 ^ clkbuf_0_clk/A (sky130_fd_sc_hd__clkbuf_16)
                  0.04    0.12    0.16 ^ clkbuf_0_clk/X (sky130_fd_sc_hd__clkbuf_16)
     2    0.02                           clknet_0_clk (net)
                  0.04    0.00    0.16 ^ clkbuf_1_0__f_clk/A (sky130_fd_sc_hd__clkbuf_16)
                  0.03    0.11    0.27 ^ clkbuf_1_0__f_clk/X (sky130_fd_sc_hd__clkbuf_16)
     4    0.01                           clknet_1_0__leaf_clk (net)
                  0.03    0.00    0.27 ^ _51_/CLK (sky130_fd_sc_hd__dfrtp_1)
                  0.10    0.40    0.66 v _51_/Q (sky130_fd_sc_hd__dfrtp_1)
     5    0.02                           net3 (net)
                  0.10    0.00    0.66 v output3/A (sky130_fd_sc_hd__buf_2)
                  0.09    0.20    0.86 v output3/X (sky130_fd_sc_hd__buf_2)
     1    0.03                           debug_out[1] (net)
                  0.09    0.00    0.86 v debug_out[1] (out)
                                  0.86   data arrival time

                          0.00    0.00   clock clk (rise edge)
                          0.00    0.00   clock network delay (propagated)
                          0.25    0.25   clock uncertainty
                          0.00    0.25   clock reconvergence pessimism
                         -2.00   -1.75   output external delay
                                 -1.75   data required time
-----------------------------------------------------------------------------
                                 -1.75   data required time
                                 -0.86   data arrival time
-----------------------------------------------------------------------------
                                  2.61   slack (MET)


Startpoint: _50_ (rising edge-triggered flip-flop clocked by clk)
Endpoint: debug_out[0] (output port clocked by clk)
Path Group: clk
Path Type: min
Corner: Typical

Fanout     Cap    Slew   Delay    Time   Description
-----------------------------------------------------------------------------
                          0.00    0.00   clock clk (rise edge)
                          0.00    0.00   clock source latency
                  0.06    0.04    0.04 ^ clk (in)
     1    0.01                           clk (net)
                  0.06    0.00    0.04 ^ clkbuf_0_clk/A (sky130_fd_sc_hd__clkbuf_16)
                  0.04    0.12    0.16 ^ clkbuf_0_clk/X (sky130_fd_sc_hd__clkbuf_16)
     2    0.02                           clknet_0_clk (net)
                  0.04    0.00    0.16 ^ clkbuf_1_0__f_clk/A (sky130_fd_sc_hd__clkbuf_16)
                  0.03    0.11    0.27 ^ clkbuf_1_0__f_clk/X (sky130_fd_sc_hd__clkbuf_16)
     4    0.01                           clknet_1_0__leaf_clk (net)
                  0.03    0.00    0.27 ^ _50_/CLK (sky130_fd_sc_hd__dfrtp_1)
                  0.10    0.40    0.66 v _50_/Q (sky130_fd_sc_hd__dfrtp_1)
     6    0.02                           net2 (net)
                  0.10    0.00    0.66 v output2/A (sky130_fd_sc_hd__clkbuf_4)
                  0.09    0.20    0.87 v output2/X (sky130_fd_sc_hd__clkbuf_4)
     1    0.04                           debug_out[0] (net)
                  0.09    0.00    0.87 v debug_out[0] (out)
                                  0.87   data arrival time

                          0.00    0.00   clock clk (rise edge)
                          0.00    0.00   clock network delay (propagated)
                          0.25    0.25   clock uncertainty
                          0.00    0.25   clock reconvergence pessimism
                         -2.00   -1.75   output external delay
                                 -1.75   data required time
-----------------------------------------------------------------------------
                                 -1.75   data required time
                                 -0.87   data arrival time
-----------------------------------------------------------------------------
                                  2.62   slack (MET)



