
===========================================================================
report_checks -path_delay min (Hold)
============================================================================
======================= Fastest Corner ===================================

Startpoint: _56_ (rising edge-triggered flip-flop clocked by clk)
Endpoint: _57_ (rising edge-triggered flip-flop clocked by clk)
Path Group: clk
Path Type: min
Corner: Fastest

Fanout     Cap    Slew   Delay    Time   Description
-----------------------------------------------------------------------------
                          0.00    0.00   clock clk (rise edge)
                          0.00    0.00   clock source latency
                  0.04    0.03    0.03 ^ clk (in)
     1    0.01                           clk (net)
                  0.04    0.00    0.03 ^ clkbuf_0_clk/A (sky130_fd_sc_hd__clkbuf_16)
                  0.03    0.08    0.11 ^ clkbuf_0_clk/X (sky130_fd_sc_hd__clkbuf_16)
     2    0.02                           clknet_0_clk (net)
                  0.03    0.00    0.11 ^ clkbuf_1_1__f_clk/A (sky130_fd_sc_hd__clkbuf_16)
                  0.03    0.07    0.19 ^ clkbuf_1_1__f_clk/X (sky130_fd_sc_hd__clkbuf_16)
     4    0.01                           clknet_1_1__leaf_clk (net)
                  0.03    0.00    0.19 ^ _56_/CLK (sky130_fd_sc_hd__dfrtp_1)
                  0.07    0.21    0.40 ^ _56_/Q (sky130_fd_sc_hd__dfrtp_1)
     3    0.01                           net8 (net)
                  0.07    0.00    0.40 ^ _40_/C (sky130_fd_sc_hd__and4_1)
                  0.05    0.12    0.52 ^ _40_/X (sky130_fd_sc_hd__and4_1)
     1    0.01                           _24_ (net)
                  0.05    0.00    0.52 ^ _41_/B (sky130_fd_sc_hd__xor2_1)
                  0.03    0.04    0.56 v _41_/X (sky130_fd_sc_hd__xor2_1)
     1    0.00                           _07_ (net)
                  0.03    0.00    0.56 v _57_/D (sky130_fd_sc_hd__dfrtp_1)
                                  0.56   data arrival time

                          0.00    0.00   clock clk (rise edge)
                          0.00    0.00   clock source latency
                  0.04    0.03    0.03 ^ clk (in)
     1    0.01                           clk (net)
                  0.04    0.00    0.03 ^ clkbuf_0_clk/A (sky130_fd_sc_hd__clkbuf_16)
                  0.03    0.09    0.12 ^ clkbuf_0_clk/X (sky130_fd_sc_hd__clkbuf_16)
     2    0.02                           clknet_0_clk (net)
                  0.03    0.00    0.12 ^ clkbuf_1_1__f_clk/A (sky130_fd_sc_hd__clkbuf_16)
                  0.03    0.08    0.21 ^ clkbuf_1_1__f_clk/X (sky130_fd_sc_hd__clkbuf_16)
     4    0.01                           clknet_1_1__leaf_clk (net)
                  0.03    0.00    0.21 ^ _57_/CLK (sky130_fd_sc_hd__dfrtp_1)
                          0.25    0.46   clock uncertainty
                         -0.02    0.44   clock reconvergence pessimism
                         -0.03    0.41   library hold time
                                  0.41   data required time
-----------------------------------------------------------------------------
                                  0.41   data required time
                                 -0.56   data arrival time
-----------------------------------------------------------------------------
                                  0.15   slack (MET)


Startpoint: _50_ (rising edge-triggered flip-flop clocked by clk)
Endpoint: _52_ (rising edge-triggered flip-flop clocked by clk)
Path Group: clk
Path Type: min
Corner: Fastest

Fanout     Cap    Slew   Delay    Time   Description
-----------------------------------------------------------------------------
                          0.00    0.00   clock clk (rise edge)
                          0.00    0.00   clock source latency
                  0.04    0.03    0.03 ^ clk (in)
     1    0.01                           clk (net)
                  0.04    0.00    0.03 ^ clkbuf_0_clk/A (sky130_fd_sc_hd__clkbuf_16)
                  0.03    0.08    0.11 ^ clkbuf_0_clk/X (sky130_fd_sc_hd__clkbuf_16)
     2    0.02                           clknet_0_clk (net)
                  0.03    0.00    0.11 ^ clkbuf_1_0__f_clk/A (sky130_fd_sc_hd__clkbuf_16)
                  0.03    0.07    0.19 ^ clkbuf_1_0__f_clk/X (sky130_fd_sc_hd__clkbuf_16)
     4    0.01                           clknet_1_0__leaf_clk (net)
                  0.03    0.00    0.19 ^ _50_/CLK (sky130_fd_sc_hd__dfrtp_1)
                  0.08    0.26    0.44 v _50_/Q (sky130_fd_sc_hd__dfrtp_1)
     6    0.02                           net2 (net)
                  0.08    0.00    0.44 v _26_/A (sky130_fd_sc_hd__nand2_1)
                  0.07    0.08    0.53 ^ _26_/Y (sky130_fd_sc_hd__nand2_1)
     2    0.01                           _16_ (net)
                  0.07    0.00    0.53 ^ _30_/B (sky130_fd_sc_hd__xnor2_1)
                  0.02    0.04    0.56 v _30_/Y (sky130_fd_sc_hd__xnor2_1)
     1    0.00                           _02_ (net)
                  0.02    0.00    0.56 v _52_/D (sky130_fd_sc_hd__dfrtp_1)
                                  0.56   data arrival time

                          0.00    0.00   clock clk (rise edge)
                          0.00    0.00   clock source latency
                  0.04    0.03    0.03 ^ clk (in)
     1    0.01                           clk (net)
                  0.04    0.00    0.03 ^ clkbuf_0_clk/A (sky130_fd_sc_hd__clkbuf_16)
                  0.03    0.09    0.12 ^ clkbuf_0_clk/X (sky130_fd_sc_hd__clkbuf_16)
     2    0.02                           clknet_0_clk (net)
                  0.03    0.00    0.12 ^ clkbuf_1_0__f_clk/A (sky130_fd_sc_hd__clkbuf_16)
                  0.03    0.08    0.21 ^ clkbuf_1_0__f_clk/X (sky130_fd_sc_hd__clkbuf_16)
     4    0.01                           clknet_1_0__leaf_clk (net)
                  0.03    0.00    0.21 ^ _52_/CLK (sky130_fd_sc_hd__dfrtp_1)
                          0.25    0.46   clock uncertainty
                         -0.02    0.44   clock reconvergence pessimism
                         -0.03    0.41   library hold time
                                  0.41   data required time
-----------------------------------------------------------------------------
                                  0.41   data required time
                                 -0.56   data arrival time
-----------------------------------------------------------------------------
                                  0.15   slack (MET)


Startpoint: _53_ (rising edge-triggered flip-flop clocked by clk)
Endpoint: _53_ (rising edge-triggered flip-flop clocked by clk)
Path Group: clk
Path Type: min
Corner: Fastest

Fanout     Cap    Slew   Delay    Time   Description
-----------------------------------------------------------------------------
                          0.00    0.00   clock clk (rise edge)
                          0.00    0.00   clock source latency
                  0.04    0.03    0.03 ^ clk (in)
     1    0.01                           clk (net)
                  0.04    0.00    0.03 ^ clkbuf_0_clk/A (sky130_fd_sc_hd__clkbuf_16)
                  0.03    0.08    0.11 ^ clkbuf_0_clk/X (sky130_fd_sc_hd__clkbuf_16)
     2    0.02                           clknet_0_clk (net)
                  0.03    0.00    0.11 ^ clkbuf_1_0__f_clk/A (sky130_fd_sc_hd__clkbuf_16)
                  0.03    0.07    0.19 ^ clkbuf_1_0__f_clk/X (sky130_fd_sc_hd__clkbuf_16)
     4    0.01                           clknet_1_0__leaf_clk (net)
                  0.03    0.00    0.19 ^ _53_/CLK (sky130_fd_sc_hd__dfrtp_1)
                  0.08    0.22    0.41 ^ _53_/Q (sky130_fd_sc_hd__dfrtp_1)
     3    0.01                           net5 (net)
                  0.08    0.00    0.41 ^ _32_/B1 (sky130_fd_sc_hd__a31o_1)
                  0.02    0.05    0.46 ^ _32_/X (sky130_fd_sc_hd__a31o_1)
     1    0.00                           _20_ (net)
                  0.02    0.00    0.46 ^ _33_/B (sky130_fd_sc_hd__and2b_1)
                  0.03    0.07    0.53 ^ _33_/X (sky130_fd_sc_hd__and2b_1)
     1    0.00                           _21_ (net)
                  0.03    0.00    0.53 ^ _34_/A (sky130_fd_sc_hd__clkbuf_1)
                  0.03    0.05    0.58 ^ _34_/X (sky130_fd_sc_hd__clkbuf_1)
     1    0.00                           _03_ (net)
                  0.03    0.00    0.58 ^ _53_/D (sky130_fd_sc_hd__dfrtp_1)
                                  0.58   data arrival time

                          0.00    0.00   clock clk (rise edge)
                          0.00    0.00   clock source latency
                  0.04    0.03    0.03 ^ clk (in)
     1    0.01                           clk (net)
                  0.04    0.00    0.03 ^ clkbuf_0_clk/A (sky130_fd_sc_hd__clkbuf_16)
                  0.03    0.09    0.12 ^ clkbuf_0_clk/X (sky130_fd_sc_hd__clkbuf_16)
     2    0.02                           clknet_0_clk (net)
                  0.03    0.00    0.12 ^ clkbuf_1_0__f_clk/A (sky130_fd_sc_hd__clkbuf_16)
                  0.03    0.08    0.21 ^ clkbuf_1_0__f_clk/X (sky130_fd_sc_hd__clkbuf_16)
     4    0.01                           clknet_1_0__leaf_clk (net)
                  0.03    0.00    0.21 ^ _53_/CLK (sky130_fd_sc_hd__dfrtp_1)
                          0.25    0.46   clock uncertainty
                         -0.02    0.44   clock reconvergence pessimism
                         -0.02    0.42   library hold time
                                  0.42   data required time
-----------------------------------------------------------------------------
                                  0.42   data required time
                                 -0.58   data arrival time
-----------------------------------------------------------------------------
                                  0.16   slack (MET)


Startpoint: _54_ (rising edge-triggered flip-flop clocked by clk)
Endpoint: _55_ (rising edge-triggered flip-flop clocked by clk)
Path Group: clk
Path Type: min
Corner: Fastest

Fanout     Cap    Slew   Delay    Time   Description
-----------------------------------------------------------------------------
                          0.00    0.00   clock clk (rise edge)
                          0.00    0.00   clock source latency
                  0.04    0.03    0.03 ^ clk (in)
     1    0.01                           clk (net)
                  0.04    0.00    0.03 ^ clkbuf_0_clk/A (sky130_fd_sc_hd__clkbuf_16)
                  0.03    0.08    0.11 ^ clkbuf_0_clk/X (sky130_fd_sc_hd__clkbuf_16)
     2    0.02                           clknet_0_clk (net)
                  0.03    0.00    0.11 ^ clkbuf_1_1__f_clk/A (sky130_fd_sc_hd__clkbuf_16)
                  0.03    0.07    0.19 ^ clkbuf_1_1__f_clk/X (sky130_fd_sc_hd__clkbuf_16)
     4    0.01                           clknet_1_1__leaf_clk (net)
                  0.03    0.00    0.19 ^ _54_/CLK (sky130_fd_sc_hd__dfrtp_1)
                  0.09    0.23    0.41 ^ _54_/Q (sky130_fd_sc_hd__dfrtp_1)
     4    0.01                           net6 (net)
                  0.09    0.00    0.42 ^ _36_/A (sky130_fd_sc_hd__and3_1)
                  0.08    0.12    0.54 ^ _36_/X (sky130_fd_sc_hd__and3_1)
     2    0.01                           _22_ (net)
                  0.08    0.00    0.54 ^ _38_/A (sky130_fd_sc_hd__nor2_1)
                  0.02    0.03    0.57 v _38_/Y (sky130_fd_sc_hd__nor2_1)
     1    0.00                           _05_ (net)
                  0.02    0.00    0.57 v _55_/D (sky130_fd_sc_hd__dfrtp_1)
                                  0.57   data arrival time

                          0.00    0.00   clock clk (rise edge)
                          0.00    0.00   clock source latency
                  0.04    0.03    0.03 ^ clk (in)
     1    0.01                           clk (net)
                  0.04    0.00    0.03 ^ clkbuf_0_clk/A (sky130_fd_sc_hd__clkbuf_16)
                  0.03    0.09    0.12 ^ clkbuf_0_clk/X (sky130_fd_sc_hd__clkbuf_16)
     2    0.02                           clknet_0_clk (net)
                  0.03    0.00    0.12 ^ clkbuf_1_1__f_clk/A (sky130_fd_sc_hd__clkbuf_16)
                  0.03    0.08    0.21 ^ clkbuf_1_1__f_clk/X (sky130_fd_sc_hd__clkbuf_16)
     4    0.01                           clknet_1_1__leaf_clk (net)
                  0.03    0.00    0.21 ^ _55_/CLK (sky130_fd_sc_hd__dfrtp_1)
                          0.25    0.46   clock uncertainty
                         -0.02    0.44   clock reconvergence pessimism
                         -0.03    0.41   library hold time
                                  0.41   data required time
-----------------------------------------------------------------------------
                                  0.41   data required time
                                 -0.57   data arrival time
-----------------------------------------------------------------------------
                                  0.17   slack (MET)


Startpoint: _54_ (rising edge-triggered flip-flop clocked by clk)
Endpoint: _56_ (rising edge-triggered flip-flop clocked by clk)
Path Group: clk
Path Type: min
Corner: Fastest

Fanout     Cap    Slew   Delay    Time   Description
-----------------------------------------------------------------------------
                          0.00    0.00   clock clk (rise edge)
                          0.00    0.00   clock source latency
                  0.04    0.03    0.03 ^ clk (in)
     1    0.01                           clk (net)
                  0.04    0.00    0.03 ^ clkbuf_0_clk/A (sky130_fd_sc_hd__clkbuf_16)
                  0.03    0.08    0.11 ^ clkbuf_0_clk/X (sky130_fd_sc_hd__clkbuf_16)
     2    0.02                           clknet_0_clk (net)
                  0.03    0.00    0.11 ^ clkbuf_1_1__f_clk/A (sky130_fd_sc_hd__clkbuf_16)
                  0.03    0.07    0.19 ^ clkbuf_1_1__f_clk/X (sky130_fd_sc_hd__clkbuf_16)
     4    0.01                           clknet_1_1__leaf_clk (net)
                  0.03    0.00    0.19 ^ _54_/CLK (sky130_fd_sc_hd__dfrtp_1)
                  0.09    0.23    0.41 ^ _54_/Q (sky130_fd_sc_hd__dfrtp_1)
     4    0.01                           net6 (net)
                  0.09    0.00    0.42 ^ _36_/A (sky130_fd_sc_hd__and3_1)
                  0.08    0.12    0.54 ^ _36_/X (sky130_fd_sc_hd__and3_1)
     2    0.01                           _22_ (net)
                  0.08    0.00    0.54 ^ _39_/B (sky130_fd_sc_hd__xor2_1)
                  0.03    0.04    0.58 v _39_/X (sky130_fd_sc_hd__xor2_1)
     1    0.00                           _06_ (net)
                  0.03    0.00    0.58 v _56_/D (sky130_fd_sc_hd__dfrtp_1)
                                  0.58   data arrival time

                          0.00    0.00   clock clk (rise edge)
                          0.00    0.00   clock source latency
                  0.04    0.03    0.03 ^ clk (in)
     1    0.01                           clk (net)
                  0.04    0.00    0.03 ^ clkbuf_0_clk/A (sky130_fd_sc_hd__clkbuf_16)
                  0.03    0.09    0.12 ^ clkbuf_0_clk/X (sky130_fd_sc_hd__clkbuf_16)
     2    0.02                           clknet_0_clk (net)
                  0.03    0.00    0.12 ^ clkbuf_1_1__f_clk/A (sky130_fd_sc_hd__clkbuf_16)
                  0.03    0.08    0.21 ^ clkbuf_1_1__f_clk/X (sky130_fd_sc_hd__clkbuf_16)
     4    0.01                           clknet_1_1__leaf_clk (net)
                  0.03    0.00    0.21 ^ _56_/CLK (sky130_fd_sc_hd__dfrtp_1)
                          0.25    0.46   clock uncertainty
                         -0.02    0.44   clock reconvergence pessimism
                         -0.03    0.41   library hold time
                                  0.41   data required time
-----------------------------------------------------------------------------
                                  0.41   data required time
                                 -0.58   data arrival time
-----------------------------------------------------------------------------
                                  0.17   slack (MET)


Startpoint: _53_ (rising edge-triggered flip-flop clocked by clk)
Endpoint: _54_ (rising edge-triggered flip-flop clocked by clk)
Path Group: clk
Path Type: min
Corner: Fastest

Fanout     Cap    Slew   Delay    Time   Description
-----------------------------------------------------------------------------
                          0.00    0.00   clock clk (rise edge)
                          0.00    0.00   clock source latency
                  0.04    0.03    0.03 ^ clk (in)
     1    0.01                           clk (net)
                  0.04    0.00    0.03 ^ clkbuf_0_clk/A (sky130_fd_sc_hd__clkbuf_16)
                  0.03    0.08    0.11 ^ clkbuf_0_clk/X (sky130_fd_sc_hd__clkbuf_16)
     2    0.02                           clknet_0_clk (net)
                  0.03    0.00    0.11 ^ clkbuf_1_0__f_clk/A (sky130_fd_sc_hd__clkbuf_16)
                  0.03    0.07    0.19 ^ clkbuf_1_0__f_clk/X (sky130_fd_sc_hd__clkbuf_16)
     4    0.01                           clknet_1_0__leaf_clk (net)
                  0.03    0.00    0.19 ^ _53_/CLK (sky130_fd_sc_hd__dfrtp_1)
                  0.08    0.22    0.41 ^ _53_/Q (sky130_fd_sc_hd__dfrtp_1)
     3    0.01                           net5 (net)
                  0.08    0.00    0.41 ^ _31_/D (sky130_fd_sc_hd__and4_2)
                  0.09    0.17    0.58 ^ _31_/X (sky130_fd_sc_hd__and4_2)
     5    0.02                           _19_ (net)
                  0.09    0.00    0.59 ^ _35_/B (sky130_fd_sc_hd__xor2_1)
                  0.02    0.04    0.63 v _35_/X (sky130_fd_sc_hd__xor2_1)
     1    0.00                           _04_ (net)
                  0.02    0.00    0.63 v _54_/D (sky130_fd_sc_hd__dfrtp_1)
                                  0.63   data arrival time

                          0.00    0.00   clock clk (rise edge)
                          0.00    0.00   clock source latency
                  0.04    0.03    0.03 ^ clk (in)
     1    0.01                           clk (net)
                  0.04    0.00    0.03 ^ clkbuf_0_clk/A (sky130_fd_sc_hd__clkbuf_16)
                  0.03    0.09    0.12 ^ clkbuf_0_clk/X (sky130_fd_sc_hd__clkbuf_16)
     2    0.02                           clknet_0_clk (net)
                  0.03    0.00    0.12 ^ clkbuf_1_1__f_clk/A (sky130_fd_sc_hd__clkbuf_16)
                  0.03    0.08    0.21 ^ clkbuf_1_1__f_clk/X (sky130_fd_sc_hd__clkbuf_16)
     4    0.01                           clknet_1_1__leaf_clk (net)
                  0.03    0.00    0.21 ^ _54_/CLK (sky130_fd_sc_hd__dfrtp_1)
                          0.25    0.46   clock uncertainty
                         -0.01    0.45   clock reconvergence pessimism
                         -0.03    0.41   library hold time
                                  0.41   data required time
-----------------------------------------------------------------------------
                                  0.41   data required time
                                 -0.63   data arrival time
-----------------------------------------------------------------------------
                                  0.21   slack (MET)


Startpoint: _50_ (rising edge-triggered flip-flop clocked by clk)
Endpoint: _51_ (rising edge-triggered flip-flop clocked by clk)
Path Group: clk
Path Type: min
Corner: Fastest

Fanout     Cap    Slew   Delay    Time   Description
-----------------------------------------------------------------------------
                          0.00    0.00   clock clk (rise edge)
                          0.00    0.00   clock source latency
                  0.04    0.03    0.03 ^ clk (in)
     1    0.01                           clk (net)
                  0.04    0.00    0.03 ^ clkbuf_0_clk/A (sky130_fd_sc_hd__clkbuf_16)
                  0.03    0.08    0.11 ^ clkbuf_0_clk/X (sky130_fd_sc_hd__clkbuf_16)
     2    0.02                           clknet_0_clk (net)
                  0.03    0.00    0.11 ^ clkbuf_1_0__f_clk/A (sky130_fd_sc_hd__clkbuf_16)
                  0.03    0.07    0.19 ^ clkbuf_1_0__f_clk/X (sky130_fd_sc_hd__clkbuf_16)
     4    0.01                           clknet_1_0__leaf_clk (net)
                  0.03    0.00    0.19 ^ _50_/CLK (sky130_fd_sc_hd__dfrtp_1)
                  0.08    0.26    0.44 v _50_/Q (sky130_fd_sc_hd__dfrtp_1)
     6    0.02                           net2 (net)
                  0.08    0.00    0.44 v _26_/A (sky130_fd_sc_hd__nand2_1)
                  0.07    0.08    0.53 ^ _26_/Y (sky130_fd_sc_hd__nand2_1)
     2    0.01                           _16_ (net)
                  0.07    0.00    0.53 ^ _28_/A (sky130_fd_sc_hd__and2_1)
                  0.04    0.08    0.61 ^ _28_/X (sky130_fd_sc_hd__and2_1)
     1    0.00                           _18_ (net)
                  0.04    0.00    0.61 ^ _29_/A (sky130_fd_sc_hd__clkbuf_1)
                  0.03    0.05    0.66 ^ _29_/X (sky130_fd_sc_hd__clkbuf_1)
     1    0.00                           _01_ (net)
                  0.03    0.00    0.66 ^ _51_/D (sky130_fd_sc_hd__dfrtp_1)
                                  0.66   data arrival time

                          0.00    0.00   clock clk (rise edge)
                          0.00    0.00   clock source latency
                  0.04    0.03    0.03 ^ clk (in)
     1    0.01                           clk (net)
                  0.04    0.00    0.03 ^ clkbuf_0_clk/A (sky130_fd_sc_hd__clkbuf_16)
                  0.03    0.09    0.12 ^ clkbuf_0_clk/X (sky130_fd_sc_hd__clkbuf_16)
     2    0.02                           clknet_0_clk (net)
                  0.03    0.00    0.12 ^ clkbuf_1_0__f_clk/A (sky130_fd_sc_hd__clkbuf_16)
                  0.03    0.08    0.21 ^ clkbuf_1_0__f_clk/X (sky130_fd_sc_hd__clkbuf_16)
     4    0.01                           clknet_1_0__leaf_clk (net)
                  0.03    0.00    0.21 ^ _51_/CLK (sky130_fd_sc_hd__dfrtp_1)
                          0.25    0.46   clock uncertainty
                         -0.02    0.44   clock reconvergence pessimism
                         -0.02    0.42   library hold time
                                  0.42   data required time
-----------------------------------------------------------------------------
                                  0.42   data required time
                                 -0.66   data arrival time
-----------------------------------------------------------------------------
                                  0.24   slack (MET)


Startpoint: _50_ (rising edge-triggered flip-flop clocked by clk)
Endpoint: _50_ (rising edge-triggered flip-flop clocked by clk)
Path Group: clk
Path Type: min
Corner: Fastest

Fanout     Cap    Slew   Delay    Time   Description
-----------------------------------------------------------------------------
                          0.00    0.00   clock clk (rise edge)
                          0.00    0.00   clock source latency
                  0.04    0.03    0.03 ^ clk (in)
     1    0.01                           clk (net)
                  0.04    0.00    0.03 ^ clkbuf_0_clk/A (sky130_fd_sc_hd__clkbuf_16)
                  0.03    0.08    0.11 ^ clkbuf_0_clk/X (sky130_fd_sc_hd__clkbuf_16)
     2    0.02                           clknet_0_clk (net)
                  0.03    0.00    0.11 ^ clkbuf_1_0__f_clk/A (sky130_fd_sc_hd__clkbuf_16)
                  0.03    0.07    0.19 ^ clkbuf_1_0__f_clk/X (sky130_fd_sc_hd__clkbuf_16)
     4    0.01                           clknet_1_0__leaf_clk (net)
                  0.03    0.00    0.19 ^ _50_/CLK (sky130_fd_sc_hd__dfrtp_1)
                  0.08    0.26    0.44 v _50_/Q (sky130_fd_sc_hd__dfrtp_1)
     6    0.02                           net2 (net)
                  0.08    0.00    0.44 v hold1/A (sky130_fd_sc_hd__dlygate4sd3_1)
                  0.05    0.37    0.81 v hold1/X (sky130_fd_sc_hd__dlygate4sd3_1)
     1    0.00                           net10 (net)
                  0.05    0.00    0.81 v _25_/A (sky130_fd_sc_hd__inv_2)
                  0.02    0.03    0.84 ^ _25_/Y (sky130_fd_sc_hd__inv_2)
     1    0.00                           _00_ (net)
                  0.02    0.00    0.84 ^ _50_/D (sky130_fd_sc_hd__dfrtp_1)
                                  0.84   data arrival time

                          0.00    0.00   clock clk (rise edge)
                          0.00    0.00   clock source latency
                  0.04    0.03    0.03 ^ clk (in)
     1    0.01                           clk (net)
                  0.04    0.00    0.03 ^ clkbuf_0_clk/A (sky130_fd_sc_hd__clkbuf_16)
                  0.03    0.09    0.12 ^ clkbuf_0_clk/X (sky130_fd_sc_hd__clkbuf_16)
     2    0.02                           clknet_0_clk (net)
                  0.03    0.00    0.12 ^ clkbuf_1_0__f_clk/A (sky130_fd_sc_hd__clkbuf_16)
                  0.03    0.08    0.21 ^ clkbuf_1_0__f_clk/X (sky130_fd_sc_hd__clkbuf_16)
     4    0.01                           clknet_1_0__leaf_clk (net)
                  0.03    0.00    0.21 ^ _50_/CLK (sky130_fd_sc_hd__dfrtp_1)
                          0.25    0.46   clock uncertainty
                         -0.02    0.44   clock reconvergence pessimism
                         -0.02    0.42   library hold time
                                  0.42   data required time
-----------------------------------------------------------------------------
                                  0.42   data required time
                                 -0.84   data arrival time
-----------------------------------------------------------------------------
                                  0.43   slack (MET)


Startpoint: rst (input port clocked by clk)
Endpoint: _55_ (removal check against rising-edge clock clk)
Path Group: asynchronous
Path Type: min
Corner: Fastest

Fanout     Cap    Slew   Delay    Time   Description
-----------------------------------------------------------------------------
                          0.00    0.00   clock clk (rise edge)
                          0.00    0.00   clock network delay (propagated)
                          2.00    2.00 v input external delay
                  0.01    0.00    2.00 v rst (in)
     1    0.00                           rst (net)
                  0.01    0.00    2.00 v input1/A (sky130_fd_sc_hd__clkbuf_4)
                  0.07    0.12    2.12 v input1/X (sky130_fd_sc_hd__clkbuf_4)
     8    0.04                           net1 (net)
                  0.07    0.00    2.12 v _47_/A (sky130_fd_sc_hd__inv_2)
                  0.03    0.04    2.16 ^ _47_/Y (sky130_fd_sc_hd__inv_2)
     1    0.00                           _13_ (net)
                  0.03    0.00    2.16 ^ _55_/RESET_B (sky130_fd_sc_hd__dfrtp_1)
                                  2.16   data arrival time

                          0.00    0.00   clock clk (rise edge)
                          0.00    0.00   clock source latency
                  0.04    0.03    0.03 ^ clk (in)
     1    0.01                           clk (net)
                  0.04    0.00    0.03 ^ clkbuf_0_clk/A (sky130_fd_sc_hd__clkbuf_16)
                  0.03    0.09    0.12 ^ clkbuf_0_clk/X (sky130_fd_sc_hd__clkbuf_16)
     2    0.02                           clknet_0_clk (net)
                  0.03    0.00    0.12 ^ clkbuf_1_1__f_clk/A (sky130_fd_sc_hd__clkbuf_16)
                  0.03    0.08    0.21 ^ clkbuf_1_1__f_clk/X (sky130_fd_sc_hd__clkbuf_16)
     4    0.01                           clknet_1_1__leaf_clk (net)
                  0.03    0.00    0.21 ^ _55_/CLK (sky130_fd_sc_hd__dfrtp_1)
                          0.25    0.46   clock uncertainty
                          0.00    0.46   clock reconvergence pessimism
                          0.20    0.65   library removal time
                                  0.65   data required time
-----------------------------------------------------------------------------
                                  0.65   data required time
                                 -2.16   data arrival time
-----------------------------------------------------------------------------
                                  1.51   slack (MET)


Startpoint: rst (input port clocked by clk)
Endpoint: _54_ (removal check against rising-edge clock clk)
Path Group: asynchronous
Path Type: min
Corner: Fastest

Fanout     Cap    Slew   Delay    Time   Description
-----------------------------------------------------------------------------
                          0.00    0.00   clock clk (rise edge)
                          0.00    0.00   clock network delay (propagated)
                          2.00    2.00 v input external delay
                  0.01    0.00    2.00 v rst (in)
     1    0.00                           rst (net)
                  0.01    0.00    2.00 v input1/A (sky130_fd_sc_hd__clkbuf_4)
                  0.07    0.12    2.12 v input1/X (sky130_fd_sc_hd__clkbuf_4)
     8    0.04                           net1 (net)
                  0.07    0.00    2.12 v _46_/A (sky130_fd_sc_hd__inv_2)
                  0.03    0.04    2.16 ^ _46_/Y (sky130_fd_sc_hd__inv_2)
     1    0.00                           _12_ (net)
                  0.03    0.00    2.16 ^ _54_/RESET_B (sky130_fd_sc_hd__dfrtp_1)
                                  2.16   data arrival time

                          0.00    0.00   clock clk (rise edge)
                          0.00    0.00   clock source latency
                  0.04    0.03    0.03 ^ clk (in)
     1    0.01                           clk (net)
                  0.04    0.00    0.03 ^ clkbuf_0_clk/A (sky130_fd_sc_hd__clkbuf_16)
                  0.03    0.09    0.12 ^ clkbuf_0_clk/X (sky130_fd_sc_hd__clkbuf_16)
     2    0.02                           clknet_0_clk (net)
                  0.03    0.00    0.12 ^ clkbuf_1_1__f_clk/A (sky130_fd_sc_hd__clkbuf_16)
                  0.03    0.08    0.21 ^ clkbuf_1_1__f_clk/X (sky130_fd_sc_hd__clkbuf_16)
     4    0.01                           clknet_1_1__leaf_clk (net)
                  0.03    0.00    0.21 ^ _54_/CLK (sky130_fd_sc_hd__dfrtp_1)
                          0.25    0.46   clock uncertainty
                          0.00    0.46   clock reconvergence pessimism
                          0.20    0.65   library removal time
                                  0.65   data required time
-----------------------------------------------------------------------------
                                  0.65   data required time
                                 -2.16   data arrival time
-----------------------------------------------------------------------------
                                  1.51   slack (MET)


Startpoint: rst (input port clocked by clk)
Endpoint: _56_ (removal check against rising-edge clock clk)
Path Group: asynchronous
Path Type: min
Corner: Fastest

Fanout     Cap    Slew   Delay    Time   Description
-----------------------------------------------------------------------------
                          0.00    0.00   clock clk (rise edge)
                          0.00    0.00   clock network delay (propagated)
                          2.00    2.00 v input external delay
                  0.01    0.00    2.00 v rst (in)
     1    0.00                           rst (net)
                  0.01    0.00    2.00 v input1/A (sky130_fd_sc_hd__clkbuf_4)
                  0.07    0.12    2.12 v input1/X (sky130_fd_sc_hd__clkbuf_4)
     8    0.04                           net1 (net)
                  0.07    0.00    2.12 v _48_/A (sky130_fd_sc_hd__inv_2)
                  0.03    0.04    2.16 ^ _48_/Y (sky130_fd_sc_hd__inv_2)
     1    0.00                           _14_ (net)
                  0.03    0.00    2.16 ^ _56_/RESET_B (sky130_fd_sc_hd__dfrtp_1)
                                  2.16   data arrival time

                          0.00    0.00   clock clk (rise edge)
                          0.00    0.00   clock source latency
                  0.04    0.03    0.03 ^ clk (in)
     1    0.01                           clk (net)
                  0.04    0.00    0.03 ^ clkbuf_0_clk/A (sky130_fd_sc_hd__clkbuf_16)
                  0.03    0.09    0.12 ^ clkbuf_0_clk/X (sky130_fd_sc_hd__clkbuf_16)
     2    0.02                           clknet_0_clk (net)
                  0.03    0.00    0.12 ^ clkbuf_1_1__f_clk/A (sky130_fd_sc_hd__clkbuf_16)
                  0.03    0.08    0.21 ^ clkbuf_1_1__f_clk/X (sky130_fd_sc_hd__clkbuf_16)
     4    0.01                           clknet_1_1__leaf_clk (net)
                  0.03    0.00    0.21 ^ _56_/CLK (sky130_fd_sc_hd__dfrtp_1)
                          0.25    0.46   clock uncertainty
                          0.00    0.46   clock reconvergence pessimism
                          0.20    0.65   library removal time
                                  0.65   data required time
-----------------------------------------------------------------------------
                                  0.65   data required time
                                 -2.16   data arrival time
-----------------------------------------------------------------------------
                                  1.51   slack (MET)


Startpoint: rst (input port clocked by clk)
Endpoint: _52_ (removal check against rising-edge clock clk)
Path Group: asynchronous
Path Type: min
Corner: Fastest

Fanout     Cap    Slew   Delay    Time   Description
-----------------------------------------------------------------------------
                          0.00    0.00   clock clk (rise edge)
                          0.00    0.00   clock network delay (propagated)
                          2.00    2.00 v input external delay
                  0.01    0.00    2.00 v rst (in)
     1    0.00                           rst (net)
                  0.01    0.00    2.00 v input1/A (sky130_fd_sc_hd__clkbuf_4)
                  0.07    0.12    2.12 v input1/X (sky130_fd_sc_hd__clkbuf_4)
     8    0.04                           net1 (net)
                  0.07    0.00    2.12 v _44_/A (sky130_fd_sc_hd__inv_2)
                  0.03    0.04    2.16 ^ _44_/Y (sky130_fd_sc_hd__inv_2)
     1    0.00                           _10_ (net)
                  0.03    0.00    2.16 ^ _52_/RESET_B (sky130_fd_sc_hd__dfrtp_1)
                                  2.16   data arrival time

                          0.00    0.00   clock clk (rise edge)
                          0.00    0.00   clock source latency
                  0.04    0.03    0.03 ^ clk (in)
     1    0.01                           clk (net)
                  0.04    0.00    0.03 ^ clkbuf_0_clk/A (sky130_fd_sc_hd__clkbuf_16)
                  0.03    0.09    0.12 ^ clkbuf_0_clk/X (sky130_fd_sc_hd__clkbuf_16)
     2    0.02                           clknet_0_clk (net)
                  0.03    0.00    0.12 ^ clkbuf_1_0__f_clk/A (sky130_fd_sc_hd__clkbuf_16)
                  0.03    0.08    0.21 ^ clkbuf_1_0__f_clk/X (sky130_fd_sc_hd__clkbuf_16)
     4    0.01                           clknet_1_0__leaf_clk (net)
                  0.03    0.00    0.21 ^ _52_/CLK (sky130_fd_sc_hd__dfrtp_1)
                          0.25    0.46   clock uncertainty
                          0.00    0.46   clock reconvergence pessimism
                          0.20    0.65   library removal time
                                  0.65   data required time
-----------------------------------------------------------------------------
                                  0.65   data required time
                                 -2.16   data arrival time
-----------------------------------------------------------------------------
                                  1.51   slack (MET)


Startpoint: rst (input port clocked by clk)
Endpoint: _53_ (removal check against rising-edge clock clk)
Path Group: asynchronous
Path Type: min
Corner: Fastest

Fanout     Cap    Slew   Delay    Time   Description
-----------------------------------------------------------------------------
                          0.00    0.00   clock clk (rise edge)
                          0.00    0.00   clock network delay (propagated)
                          2.00    2.00 v input external delay
                  0.01    0.00    2.00 v rst (in)
     1    0.00                           rst (net)
                  0.01    0.00    2.00 v input1/A (sky130_fd_sc_hd__clkbuf_4)
                  0.07    0.12    2.12 v input1/X (sky130_fd_sc_hd__clkbuf_4)
     8    0.04                           net1 (net)
                  0.07    0.00    2.12 v _45_/A (sky130_fd_sc_hd__inv_2)
                  0.03    0.04    2.16 ^ _45_/Y (sky130_fd_sc_hd__inv_2)
     1    0.00                           _11_ (net)
                  0.03    0.00    2.16 ^ _53_/RESET_B (sky130_fd_sc_hd__dfrtp_1)
                                  2.16   data arrival time

                          0.00    0.00   clock clk (rise edge)
                          0.00    0.00   clock source latency
                  0.04    0.03    0.03 ^ clk (in)
     1    0.01                           clk (net)
                  0.04    0.00    0.03 ^ clkbuf_0_clk/A (sky130_fd_sc_hd__clkbuf_16)
                  0.03    0.09    0.12 ^ clkbuf_0_clk/X (sky130_fd_sc_hd__clkbuf_16)
     2    0.02                           clknet_0_clk (net)
                  0.03    0.00    0.12 ^ clkbuf_1_0__f_clk/A (sky130_fd_sc_hd__clkbuf_16)
                  0.03    0.08    0.21 ^ clkbuf_1_0__f_clk/X (sky130_fd_sc_hd__clkbuf_16)
     4    0.01                           clknet_1_0__leaf_clk (net)
                  0.03    0.00    0.21 ^ _53_/CLK (sky130_fd_sc_hd__dfrtp_1)
                          0.25    0.46   clock uncertainty
                          0.00    0.46   clock reconvergence pessimism
                          0.20    0.65   library removal time
                                  0.65   data required time
-----------------------------------------------------------------------------
                                  0.65   data required time
                                 -2.16   data arrival time
-----------------------------------------------------------------------------
                                  1.51   slack (MET)


Startpoint: rst (input port clocked by clk)
Endpoint: _57_ (removal check against rising-edge clock clk)
Path Group: asynchronous
Path Type: min
Corner: Fastest

Fanout     Cap    Slew   Delay    Time   Description
-----------------------------------------------------------------------------
                          0.00    0.00   clock clk (rise edge)
                          0.00    0.00   clock network delay (propagated)
                          2.00    2.00 v input external delay
                  0.01    0.00    2.00 v rst (in)
     1    0.00                           rst (net)
                  0.01    0.00    2.00 v input1/A (sky130_fd_sc_hd__clkbuf_4)
                  0.07    0.12    2.12 v input1/X (sky130_fd_sc_hd__clkbuf_4)
     8    0.04                           net1 (net)
                  0.07    0.00    2.12 v _49_/A (sky130_fd_sc_hd__inv_2)
                  0.03    0.04    2.16 ^ _49_/Y (sky130_fd_sc_hd__inv_2)
     1    0.00                           _15_ (net)
                  0.03    0.00    2.17 ^ _57_/RESET_B (sky130_fd_sc_hd__dfrtp_1)
                                  2.17   data arrival time

                          0.00    0.00   clock clk (rise edge)
                          0.00    0.00   clock source latency
                  0.04    0.03    0.03 ^ clk (in)
     1    0.01                           clk (net)
                  0.04    0.00    0.03 ^ clkbuf_0_clk/A (sky130_fd_sc_hd__clkbuf_16)
                  0.03    0.09    0.12 ^ clkbuf_0_clk/X (sky130_fd_sc_hd__clkbuf_16)
     2    0.02                           clknet_0_clk (net)
                  0.03    0.00    0.12 ^ clkbuf_1_1__f_clk/A (sky130_fd_sc_hd__clkbuf_16)
                  0.03    0.08    0.21 ^ clkbuf_1_1__f_clk/X (sky130_fd_sc_hd__clkbuf_16)
     4    0.01                           clknet_1_1__leaf_clk (net)
                  0.03    0.00    0.21 ^ _57_/CLK (sky130_fd_sc_hd__dfrtp_1)
                          0.25    0.46   clock uncertainty
                          0.00    0.46   clock reconvergence pessimism
                          0.20    0.65   library removal time
                                  0.65   data required time
-----------------------------------------------------------------------------
                                  0.65   data required time
                                 -2.17   data arrival time
-----------------------------------------------------------------------------
                                  1.51   slack (MET)


Startpoint: rst (input port clocked by clk)
Endpoint: _51_ (removal check against rising-edge clock clk)
Path Group: asynchronous
Path Type: min
Corner: Fastest

Fanout     Cap    Slew   Delay    Time   Description
-----------------------------------------------------------------------------
                          0.00    0.00   clock clk (rise edge)
                          0.00    0.00   clock network delay (propagated)
                          2.00    2.00 v input external delay
                  0.01    0.00    2.00 v rst (in)
     1    0.00                           rst (net)
                  0.01    0.00    2.00 v input1/A (sky130_fd_sc_hd__clkbuf_4)
                  0.07    0.12    2.12 v input1/X (sky130_fd_sc_hd__clkbuf_4)
     8    0.04                           net1 (net)
                  0.07    0.00    2.12 v _43_/A (sky130_fd_sc_hd__inv_2)
                  0.03    0.05    2.17 ^ _43_/Y (sky130_fd_sc_hd__inv_2)
     1    0.01                           _09_ (net)
                  0.03    0.00    2.17 ^ _51_/RESET_B (sky130_fd_sc_hd__dfrtp_1)
                                  2.17   data arrival time

                          0.00    0.00   clock clk (rise edge)
                          0.00    0.00   clock source latency
                  0.04    0.03    0.03 ^ clk (in)
     1    0.01                           clk (net)
                  0.04    0.00    0.03 ^ clkbuf_0_clk/A (sky130_fd_sc_hd__clkbuf_16)
                  0.03    0.09    0.12 ^ clkbuf_0_clk/X (sky130_fd_sc_hd__clkbuf_16)
     2    0.02                           clknet_0_clk (net)
                  0.03    0.00    0.12 ^ clkbuf_1_0__f_clk/A (sky130_fd_sc_hd__clkbuf_16)
                  0.03    0.08    0.21 ^ clkbuf_1_0__f_clk/X (sky130_fd_sc_hd__clkbuf_16)
     4    0.01                           clknet_1_0__leaf_clk (net)
                  0.03    0.00    0.21 ^ _51_/CLK (sky130_fd_sc_hd__dfrtp_1)
                          0.25    0.46   clock uncertainty
                          0.00    0.46   clock reconvergence pessimism
                          0.20    0.65   library removal time
                                  0.65   data required time
-----------------------------------------------------------------------------
                                  0.65   data required time
                                 -2.17   data arrival time
-----------------------------------------------------------------------------
                                  1.51   slack (MET)


Startpoint: rst (input port clocked by clk)
Endpoint: _50_ (removal check against rising-edge clock clk)
Path Group: asynchronous
Path Type: min
Corner: Fastest

Fanout     Cap    Slew   Delay    Time   Description
-----------------------------------------------------------------------------
                          0.00    0.00   clock clk (rise edge)
                          0.00    0.00   clock network delay (propagated)
                          2.00    2.00 v input external delay
                  0.01    0.00    2.00 v rst (in)
     1    0.00                           rst (net)
                  0.01    0.00    2.00 v input1/A (sky130_fd_sc_hd__clkbuf_4)
                  0.07    0.12    2.12 v input1/X (sky130_fd_sc_hd__clkbuf_4)
     8    0.04                           net1 (net)
                  0.07    0.00    2.12 v _42_/A (sky130_fd_sc_hd__inv_2)
                  0.03    0.04    2.17 ^ _42_/Y (sky130_fd_sc_hd__inv_2)
     1    0.00                           _08_ (net)
                  0.03    0.00    2.17 ^ _50_/RESET_B (sky130_fd_sc_hd__dfrtp_1)
                                  2.17   data arrival time

                          0.00    0.00   clock clk (rise edge)
                          0.00    0.00   clock source latency
                  0.04    0.03    0.03 ^ clk (in)
     1    0.01                           clk (net)
                  0.04    0.00    0.03 ^ clkbuf_0_clk/A (sky130_fd_sc_hd__clkbuf_16)
                  0.03    0.09    0.12 ^ clkbuf_0_clk/X (sky130_fd_sc_hd__clkbuf_16)
     2    0.02                           clknet_0_clk (net)
                  0.03    0.00    0.12 ^ clkbuf_1_0__f_clk/A (sky130_fd_sc_hd__clkbuf_16)
                  0.03    0.08    0.21 ^ clkbuf_1_0__f_clk/X (sky130_fd_sc_hd__clkbuf_16)
     4    0.01                           clknet_1_0__leaf_clk (net)
                  0.03    0.00    0.21 ^ _50_/CLK (sky130_fd_sc_hd__dfrtp_1)
                          0.25    0.46   clock uncertainty
                          0.00    0.46   clock reconvergence pessimism
                          0.20    0.65   library removal time
                                  0.65   data required time
-----------------------------------------------------------------------------
                                  0.65   data required time
                                 -2.17   data arrival time
-----------------------------------------------------------------------------
                                  1.51   slack (MET)


Startpoint: _57_ (rising edge-triggered flip-flop clocked by clk)
Endpoint: debug_out[7] (output port clocked by clk)
Path Group: clk
Path Type: min
Corner: Fastest

Fanout     Cap    Slew   Delay    Time   Description
-----------------------------------------------------------------------------
                          0.00    0.00   clock clk (rise edge)
                          0.00    0.00   clock source latency
                  0.04    0.03    0.03 ^ clk (in)
     1    0.01                           clk (net)
                  0.04    0.00    0.03 ^ clkbuf_0_clk/A (sky130_fd_sc_hd__clkbuf_16)
                  0.03    0.08    0.11 ^ clkbuf_0_clk/X (sky130_fd_sc_hd__clkbuf_16)
     2    0.02                           clknet_0_clk (net)
                  0.03    0.00    0.11 ^ clkbuf_1_1__f_clk/A (sky130_fd_sc_hd__clkbuf_16)
                  0.03    0.07    0.19 ^ clkbuf_1_1__f_clk/X (sky130_fd_sc_hd__clkbuf_16)
     4    0.01                           clknet_1_1__leaf_clk (net)
                  0.03    0.00    0.19 ^ _57_/CLK (sky130_fd_sc_hd__dfrtp_1)
                  0.06    0.21    0.39 ^ _57_/Q (sky130_fd_sc_hd__dfrtp_1)
     2    0.01                           net9 (net)
                  0.06    0.00    0.39 ^ output9/A (sky130_fd_sc_hd__clkbuf_4)
                  0.09    0.13    0.52 ^ output9/X (sky130_fd_sc_hd__clkbuf_4)
     1    0.04                           debug_out[7] (net)
                  0.09    0.00    0.52 ^ debug_out[7] (out)
                                  0.52   data arrival time

                          0.00    0.00   clock clk (rise edge)
                          0.00    0.00   clock network delay (propagated)
                          0.25    0.25   clock uncertainty
                          0.00    0.25   clock reconvergence pessimism
                         -2.00   -1.75   output external delay
                                 -1.75   data required time
-----------------------------------------------------------------------------
                                 -1.75   data required time
                                 -0.52   data arrival time
-----------------------------------------------------------------------------
                                  2.27   slack (MET)


Startpoint: _56_ (rising edge-triggered flip-flop clocked by clk)
Endpoint: debug_out[6] (output port clocked by clk)
Path Group: clk
Path Type: min
Corner: Fastest

Fanout     Cap    Slew   Delay    Time   Description
-----------------------------------------------------------------------------
                          0.00    0.00   clock clk (rise edge)
                          0.00    0.00   clock source latency
                  0.04    0.03    0.03 ^ clk (in)
     1    0.01                           clk (net)
                  0.04    0.00    0.03 ^ clkbuf_0_clk/A (sky130_fd_sc_hd__clkbuf_16)
                  0.03    0.08    0.11 ^ clkbuf_0_clk/X (sky130_fd_sc_hd__clkbuf_16)
     2    0.02                           clknet_0_clk (net)
                  0.03    0.00    0.11 ^ clkbuf_1_1__f_clk/A (sky130_fd_sc_hd__clkbuf_16)
                  0.03    0.07    0.19 ^ clkbuf_1_1__f_clk/X (sky130_fd_sc_hd__clkbuf_16)
     4    0.01                           clknet_1_1__leaf_clk (net)
                  0.03    0.00    0.19 ^ _56_/CLK (sky130_fd_sc_hd__dfrtp_1)
                  0.07    0.21    0.40 ^ _56_/Q (sky130_fd_sc_hd__dfrtp_1)
     3    0.01                           net8 (net)
                  0.07    0.00    0.40 ^ output8/A (sky130_fd_sc_hd__clkbuf_4)
                  0.08    0.13    0.53 ^ output8/X (sky130_fd_sc_hd__clkbuf_4)
     1    0.03                           debug_out[6] (net)
                  0.08    0.00    0.53 ^ debug_out[6] (out)
                                  0.53   data arrival time

                          0.00    0.00   clock clk (rise edge)
                          0.00    0.00   clock network delay (propagated)
                          0.25    0.25   clock uncertainty
                          0.00    0.25   clock reconvergence pessimism
                         -2.00   -1.75   output external delay
                                 -1.75   data required time
-----------------------------------------------------------------------------
                                 -1.75   data required time
                                 -0.53   data arrival time
-----------------------------------------------------------------------------
                                  2.28   slack (MET)


Startpoint: _53_ (rising edge-triggered flip-flop clocked by clk)
Endpoint: debug_out[3] (output port clocked by clk)
Path Group: clk
Path Type: min
Corner: Fastest

Fanout     Cap    Slew   Delay    Time   Description
-----------------------------------------------------------------------------
                          0.00    0.00   clock clk (rise edge)
                          0.00    0.00   clock source latency
                  0.04    0.03    0.03 ^ clk (in)
     1    0.01                           clk (net)
                  0.04    0.00    0.03 ^ clkbuf_0_clk/A (sky130_fd_sc_hd__clkbuf_16)
                  0.03    0.08    0.11 ^ clkbuf_0_clk/X (sky130_fd_sc_hd__clkbuf_16)
     2    0.02                           clknet_0_clk (net)
                  0.03    0.00    0.11 ^ clkbuf_1_0__f_clk/A (sky130_fd_sc_hd__clkbuf_16)
                  0.03    0.07    0.19 ^ clkbuf_1_0__f_clk/X (sky130_fd_sc_hd__clkbuf_16)
     4    0.01                           clknet_1_0__leaf_clk (net)
                  0.03    0.00    0.19 ^ _53_/CLK (sky130_fd_sc_hd__dfrtp_1)
                  0.08    0.22    0.41 ^ _53_/Q (sky130_fd_sc_hd__dfrtp_1)
     3    0.01                           net5 (net)
                  0.08    0.00    0.41 ^ output5/A (sky130_fd_sc_hd__clkbuf_4)
                  0.08    0.13    0.54 ^ output5/X (sky130_fd_sc_hd__clkbuf_4)
     1    0.03                           debug_out[3] (net)
                  0.08    0.00    0.55 ^ debug_out[3] (out)
                                  0.55   data arrival time

                          0.00    0.00   clock clk (rise edge)
                          0.00    0.00   clock network delay (propagated)
                          0.25    0.25   clock uncertainty
                          0.00    0.25   clock reconvergence pessimism
                         -2.00   -1.75   output external delay
                                 -1.75   data required time
-----------------------------------------------------------------------------
                                 -1.75   data required time
                                 -0.55   data arrival time
-----------------------------------------------------------------------------
                                  2.30   slack (MET)


Startpoint: _54_ (rising edge-triggered flip-flop clocked by clk)
Endpoint: debug_out[4] (output port clocked by clk)
Path Group: clk
Path Type: min
Corner: Fastest

Fanout     Cap    Slew   Delay    Time   Description
-----------------------------------------------------------------------------
                          0.00    0.00   clock clk (rise edge)
                          0.00    0.00   clock source latency
                  0.04    0.03    0.03 ^ clk (in)
     1    0.01                           clk (net)
                  0.04    0.00    0.03 ^ clkbuf_0_clk/A (sky130_fd_sc_hd__clkbuf_16)
                  0.03    0.08    0.11 ^ clkbuf_0_clk/X (sky130_fd_sc_hd__clkbuf_16)
     2    0.02                           clknet_0_clk (net)
                  0.03    0.00    0.11 ^ clkbuf_1_1__f_clk/A (sky130_fd_sc_hd__clkbuf_16)
                  0.03    0.07    0.19 ^ clkbuf_1_1__f_clk/X (sky130_fd_sc_hd__clkbuf_16)
     4    0.01                           clknet_1_1__leaf_clk (net)
                  0.03    0.00    0.19 ^ _54_/CLK (sky130_fd_sc_hd__dfrtp_1)
                  0.09    0.23    0.41 ^ _54_/Q (sky130_fd_sc_hd__dfrtp_1)
     4    0.01                           net6 (net)
                  0.09    0.00    0.42 ^ output6/A (sky130_fd_sc_hd__clkbuf_4)
                  0.09    0.13    0.55 ^ output6/X (sky130_fd_sc_hd__clkbuf_4)
     1    0.04                           debug_out[4] (net)
                  0.09    0.00    0.55 ^ debug_out[4] (out)
                                  0.55   data arrival time

                          0.00    0.00   clock clk (rise edge)
                          0.00    0.00   clock network delay (propagated)
                          0.25    0.25   clock uncertainty
                          0.00    0.25   clock reconvergence pessimism
                         -2.00   -1.75   output external delay
                                 -1.75   data required time
-----------------------------------------------------------------------------
                                 -1.75   data required time
                                 -0.55   data arrival time
-----------------------------------------------------------------------------
                                  2.30   slack (MET)


Startpoint: _52_ (rising edge-triggered flip-flop clocked by clk)
Endpoint: debug_out[2] (output port clocked by clk)
Path Group: clk
Path Type: min
Corner: Fastest

Fanout     Cap    Slew   Delay    Time   Description
-----------------------------------------------------------------------------
                          0.00    0.00   clock clk (rise edge)
                          0.00    0.00   clock source latency
                  0.04    0.03    0.03 ^ clk (in)
     1    0.01                           clk (net)
                  0.04    0.00    0.03 ^ clkbuf_0_clk/A (sky130_fd_sc_hd__clkbuf_16)
                  0.03    0.08    0.11 ^ clkbuf_0_clk/X (sky130_fd_sc_hd__clkbuf_16)
     2    0.02                           clknet_0_clk (net)
                  0.03    0.00    0.11 ^ clkbuf_1_0__f_clk/A (sky130_fd_sc_hd__clkbuf_16)
                  0.03    0.07    0.19 ^ clkbuf_1_0__f_clk/X (sky130_fd_sc_hd__clkbuf_16)
     4    0.01                           clknet_1_0__leaf_clk (net)
                  0.03    0.00    0.19 ^ _52_/CLK (sky130_fd_sc_hd__dfrtp_1)
                  0.09    0.23    0.41 ^ _52_/Q (sky130_fd_sc_hd__dfrtp_1)
     4    0.01                           net4 (net)
                  0.09    0.00    0.42 ^ output4/A (sky130_fd_sc_hd__clkbuf_4)
                  0.09    0.14    0.55 ^ output4/X (sky130_fd_sc_hd__clkbuf_4)
     1    0.04                           debug_out[2] (net)
                  0.09    0.00    0.55 ^ debug_out[2] (out)
                                  0.55   data arrival time

                          0.00    0.00   clock clk (rise edge)
                          0.00    0.00   clock network delay (propagated)
                          0.25    0.25   clock uncertainty
                          0.00    0.25   clock reconvergence pessimism
                         -2.00   -1.75   output external delay
                                 -1.75   data required time
-----------------------------------------------------------------------------
                                 -1.75   data required time
                                 -0.55   data arrival time
-----------------------------------------------------------------------------
                                  2.30   slack (MET)


Startpoint: _55_ (rising edge-triggered flip-flop clocked by clk)
Endpoint: debug_out[5] (output port clocked by clk)
Path Group: clk
Path Type: min
Corner: Fastest

Fanout     Cap    Slew   Delay    Time   Description
-----------------------------------------------------------------------------
                          0.00    0.00   clock clk (rise edge)
                          0.00    0.00   clock source latency
                  0.04    0.03    0.03 ^ clk (in)
     1    0.01                           clk (net)
                  0.04    0.00    0.03 ^ clkbuf_0_clk/A (sky130_fd_sc_hd__clkbuf_16)
                  0.03    0.08    0.11 ^ clkbuf_0_clk/X (sky130_fd_sc_hd__clkbuf_16)
     2    0.02                           clknet_0_clk (net)
                  0.03    0.00    0.11 ^ clkbuf_1_1__f_clk/A (sky130_fd_sc_hd__clkbuf_16)
                  0.03    0.07    0.19 ^ clkbuf_1_1__f_clk/X (sky130_fd_sc_hd__clkbuf_16)
     4    0.01                           clknet_1_1__leaf_clk (net)
                  0.03    0.00    0.19 ^ _55_/CLK (sky130_fd_sc_hd__dfrtp_1)
                  0.06    0.25    0.43 v _55_/Q (sky130_fd_sc_hd__dfrtp_1)
     4    0.01                           net7 (net)
                  0.06    0.00    0.43 v output7/A (sky130_fd_sc_hd__clkbuf_4)
                  0.06    0.13    0.56 v output7/X (sky130_fd_sc_hd__clkbuf_4)
     1    0.03                           debug_out[5] (net)
                  0.06    0.00    0.56 v debug_out[5] (out)
                                  0.56   data arrival time

                          0.00    0.00   clock clk (rise edge)
                          0.00    0.00   clock network delay (propagated)
                          0.25    0.25   clock uncertainty
                          0.00    0.25   clock reconvergence pessimism
                         -2.00   -1.75   output external delay
                                 -1.75   data required time
-----------------------------------------------------------------------------
                                 -1.75   data required time
                                 -0.56   data arrival time
-----------------------------------------------------------------------------
                                  2.31   slack (MET)


Startpoint: _51_ (rising edge-triggered flip-flop clocked by clk)
Endpoint: debug_out[1] (output port clocked by clk)
Path Group: clk
Path Type: min
Corner: Fastest

Fanout     Cap    Slew   Delay    Time   Description
-----------------------------------------------------------------------------
                          0.00    0.00   clock clk (rise edge)
                          0.00    0.00   clock source latency
                  0.04    0.03    0.03 ^ clk (in)
     1    0.01                           clk (net)
                  0.04    0.00    0.03 ^ clkbuf_0_clk/A (sky130_fd_sc_hd__clkbuf_16)
                  0.03    0.08    0.11 ^ clkbuf_0_clk/X (sky130_fd_sc_hd__clkbuf_16)
     2    0.02                           clknet_0_clk (net)
                  0.03    0.00    0.11 ^ clkbuf_1_0__f_clk/A (sky130_fd_sc_hd__clkbuf_16)
                  0.03    0.07    0.19 ^ clkbuf_1_0__f_clk/X (sky130_fd_sc_hd__clkbuf_16)
     4    0.01                           clknet_1_0__leaf_clk (net)
                  0.03    0.00    0.19 ^ _51_/CLK (sky130_fd_sc_hd__dfrtp_1)
                  0.08    0.26    0.45 v _51_/Q (sky130_fd_sc_hd__dfrtp_1)
     5    0.02                           net3 (net)
                  0.08    0.00    0.45 v output3/A (sky130_fd_sc_hd__buf_2)
                  0.06    0.13    0.58 v output3/X (sky130_fd_sc_hd__buf_2)
     1    0.03                           debug_out[1] (net)
                  0.06    0.00    0.58 v debug_out[1] (out)
                                  0.58   data arrival time

                          0.00    0.00   clock clk (rise edge)
                          0.00    0.00   clock network delay (propagated)
                          0.25    0.25   clock uncertainty
                          0.00    0.25   clock reconvergence pessimism
                         -2.00   -1.75   output external delay
                                 -1.75   data required time
-----------------------------------------------------------------------------
                                 -1.75   data required time
                                 -0.58   data arrival time
-----------------------------------------------------------------------------
                                  2.33   slack (MET)


Startpoint: _50_ (rising edge-triggered flip-flop clocked by clk)
Endpoint: debug_out[0] (output port clocked by clk)
Path Group: clk
Path Type: min
Corner: Fastest

Fanout     Cap    Slew   Delay    Time   Description
-----------------------------------------------------------------------------
                          0.00    0.00   clock clk (rise edge)
                          0.00    0.00   clock source latency
                  0.04    0.03    0.03 ^ clk (in)
     1    0.01                           clk (net)
                  0.04    0.00    0.03 ^ clkbuf_0_clk/A (sky130_fd_sc_hd__clkbuf_16)
                  0.03    0.08    0.11 ^ clkbuf_0_clk/X (sky130_fd_sc_hd__clkbuf_16)
     2    0.02                           clknet_0_clk (net)
                  0.03    0.00    0.11 ^ clkbuf_1_0__f_clk/A (sky130_fd_sc_hd__clkbuf_16)
                  0.03    0.07    0.19 ^ clkbuf_1_0__f_clk/X (sky130_fd_sc_hd__clkbuf_16)
     4    0.01                           clknet_1_0__leaf_clk (net)
                  0.03    0.00    0.19 ^ _50_/CLK (sky130_fd_sc_hd__dfrtp_1)
                  0.08    0.26    0.44 v _50_/Q (sky130_fd_sc_hd__dfrtp_1)
     6    0.02                           net2 (net)
                  0.08    0.00    0.44 v output2/A (sky130_fd_sc_hd__clkbuf_4)
                  0.06    0.14    0.58 v output2/X (sky130_fd_sc_hd__clkbuf_4)
     1    0.04                           debug_out[0] (net)
                  0.06    0.00    0.59 v debug_out[0] (out)
                                  0.59   data arrival time

                          0.00    0.00   clock clk (rise edge)
                          0.00    0.00   clock network delay (propagated)
                          0.25    0.25   clock uncertainty
                          0.00    0.25   clock reconvergence pessimism
                         -2.00   -1.75   output external delay
                                 -1.75   data required time
-----------------------------------------------------------------------------
                                 -1.75   data required time
                                 -0.59   data arrival time
-----------------------------------------------------------------------------
                                  2.34   slack (MET)



======================= Slowest Corner ===================================

Startpoint: rst (input port clocked by clk)
Endpoint: _55_ (removal check against rising-edge clock clk)
Path Group: asynchronous
Path Type: min
Corner: Slowest

Fanout     Cap    Slew   Delay    Time   Description
-----------------------------------------------------------------------------
                          0.00    0.00   clock clk (rise edge)
                          0.00    0.00   clock network delay (propagated)
                          2.00    2.00 v input external delay
                  0.02    0.01    2.01 v rst (in)
     1    0.00                           rst (net)
                  0.02    0.00    2.01 v input1/A (sky130_fd_sc_hd__clkbuf_4)
                  0.17    0.31    2.32 v input1/X (sky130_fd_sc_hd__clkbuf_4)
     8    0.04                           net1 (net)
                  0.17    0.00    2.32 v _47_/A (sky130_fd_sc_hd__inv_2)
                  0.06    0.10    2.42 ^ _47_/Y (sky130_fd_sc_hd__inv_2)
     1    0.00                           _13_ (net)
                  0.06    0.00    2.43 ^ _55_/RESET_B (sky130_fd_sc_hd__dfrtp_1)
                                  2.43   data arrival time

                          0.00    0.00   clock clk (rise edge)
                          0.00    0.00   clock source latency
                  0.09    0.06    0.06 ^ clk (in)
     1    0.01                           clk (net)
                  0.09    0.00    0.06 ^ clkbuf_0_clk/A (sky130_fd_sc_hd__clkbuf_16)
                  0.07    0.24    0.30 ^ clkbuf_0_clk/X (sky130_fd_sc_hd__clkbuf_16)
     2    0.02                           clknet_0_clk (net)
                  0.07    0.00    0.31 ^ clkbuf_1_1__f_clk/A (sky130_fd_sc_hd__clkbuf_16)
                  0.06    0.22    0.52 ^ clkbuf_1_1__f_clk/X (sky130_fd_sc_hd__clkbuf_16)
     4    0.01                           clknet_1_1__leaf_clk (net)
                  0.06    0.00    0.52 ^ _55_/CLK (sky130_fd_sc_hd__dfrtp_1)
                          0.25    0.77   clock uncertainty
                          0.00    0.77   clock reconvergence pessimism
                          0.65    1.42   library removal time
                                  1.42   data required time
-----------------------------------------------------------------------------
                                  1.42   data required time
                                 -2.43   data arrival time
-----------------------------------------------------------------------------
                                  1.00   slack (MET)


Startpoint: rst (input port clocked by clk)
Endpoint: _54_ (removal check against rising-edge clock clk)
Path Group: asynchronous
Path Type: min
Corner: Slowest

Fanout     Cap    Slew   Delay    Time   Description
-----------------------------------------------------------------------------
                          0.00    0.00   clock clk (rise edge)
                          0.00    0.00   clock network delay (propagated)
                          2.00    2.00 v input external delay
                  0.02    0.01    2.01 v rst (in)
     1    0.00                           rst (net)
                  0.02    0.00    2.01 v input1/A (sky130_fd_sc_hd__clkbuf_4)
                  0.17    0.31    2.32 v input1/X (sky130_fd_sc_hd__clkbuf_4)
     8    0.04                           net1 (net)
                  0.17    0.00    2.32 v _46_/A (sky130_fd_sc_hd__inv_2)
                  0.06    0.10    2.42 ^ _46_/Y (sky130_fd_sc_hd__inv_2)
     1    0.00                           _12_ (net)
                  0.06    0.00    2.42 ^ _54_/RESET_B (sky130_fd_sc_hd__dfrtp_1)
                                  2.42   data arrival time

                          0.00    0.00   clock clk (rise edge)
                          0.00    0.00   clock source latency
                  0.09    0.06    0.06 ^ clk (in)
     1    0.01                           clk (net)
                  0.09    0.00    0.06 ^ clkbuf_0_clk/A (sky130_fd_sc_hd__clkbuf_16)
                  0.07    0.24    0.30 ^ clkbuf_0_clk/X (sky130_fd_sc_hd__clkbuf_16)
     2    0.02                           clknet_0_clk (net)
                  0.07    0.00    0.31 ^ clkbuf_1_1__f_clk/A (sky130_fd_sc_hd__clkbuf_16)
                  0.06    0.22    0.52 ^ clkbuf_1_1__f_clk/X (sky130_fd_sc_hd__clkbuf_16)
     4    0.01                           clknet_1_1__leaf_clk (net)
                  0.06    0.00    0.52 ^ _54_/CLK (sky130_fd_sc_hd__dfrtp_1)
                          0.25    0.77   clock uncertainty
                          0.00    0.77   clock reconvergence pessimism
                          0.65    1.42   library removal time
                                  1.42   data required time
-----------------------------------------------------------------------------
                                  1.42   data required time
                                 -2.42   data arrival time
-----------------------------------------------------------------------------
                                  1.00   slack (MET)


Startpoint: rst (input port clocked by clk)
Endpoint: _56_ (removal check against rising-edge clock clk)
Path Group: asynchronous
Path Type: min
Corner: Slowest

Fanout     Cap    Slew   Delay    Time   Description
-----------------------------------------------------------------------------
                          0.00    0.00   clock clk (rise edge)
                          0.00    0.00   clock network delay (propagated)
                          2.00    2.00 v input external delay
                  0.02    0.01    2.01 v rst (in)
     1    0.00                           rst (net)
                  0.02    0.00    2.01 v input1/A (sky130_fd_sc_hd__clkbuf_4)
                  0.17    0.31    2.32 v input1/X (sky130_fd_sc_hd__clkbuf_4)
     8    0.04                           net1 (net)
                  0.17    0.00    2.32 v _48_/A (sky130_fd_sc_hd__inv_2)
                  0.06    0.10    2.42 ^ _48_/Y (sky130_fd_sc_hd__inv_2)
     1    0.00                           _14_ (net)
                  0.06    0.00    2.42 ^ _56_/RESET_B (sky130_fd_sc_hd__dfrtp_1)
                                  2.42   data arrival time

                          0.00    0.00   clock clk (rise edge)
                          0.00    0.00   clock source latency
                  0.09    0.06    0.06 ^ clk (in)
     1    0.01                           clk (net)
                  0.09    0.00    0.06 ^ clkbuf_0_clk/A (sky130_fd_sc_hd__clkbuf_16)
                  0.07    0.24    0.30 ^ clkbuf_0_clk/X (sky130_fd_sc_hd__clkbuf_16)
     2    0.02                           clknet_0_clk (net)
                  0.07    0.00    0.31 ^ clkbuf_1_1__f_clk/A (sky130_fd_sc_hd__clkbuf_16)
                  0.06    0.22    0.52 ^ clkbuf_1_1__f_clk/X (sky130_fd_sc_hd__clkbuf_16)
     4    0.01                           clknet_1_1__leaf_clk (net)
                  0.06    0.00    0.52 ^ _56_/CLK (sky130_fd_sc_hd__dfrtp_1)
                          0.25    0.77   clock uncertainty
                          0.00    0.77   clock reconvergence pessimism
                          0.65    1.42   library removal time
                                  1.42   data required time
-----------------------------------------------------------------------------
                                  1.42   data required time
                                 -2.42   data arrival time
-----------------------------------------------------------------------------
                                  1.00   slack (MET)


Startpoint: _50_ (rising edge-triggered flip-flop clocked by clk)
Endpoint: _52_ (rising edge-triggered flip-flop clocked by clk)
Path Group: clk
Path Type: min
Corner: Slowest

Fanout     Cap    Slew   Delay    Time   Description
-----------------------------------------------------------------------------
                          0.00    0.00   clock clk (rise edge)
                          0.00    0.00   clock source latency
                  0.09    0.06    0.06 ^ clk (in)
     1    0.01                           clk (net)
                  0.09    0.00    0.06 ^ clkbuf_0_clk/A (sky130_fd_sc_hd__clkbuf_16)
                  0.07    0.22    0.28 ^ clkbuf_0_clk/X (sky130_fd_sc_hd__clkbuf_16)
     2    0.02                           clknet_0_clk (net)
                  0.07    0.00    0.28 ^ clkbuf_1_0__f_clk/A (sky130_fd_sc_hd__clkbuf_16)
                  0.06    0.20    0.47 ^ clkbuf_1_0__f_clk/X (sky130_fd_sc_hd__clkbuf_16)
     4    0.01                           clknet_1_0__leaf_clk (net)
                  0.06    0.00    0.47 ^ _50_/CLK (sky130_fd_sc_hd__dfrtp_1)
                  0.20    0.82    1.29 v _50_/Q (sky130_fd_sc_hd__dfrtp_1)
     6    0.02                           net2 (net)
                  0.20    0.00    1.29 v _26_/A (sky130_fd_sc_hd__nand2_1)
                  0.15    0.20    1.49 ^ _26_/Y (sky130_fd_sc_hd__nand2_1)
     2    0.01                           _16_ (net)
                  0.15    0.00    1.50 ^ _30_/B (sky130_fd_sc_hd__xnor2_1)
                  0.07    0.13    1.63 v _30_/Y (sky130_fd_sc_hd__xnor2_1)
     1    0.00                           _02_ (net)
                  0.07    0.00    1.63 v _52_/D (sky130_fd_sc_hd__dfrtp_1)
                                  1.63   data arrival time

                          0.00    0.00   clock clk (rise edge)
                          0.00    0.00   clock source latency
                  0.09    0.06    0.06 ^ clk (in)
     1    0.01                           clk (net)
                  0.09    0.00    0.06 ^ clkbuf_0_clk/A (sky130_fd_sc_hd__clkbuf_16)
                  0.07    0.24    0.30 ^ clkbuf_0_clk/X (sky130_fd_sc_hd__clkbuf_16)
     2    0.02                           clknet_0_clk (net)
                  0.07    0.00    0.31 ^ clkbuf_1_0__f_clk/A (sky130_fd_sc_hd__clkbuf_16)
                  0.06    0.22    0.52 ^ clkbuf_1_0__f_clk/X (sky130_fd_sc_hd__clkbuf_16)
     4    0.01                           clknet_1_0__leaf_clk (net)
                  0.06    0.00    0.52 ^ _52_/CLK (sky130_fd_sc_hd__dfrtp_1)
                          0.25    0.77   clock uncertainty
                         -0.05    0.72   clock reconvergence pessimism
                         -0.10    0.63   library hold time
                                  0.63   data required time
-----------------------------------------------------------------------------
                                  0.63   data required time
                                 -1.63   data arrival time
-----------------------------------------------------------------------------
                                  1.00   slack (MET)


Startpoint: rst (input port clocked by clk)
Endpoint: _53_ (removal check against rising-edge clock clk)
Path Group: asynchronous
Path Type: min
Corner: Slowest

Fanout     Cap    Slew   Delay    Time   Description
-----------------------------------------------------------------------------
                          0.00    0.00   clock clk (rise edge)
                          0.00    0.00   clock network delay (propagated)
                          2.00    2.00 v input external delay
                  0.02    0.01    2.01 v rst (in)
     1    0.00                           rst (net)
                  0.02    0.00    2.01 v input1/A (sky130_fd_sc_hd__clkbuf_4)
                  0.17    0.31    2.32 v input1/X (sky130_fd_sc_hd__clkbuf_4)
     8    0.04                           net1 (net)
                  0.17    0.00    2.32 v _45_/A (sky130_fd_sc_hd__inv_2)
                  0.06    0.11    2.43 ^ _45_/Y (sky130_fd_sc_hd__inv_2)
     1    0.00                           _11_ (net)
                  0.06    0.00    2.43 ^ _53_/RESET_B (sky130_fd_sc_hd__dfrtp_1)
                                  2.43   data arrival time

                          0.00    0.00   clock clk (rise edge)
                          0.00    0.00   clock source latency
                  0.09    0.06    0.06 ^ clk (in)
     1    0.01                           clk (net)
                  0.09    0.00    0.06 ^ clkbuf_0_clk/A (sky130_fd_sc_hd__clkbuf_16)
                  0.07    0.24    0.30 ^ clkbuf_0_clk/X (sky130_fd_sc_hd__clkbuf_16)
     2    0.02                           clknet_0_clk (net)
                  0.07    0.00    0.31 ^ clkbuf_1_0__f_clk/A (sky130_fd_sc_hd__clkbuf_16)
                  0.06    0.22    0.52 ^ clkbuf_1_0__f_clk/X (sky130_fd_sc_hd__clkbuf_16)
     4    0.01                           clknet_1_0__leaf_clk (net)
                  0.06    0.00    0.52 ^ _53_/CLK (sky130_fd_sc_hd__dfrtp_1)
                          0.25    0.77   clock uncertainty
                          0.00    0.77   clock reconvergence pessimism
                          0.65    1.43   library removal time
                                  1.43   data required time
-----------------------------------------------------------------------------
                                  1.43   data required time
                                 -2.43   data arrival time
-----------------------------------------------------------------------------
                                  1.00   slack (MET)


Startpoint: rst (input port clocked by clk)
Endpoint: _52_ (removal check against rising-edge clock clk)
Path Group: asynchronous
Path Type: min
Corner: Slowest

Fanout     Cap    Slew   Delay    Time   Description
-----------------------------------------------------------------------------
                          0.00    0.00   clock clk (rise edge)
                          0.00    0.00   clock network delay (propagated)
                          2.00    2.00 v input external delay
                  0.02    0.01    2.01 v rst (in)
     1    0.00                           rst (net)
                  0.02    0.00    2.01 v input1/A (sky130_fd_sc_hd__clkbuf_4)
                  0.17    0.31    2.32 v input1/X (sky130_fd_sc_hd__clkbuf_4)
     8    0.04                           net1 (net)
                  0.17    0.00    2.32 v _44_/A (sky130_fd_sc_hd__inv_2)
                  0.06    0.11    2.43 ^ _44_/Y (sky130_fd_sc_hd__inv_2)
     1    0.00                           _10_ (net)
                  0.06    0.00    2.43 ^ _52_/RESET_B (sky130_fd_sc_hd__dfrtp_1)
                                  2.43   data arrival time

                          0.00    0.00   clock clk (rise edge)
                          0.00    0.00   clock source latency
                  0.09    0.06    0.06 ^ clk (in)
     1    0.01                           clk (net)
                  0.09    0.00    0.06 ^ clkbuf_0_clk/A (sky130_fd_sc_hd__clkbuf_16)
                  0.07    0.24    0.30 ^ clkbuf_0_clk/X (sky130_fd_sc_hd__clkbuf_16)
     2    0.02                           clknet_0_clk (net)
                  0.07    0.00    0.31 ^ clkbuf_1_0__f_clk/A (sky130_fd_sc_hd__clkbuf_16)
                  0.06    0.22    0.52 ^ clkbuf_1_0__f_clk/X (sky130_fd_sc_hd__clkbuf_16)
     4    0.01                           clknet_1_0__leaf_clk (net)
                  0.06    0.00    0.52 ^ _52_/CLK (sky130_fd_sc_hd__dfrtp_1)
                          0.25    0.77   clock uncertainty
                          0.00    0.77   clock reconvergence pessimism
                          0.65    1.43   library removal time
                                  1.43   data required time
-----------------------------------------------------------------------------
                                  1.43   data required time
                                 -2.43   data arrival time
-----------------------------------------------------------------------------
                                  1.00   slack (MET)


Startpoint: rst (input port clocked by clk)
Endpoint: _57_ (removal check against rising-edge clock clk)
Path Group: asynchronous
Path Type: min
Corner: Slowest

Fanout     Cap    Slew   Delay    Time   Description
-----------------------------------------------------------------------------
                          0.00    0.00   clock clk (rise edge)
                          0.00    0.00   clock network delay (propagated)
                          2.00    2.00 v input external delay
                  0.02    0.01    2.01 v rst (in)
     1    0.00                           rst (net)
                  0.02    0.00    2.01 v input1/A (sky130_fd_sc_hd__clkbuf_4)
                  0.17    0.31    2.32 v input1/X (sky130_fd_sc_hd__clkbuf_4)
     8    0.04                           net1 (net)
                  0.17    0.00    2.32 v _49_/A (sky130_fd_sc_hd__inv_2)
                  0.06    0.11    2.43 ^ _49_/Y (sky130_fd_sc_hd__inv_2)
     1    0.00                           _15_ (net)
                  0.06    0.00    2.43 ^ _57_/RESET_B (sky130_fd_sc_hd__dfrtp_1)
                                  2.43   data arrival time

                          0.00    0.00   clock clk (rise edge)
                          0.00    0.00   clock source latency
                  0.09    0.06    0.06 ^ clk (in)
     1    0.01                           clk (net)
                  0.09    0.00    0.06 ^ clkbuf_0_clk/A (sky130_fd_sc_hd__clkbuf_16)
                  0.07    0.24    0.30 ^ clkbuf_0_clk/X (sky130_fd_sc_hd__clkbuf_16)
     2    0.02                           clknet_0_clk (net)
                  0.07    0.00    0.31 ^ clkbuf_1_1__f_clk/A (sky130_fd_sc_hd__clkbuf_16)
                  0.06    0.22    0.52 ^ clkbuf_1_1__f_clk/X (sky130_fd_sc_hd__clkbuf_16)
     4    0.01                           clknet_1_1__leaf_clk (net)
                  0.06    0.00    0.52 ^ _57_/CLK (sky130_fd_sc_hd__dfrtp_1)
                          0.25    0.77   clock uncertainty
                          0.00    0.77   clock reconvergence pessimism
                          0.65    1.43   library removal time
                                  1.43   data required time
-----------------------------------------------------------------------------
                                  1.43   data required time
                                 -2.43   data arrival time
-----------------------------------------------------------------------------
                                  1.00   slack (MET)


Startpoint: rst (input port clocked by clk)
Endpoint: _50_ (removal check against rising-edge clock clk)
Path Group: asynchronous
Path Type: min
Corner: Slowest

Fanout     Cap    Slew   Delay    Time   Description
-----------------------------------------------------------------------------
                          0.00    0.00   clock clk (rise edge)
                          0.00    0.00   clock network delay (propagated)
                          2.00    2.00 v input external delay
                  0.02    0.01    2.01 v rst (in)
     1    0.00                           rst (net)
                  0.02    0.00    2.01 v input1/A (sky130_fd_sc_hd__clkbuf_4)
                  0.17    0.31    2.32 v input1/X (sky130_fd_sc_hd__clkbuf_4)
     8    0.04                           net1 (net)
                  0.17    0.00    2.32 v _42_/A (sky130_fd_sc_hd__inv_2)
                  0.06    0.11    2.43 ^ _42_/Y (sky130_fd_sc_hd__inv_2)
     1    0.00                           _08_ (net)
                  0.06    0.00    2.43 ^ _50_/RESET_B (sky130_fd_sc_hd__dfrtp_1)
                                  2.43   data arrival time

                          0.00    0.00   clock clk (rise edge)
                          0.00    0.00   clock source latency
                  0.09    0.06    0.06 ^ clk (in)
     1    0.01                           clk (net)
                  0.09    0.00    0.06 ^ clkbuf_0_clk/A (sky130_fd_sc_hd__clkbuf_16)
                  0.07    0.24    0.30 ^ clkbuf_0_clk/X (sky130_fd_sc_hd__clkbuf_16)
     2    0.02                           clknet_0_clk (net)
                  0.07    0.00    0.31 ^ clkbuf_1_0__f_clk/A (sky130_fd_sc_hd__clkbuf_16)
                  0.06    0.22    0.52 ^ clkbuf_1_0__f_clk/X (sky130_fd_sc_hd__clkbuf_16)
     4    0.01                           clknet_1_0__leaf_clk (net)
                  0.06    0.00    0.52 ^ _50_/CLK (sky130_fd_sc_hd__dfrtp_1)
                          0.25    0.77   clock uncertainty
                          0.00    0.77   clock reconvergence pessimism
                          0.65    1.43   library removal time
                                  1.43   data required time
-----------------------------------------------------------------------------
                                  1.43   data required time
                                 -2.43   data arrival time
-----------------------------------------------------------------------------
                                  1.00   slack (MET)


Startpoint: rst (input port clocked by clk)
Endpoint: _51_ (removal check against rising-edge clock clk)
Path Group: asynchronous
Path Type: min
Corner: Slowest

Fanout     Cap    Slew   Delay    Time   Description
-----------------------------------------------------------------------------
                          0.00    0.00   clock clk (rise edge)
                          0.00    0.00   clock network delay (propagated)
                          2.00    2.00 v input external delay
                  0.02    0.01    2.01 v rst (in)
     1    0.00                           rst (net)
                  0.02    0.00    2.01 v input1/A (sky130_fd_sc_hd__clkbuf_4)
                  0.17    0.31    2.32 v input1/X (sky130_fd_sc_hd__clkbuf_4)
     8    0.04                           net1 (net)
                  0.17    0.00    2.32 v _43_/A (sky130_fd_sc_hd__inv_2)
                  0.07    0.11    2.43 ^ _43_/Y (sky130_fd_sc_hd__inv_2)
     1    0.00                           _09_ (net)
                  0.07    0.00    2.43 ^ _51_/RESET_B (sky130_fd_sc_hd__dfrtp_1)
                                  2.43   data arrival time

                          0.00    0.00   clock clk (rise edge)
                          0.00    0.00   clock source latency
                  0.09    0.06    0.06 ^ clk (in)
     1    0.01                           clk (net)
                  0.09    0.00    0.06 ^ clkbuf_0_clk/A (sky130_fd_sc_hd__clkbuf_16)
                  0.07    0.24    0.30 ^ clkbuf_0_clk/X (sky130_fd_sc_hd__clkbuf_16)
     2    0.02                           clknet_0_clk (net)
                  0.07    0.00    0.31 ^ clkbuf_1_0__f_clk/A (sky130_fd_sc_hd__clkbuf_16)
                  0.06    0.22    0.52 ^ clkbuf_1_0__f_clk/X (sky130_fd_sc_hd__clkbuf_16)
     4    0.01                           clknet_1_0__leaf_clk (net)
                  0.06    0.00    0.52 ^ _51_/CLK (sky130_fd_sc_hd__dfrtp_1)
                          0.25    0.77   clock uncertainty
                          0.00    0.77   clock reconvergence pessimism
                          0.65    1.43   library removal time
                                  1.43   data required time
-----------------------------------------------------------------------------
                                  1.43   data required time
                                 -2.43   data arrival time
-----------------------------------------------------------------------------
                                  1.01   slack (MET)


Startpoint: _54_ (rising edge-triggered flip-flop clocked by clk)
Endpoint: _55_ (rising edge-triggered flip-flop clocked by clk)
Path Group: clk
Path Type: min
Corner: Slowest

Fanout     Cap    Slew   Delay    Time   Description
-----------------------------------------------------------------------------
                          0.00    0.00   clock clk (rise edge)
                          0.00    0.00   clock source latency
                  0.09    0.06    0.06 ^ clk (in)
     1    0.01                           clk (net)
                  0.09    0.00    0.06 ^ clkbuf_0_clk/A (sky130_fd_sc_hd__clkbuf_16)
                  0.07    0.22    0.28 ^ clkbuf_0_clk/X (sky130_fd_sc_hd__clkbuf_16)
     2    0.02                           clknet_0_clk (net)
                  0.07    0.00    0.28 ^ clkbuf_1_1__f_clk/A (sky130_fd_sc_hd__clkbuf_16)
                  0.06    0.20    0.47 ^ clkbuf_1_1__f_clk/X (sky130_fd_sc_hd__clkbuf_16)
     4    0.01                           clknet_1_1__leaf_clk (net)
                  0.06    0.00    0.47 ^ _54_/CLK (sky130_fd_sc_hd__dfrtp_1)
                  0.18    0.69    1.16 ^ _54_/Q (sky130_fd_sc_hd__dfrtp_1)
     4    0.01                           net6 (net)
                  0.18    0.00    1.16 ^ _36_/A (sky130_fd_sc_hd__and3_1)
                  0.18    0.39    1.55 ^ _36_/X (sky130_fd_sc_hd__and3_1)
     2    0.01                           _22_ (net)
                  0.18    0.00    1.55 ^ _38_/A (sky130_fd_sc_hd__nor2_1)
                  0.06    0.13    1.68 v _38_/Y (sky130_fd_sc_hd__nor2_1)
     1    0.00                           _05_ (net)
                  0.06    0.00    1.68 v _55_/D (sky130_fd_sc_hd__dfrtp_1)
                                  1.68   data arrival time

                          0.00    0.00   clock clk (rise edge)
                          0.00    0.00   clock source latency
                  0.09    0.06    0.06 ^ clk (in)
     1    0.01                           clk (net)
                  0.09    0.00    0.06 ^ clkbuf_0_clk/A (sky130_fd_sc_hd__clkbuf_16)
                  0.07    0.24    0.30 ^ clkbuf_0_clk/X (sky130_fd_sc_hd__clkbuf_16)
     2    0.02                           clknet_0_clk (net)
                  0.07    0.00    0.31 ^ clkbuf_1_1__f_clk/A (sky130_fd_sc_hd__clkbuf_16)
                  0.06    0.22    0.52 ^ clkbuf_1_1__f_clk/X (sky130_fd_sc_hd__clkbuf_16)
     4    0.01                           clknet_1_1__leaf_clk (net)
                  0.06    0.00    0.52 ^ _55_/CLK (sky130_fd_sc_hd__dfrtp_1)
                          0.25    0.77   clock uncertainty
                         -0.05    0.72   clock reconvergence pessimism
                         -0.10    0.63   library hold time
                                  0.63   data required time
-----------------------------------------------------------------------------
                                  0.63   data required time
                                 -1.68   data arrival time
-----------------------------------------------------------------------------
                                  1.05   slack (MET)


Startpoint: _53_ (rising edge-triggered flip-flop clocked by clk)
Endpoint: _53_ (rising edge-triggered flip-flop clocked by clk)
Path Group: clk
Path Type: min
Corner: Slowest

Fanout     Cap    Slew   Delay    Time   Description
-----------------------------------------------------------------------------
                          0.00    0.00   clock clk (rise edge)
                          0.00    0.00   clock source latency
                  0.09    0.06    0.06 ^ clk (in)
     1    0.01                           clk (net)
                  0.09    0.00    0.06 ^ clkbuf_0_clk/A (sky130_fd_sc_hd__clkbuf_16)
                  0.07    0.22    0.28 ^ clkbuf_0_clk/X (sky130_fd_sc_hd__clkbuf_16)
     2    0.02                           clknet_0_clk (net)
                  0.07    0.00    0.28 ^ clkbuf_1_0__f_clk/A (sky130_fd_sc_hd__clkbuf_16)
                  0.06    0.20    0.47 ^ clkbuf_1_0__f_clk/X (sky130_fd_sc_hd__clkbuf_16)
     4    0.01                           clknet_1_0__leaf_clk (net)
                  0.06    0.00    0.47 ^ _53_/CLK (sky130_fd_sc_hd__dfrtp_1)
                  0.18    0.68    1.16 ^ _53_/Q (sky130_fd_sc_hd__dfrtp_1)
     3    0.01                           net5 (net)
                  0.18    0.00    1.16 ^ _32_/B1 (sky130_fd_sc_hd__a31o_1)
                  0.06    0.19    1.35 ^ _32_/X (sky130_fd_sc_hd__a31o_1)
     1    0.00                           _20_ (net)
                  0.06    0.00    1.35 ^ _33_/B (sky130_fd_sc_hd__and2b_1)
                  0.08    0.21    1.56 ^ _33_/X (sky130_fd_sc_hd__and2b_1)
     1    0.00                           _21_ (net)
                  0.08    0.00    1.56 ^ _34_/A (sky130_fd_sc_hd__clkbuf_1)
                  0.07    0.14    1.70 ^ _34_/X (sky130_fd_sc_hd__clkbuf_1)
     1    0.00                           _03_ (net)
                  0.07    0.00    1.70 ^ _53_/D (sky130_fd_sc_hd__dfrtp_1)
                                  1.70   data arrival time

                          0.00    0.00   clock clk (rise edge)
                          0.00    0.00   clock source latency
                  0.09    0.06    0.06 ^ clk (in)
     1    0.01                           clk (net)
                  0.09    0.00    0.06 ^ clkbuf_0_clk/A (sky130_fd_sc_hd__clkbuf_16)
                  0.07    0.24    0.30 ^ clkbuf_0_clk/X (sky130_fd_sc_hd__clkbuf_16)
     2    0.02                           clknet_0_clk (net)
                  0.07    0.00    0.31 ^ clkbuf_1_0__f_clk/A (sky130_fd_sc_hd__clkbuf_16)
                  0.06    0.22    0.52 ^ clkbuf_1_0__f_clk/X (sky130_fd_sc_hd__clkbuf_16)
     4    0.01                           clknet_1_0__leaf_clk (net)
                  0.06    0.00    0.52 ^ _53_/CLK (sky130_fd_sc_hd__dfrtp_1)
                          0.25    0.77   clock uncertainty
                         -0.05    0.72   clock reconvergence pessimism
                         -0.08    0.65   library hold time
                                  0.65   data required time
-----------------------------------------------------------------------------
                                  0.65   data required time
                                 -1.70   data arrival time
-----------------------------------------------------------------------------
                                  1.06   slack (MET)


Startpoint: _56_ (rising edge-triggered flip-flop clocked by clk)
Endpoint: _57_ (rising edge-triggered flip-flop clocked by clk)
Path Group: clk
Path Type: min
Corner: Slowest

Fanout     Cap    Slew   Delay    Time   Description
-----------------------------------------------------------------------------
                          0.00    0.00   clock clk (rise edge)
                          0.00    0.00   clock source latency
                  0.09    0.06    0.06 ^ clk (in)
     1    0.01                           clk (net)
                  0.09    0.00    0.06 ^ clkbuf_0_clk/A (sky130_fd_sc_hd__clkbuf_16)
                  0.07    0.22    0.28 ^ clkbuf_0_clk/X (sky130_fd_sc_hd__clkbuf_16)
     2    0.02                           clknet_0_clk (net)
                  0.07    0.00    0.28 ^ clkbuf_1_1__f_clk/A (sky130_fd_sc_hd__clkbuf_16)
                  0.06    0.20    0.47 ^ clkbuf_1_1__f_clk/X (sky130_fd_sc_hd__clkbuf_16)
     4    0.01                           clknet_1_1__leaf_clk (net)
                  0.06    0.00    0.47 ^ _56_/CLK (sky130_fd_sc_hd__dfrtp_1)
                  0.15    0.66    1.14 ^ _56_/Q (sky130_fd_sc_hd__dfrtp_1)
     3    0.01                           net8 (net)
                  0.15    0.00    1.14 ^ _40_/C (sky130_fd_sc_hd__and4_1)
                  0.14    0.43    1.56 ^ _40_/X (sky130_fd_sc_hd__and4_1)
     1    0.01                           _24_ (net)
                  0.14    0.00    1.56 ^ _41_/B (sky130_fd_sc_hd__xor2_1)
                  0.07    0.14    1.70 v _41_/X (sky130_fd_sc_hd__xor2_1)
     1    0.00                           _07_ (net)
                  0.07    0.00    1.70 v _57_/D (sky130_fd_sc_hd__dfrtp_1)
                                  1.70   data arrival time

                          0.00    0.00   clock clk (rise edge)
                          0.00    0.00   clock source latency
                  0.09    0.06    0.06 ^ clk (in)
     1    0.01                           clk (net)
                  0.09    0.00    0.06 ^ clkbuf_0_clk/A (sky130_fd_sc_hd__clkbuf_16)
                  0.07    0.24    0.30 ^ clkbuf_0_clk/X (sky130_fd_sc_hd__clkbuf_16)
     2    0.02                           clknet_0_clk (net)
                  0.07    0.00    0.31 ^ clkbuf_1_1__f_clk/A (sky130_fd_sc_hd__clkbuf_16)
                  0.06    0.22    0.52 ^ clkbuf_1_1__f_clk/X (sky130_fd_sc_hd__clkbuf_16)
     4    0.01                           clknet_1_1__leaf_clk (net)
                  0.06    0.00    0.52 ^ _57_/CLK (sky130_fd_sc_hd__dfrtp_1)
                          0.25    0.77   clock uncertainty
                         -0.05    0.72   clock reconvergence pessimism
                         -0.10    0.62   library hold time
                                  0.62   data required time
-----------------------------------------------------------------------------
                                  0.62   data required time
                                 -1.70   data arrival time
-----------------------------------------------------------------------------
                                  1.08   slack (MET)


Startpoint: _54_ (rising edge-triggered flip-flop clocked by clk)
Endpoint: _56_ (rising edge-triggered flip-flop clocked by clk)
Path Group: clk
Path Type: min
Corner: Slowest

Fanout     Cap    Slew   Delay    Time   Description
-----------------------------------------------------------------------------
                          0.00    0.00   clock clk (rise edge)
                          0.00    0.00   clock source latency
                  0.09    0.06    0.06 ^ clk (in)
     1    0.01                           clk (net)
                  0.09    0.00    0.06 ^ clkbuf_0_clk/A (sky130_fd_sc_hd__clkbuf_16)
                  0.07    0.22    0.28 ^ clkbuf_0_clk/X (sky130_fd_sc_hd__clkbuf_16)
     2    0.02                           clknet_0_clk (net)
                  0.07    0.00    0.28 ^ clkbuf_1_1__f_clk/A (sky130_fd_sc_hd__clkbuf_16)
                  0.06    0.20    0.47 ^ clkbuf_1_1__f_clk/X (sky130_fd_sc_hd__clkbuf_16)
     4    0.01                           clknet_1_1__leaf_clk (net)
                  0.06    0.00    0.47 ^ _54_/CLK (sky130_fd_sc_hd__dfrtp_1)
                  0.18    0.69    1.16 ^ _54_/Q (sky130_fd_sc_hd__dfrtp_1)
     4    0.01                           net6 (net)
                  0.18    0.00    1.16 ^ _36_/A (sky130_fd_sc_hd__and3_1)
                  0.18    0.39    1.55 ^ _36_/X (sky130_fd_sc_hd__and3_1)
     2    0.01                           _22_ (net)
                  0.18    0.00    1.55 ^ _39_/B (sky130_fd_sc_hd__xor2_1)
                  0.07    0.16    1.71 v _39_/X (sky130_fd_sc_hd__xor2_1)
     1    0.00                           _06_ (net)
                  0.07    0.00    1.71 v _56_/D (sky130_fd_sc_hd__dfrtp_1)
                                  1.71   data arrival time

                          0.00    0.00   clock clk (rise edge)
                          0.00    0.00   clock source latency
                  0.09    0.06    0.06 ^ clk (in)
     1    0.01                           clk (net)
                  0.09    0.00    0.06 ^ clkbuf_0_clk/A (sky130_fd_sc_hd__clkbuf_16)
                  0.07    0.24    0.30 ^ clkbuf_0_clk/X (sky130_fd_sc_hd__clkbuf_16)
     2    0.02                           clknet_0_clk (net)
                  0.07    0.00    0.31 ^ clkbuf_1_1__f_clk/A (sky130_fd_sc_hd__clkbuf_16)
                  0.06    0.22    0.52 ^ clkbuf_1_1__f_clk/X (sky130_fd_sc_hd__clkbuf_16)
     4    0.01                           clknet_1_1__leaf_clk (net)
                  0.06    0.00    0.52 ^ _56_/CLK (sky130_fd_sc_hd__dfrtp_1)
                          0.25    0.77   clock uncertainty
                         -0.05    0.72   clock reconvergence pessimism
                         -0.10    0.63   library hold time
                                  0.63   data required time
-----------------------------------------------------------------------------
                                  0.63   data required time
                                 -1.71   data arrival time
-----------------------------------------------------------------------------
                                  1.08   slack (MET)


Startpoint: _50_ (rising edge-triggered flip-flop clocked by clk)
Endpoint: _51_ (rising edge-triggered flip-flop clocked by clk)
Path Group: clk
Path Type: min
Corner: Slowest

Fanout     Cap    Slew   Delay    Time   Description
-----------------------------------------------------------------------------
                          0.00    0.00   clock clk (rise edge)
                          0.00    0.00   clock source latency
                  0.09    0.06    0.06 ^ clk (in)
     1    0.01                           clk (net)
                  0.09    0.00    0.06 ^ clkbuf_0_clk/A (sky130_fd_sc_hd__clkbuf_16)
                  0.07    0.22    0.28 ^ clkbuf_0_clk/X (sky130_fd_sc_hd__clkbuf_16)
     2    0.02                           clknet_0_clk (net)
                  0.07    0.00    0.28 ^ clkbuf_1_0__f_clk/A (sky130_fd_sc_hd__clkbuf_16)
                  0.06    0.20    0.47 ^ clkbuf_1_0__f_clk/X (sky130_fd_sc_hd__clkbuf_16)
     4    0.01                           clknet_1_0__leaf_clk (net)
                  0.06    0.00    0.47 ^ _50_/CLK (sky130_fd_sc_hd__dfrtp_1)
                  0.20    0.82    1.29 v _50_/Q (sky130_fd_sc_hd__dfrtp_1)
     6    0.02                           net2 (net)
                  0.20    0.00    1.29 v _26_/A (sky130_fd_sc_hd__nand2_1)
                  0.15    0.20    1.49 ^ _26_/Y (sky130_fd_sc_hd__nand2_1)
     2    0.01                           _16_ (net)
                  0.15    0.00    1.50 ^ _28_/A (sky130_fd_sc_hd__and2_1)
                  0.10    0.25    1.75 ^ _28_/X (sky130_fd_sc_hd__and2_1)
     1    0.00                           _18_ (net)
                  0.10    0.00    1.75 ^ _29_/A (sky130_fd_sc_hd__clkbuf_1)
                  0.07    0.15    1.90 ^ _29_/X (sky130_fd_sc_hd__clkbuf_1)
     1    0.00                           _01_ (net)
                  0.07    0.00    1.90 ^ _51_/D (sky130_fd_sc_hd__dfrtp_1)
                                  1.90   data arrival time

                          0.00    0.00   clock clk (rise edge)
                          0.00    0.00   clock source latency
                  0.09    0.06    0.06 ^ clk (in)
     1    0.01                           clk (net)
                  0.09    0.00    0.06 ^ clkbuf_0_clk/A (sky130_fd_sc_hd__clkbuf_16)
                  0.07    0.24    0.30 ^ clkbuf_0_clk/X (sky130_fd_sc_hd__clkbuf_16)
     2    0.02                           clknet_0_clk (net)
                  0.07    0.00    0.31 ^ clkbuf_1_0__f_clk/A (sky130_fd_sc_hd__clkbuf_16)
                  0.06    0.22    0.52 ^ clkbuf_1_0__f_clk/X (sky130_fd_sc_hd__clkbuf_16)
     4    0.01                           clknet_1_0__leaf_clk (net)
                  0.06    0.00    0.52 ^ _51_/CLK (sky130_fd_sc_hd__dfrtp_1)
                          0.25    0.77   clock uncertainty
                         -0.05    0.72   clock reconvergence pessimism
                         -0.08    0.64   library hold time
                                  0.64   data required time
-----------------------------------------------------------------------------
                                  0.64   data required time
                                 -1.90   data arrival time
-----------------------------------------------------------------------------
                                  1.26   slack (MET)


Startpoint: _52_ (rising edge-triggered flip-flop clocked by clk)
Endpoint: _54_ (rising edge-triggered flip-flop clocked by clk)
Path Group: clk
Path Type: min
Corner: Slowest

Fanout     Cap    Slew   Delay    Time   Description
-----------------------------------------------------------------------------
                          0.00    0.00   clock clk (rise edge)
                          0.00    0.00   clock source latency
                  0.09    0.06    0.06 ^ clk (in)
     1    0.01                           clk (net)
                  0.09    0.00    0.06 ^ clkbuf_0_clk/A (sky130_fd_sc_hd__clkbuf_16)
                  0.07    0.22    0.28 ^ clkbuf_0_clk/X (sky130_fd_sc_hd__clkbuf_16)
     2    0.02                           clknet_0_clk (net)
                  0.07    0.00    0.28 ^ clkbuf_1_0__f_clk/A (sky130_fd_sc_hd__clkbuf_16)
                  0.06    0.20    0.47 ^ clkbuf_1_0__f_clk/X (sky130_fd_sc_hd__clkbuf_16)
     4    0.01                           clknet_1_0__leaf_clk (net)
                  0.06    0.00    0.47 ^ _52_/CLK (sky130_fd_sc_hd__dfrtp_1)
                  0.19    0.69    1.16 ^ _52_/Q (sky130_fd_sc_hd__dfrtp_1)
     4    0.01                           net4 (net)
                  0.19    0.00    1.17 ^ _31_/C (sky130_fd_sc_hd__and4_2)
                  0.22    0.60    1.77 ^ _31_/X (sky130_fd_sc_hd__and4_2)
     5    0.02                           _19_ (net)
                  0.22    0.00    1.77 ^ _35_/B (sky130_fd_sc_hd__xor2_1)
                  0.07    0.17    1.94 v _35_/X (sky130_fd_sc_hd__xor2_1)
     1    0.00                           _04_ (net)
                  0.07    0.00    1.94 v _54_/D (sky130_fd_sc_hd__dfrtp_1)
                                  1.94   data arrival time

                          0.00    0.00   clock clk (rise edge)
                          0.00    0.00   clock source latency
                  0.09    0.06    0.06 ^ clk (in)
     1    0.01                           clk (net)
                  0.09    0.00    0.06 ^ clkbuf_0_clk/A (sky130_fd_sc_hd__clkbuf_16)
                  0.07    0.24    0.30 ^ clkbuf_0_clk/X (sky130_fd_sc_hd__clkbuf_16)
     2    0.02                           clknet_0_clk (net)
                  0.07    0.00    0.31 ^ clkbuf_1_1__f_clk/A (sky130_fd_sc_hd__clkbuf_16)
                  0.06    0.22    0.52 ^ clkbuf_1_1__f_clk/X (sky130_fd_sc_hd__clkbuf_16)
     4    0.01                           clknet_1_1__leaf_clk (net)
                  0.06    0.00    0.52 ^ _54_/CLK (sky130_fd_sc_hd__dfrtp_1)
                          0.25    0.77   clock uncertainty
                         -0.03    0.75   clock reconvergence pessimism
                         -0.10    0.65   library hold time
                                  0.65   data required time
-----------------------------------------------------------------------------
                                  0.65   data required time
                                 -1.94   data arrival time
-----------------------------------------------------------------------------
                                  1.29   slack (MET)


Startpoint: _50_ (rising edge-triggered flip-flop clocked by clk)
Endpoint: _50_ (rising edge-triggered flip-flop clocked by clk)
Path Group: clk
Path Type: min
Corner: Slowest

Fanout     Cap    Slew   Delay    Time   Description
-----------------------------------------------------------------------------
                          0.00    0.00   clock clk (rise edge)
                          0.00    0.00   clock source latency
                  0.09    0.06    0.06 ^ clk (in)
     1    0.01                           clk (net)
                  0.09    0.00    0.06 ^ clkbuf_0_clk/A (sky130_fd_sc_hd__clkbuf_16)
                  0.07    0.22    0.28 ^ clkbuf_0_clk/X (sky130_fd_sc_hd__clkbuf_16)
     2    0.02                           clknet_0_clk (net)
                  0.07    0.00    0.28 ^ clkbuf_1_0__f_clk/A (sky130_fd_sc_hd__clkbuf_16)
                  0.06    0.20    0.47 ^ clkbuf_1_0__f_clk/X (sky130_fd_sc_hd__clkbuf_16)
     4    0.01                           clknet_1_0__leaf_clk (net)
                  0.06    0.00    0.47 ^ _50_/CLK (sky130_fd_sc_hd__dfrtp_1)
                  0.28    0.76    1.23 ^ _50_/Q (sky130_fd_sc_hd__dfrtp_1)
     6    0.02                           net2 (net)
                  0.28    0.00    1.23 ^ hold1/A (sky130_fd_sc_hd__dlygate4sd3_1)
                  0.12    1.09    2.33 ^ hold1/X (sky130_fd_sc_hd__dlygate4sd3_1)
     1    0.01                           net10 (net)
                  0.12    0.00    2.33 ^ _25_/A (sky130_fd_sc_hd__inv_2)
                  0.03    0.06    2.39 v _25_/Y (sky130_fd_sc_hd__inv_2)
     1    0.00                           _00_ (net)
                  0.03    0.00    2.39 v _50_/D (sky130_fd_sc_hd__dfrtp_1)
                                  2.39   data arrival time

                          0.00    0.00   clock clk (rise edge)
                          0.00    0.00   clock source latency
                  0.09    0.06    0.06 ^ clk (in)
     1    0.01                           clk (net)
                  0.09    0.00    0.06 ^ clkbuf_0_clk/A (sky130_fd_sc_hd__clkbuf_16)
                  0.07    0.24    0.30 ^ clkbuf_0_clk/X (sky130_fd_sc_hd__clkbuf_16)
     2    0.02                           clknet_0_clk (net)
                  0.07    0.00    0.31 ^ clkbuf_1_0__f_clk/A (sky130_fd_sc_hd__clkbuf_16)
                  0.06    0.22    0.52 ^ clkbuf_1_0__f_clk/X (sky130_fd_sc_hd__clkbuf_16)
     4    0.01                           clknet_1_0__leaf_clk (net)
                  0.06    0.00    0.52 ^ _50_/CLK (sky130_fd_sc_hd__dfrtp_1)
                          0.25    0.77   clock uncertainty
                         -0.05    0.72   clock reconvergence pessimism
                         -0.09    0.64   library hold time
                                  0.64   data required time
-----------------------------------------------------------------------------
                                  0.64   data required time
                                 -2.39   data arrival time
-----------------------------------------------------------------------------
                                  1.75   slack (MET)


Startpoint: _57_ (rising edge-triggered flip-flop clocked by clk)
Endpoint: debug_out[7] (output port clocked by clk)
Path Group: clk
Path Type: min
Corner: Slowest

Fanout     Cap    Slew   Delay    Time   Description
-----------------------------------------------------------------------------
                          0.00    0.00   clock clk (rise edge)
                          0.00    0.00   clock source latency
                  0.09    0.06    0.06 ^ clk (in)
     1    0.01                           clk (net)
                  0.09    0.00    0.06 ^ clkbuf_0_clk/A (sky130_fd_sc_hd__clkbuf_16)
                  0.07    0.22    0.28 ^ clkbuf_0_clk/X (sky130_fd_sc_hd__clkbuf_16)
     2    0.02                           clknet_0_clk (net)
                  0.07    0.00    0.28 ^ clkbuf_1_1__f_clk/A (sky130_fd_sc_hd__clkbuf_16)
                  0.06    0.20    0.47 ^ clkbuf_1_1__f_clk/X (sky130_fd_sc_hd__clkbuf_16)
     4    0.01                           clknet_1_1__leaf_clk (net)
                  0.06    0.00    0.47 ^ _57_/CLK (sky130_fd_sc_hd__dfrtp_1)
                  0.13    0.64    1.12 ^ _57_/Q (sky130_fd_sc_hd__dfrtp_1)
     2    0.01                           net9 (net)
                  0.13    0.00    1.12 ^ output9/A (sky130_fd_sc_hd__clkbuf_4)
                  0.19    0.34    1.46 ^ output9/X (sky130_fd_sc_hd__clkbuf_4)
     1    0.04                           debug_out[7] (net)
                  0.19    0.00    1.46 ^ debug_out[7] (out)
                                  1.46   data arrival time

                          0.00    0.00   clock clk (rise edge)
                          0.00    0.00   clock network delay (propagated)
                          0.25    0.25   clock uncertainty
                          0.00    0.25   clock reconvergence pessimism
                         -2.00   -1.75   output external delay
                                 -1.75   data required time
-----------------------------------------------------------------------------
                                 -1.75   data required time
                                 -1.46   data arrival time
-----------------------------------------------------------------------------
                                  3.21   slack (MET)


Startpoint: _56_ (rising edge-triggered flip-flop clocked by clk)
Endpoint: debug_out[6] (output port clocked by clk)
Path Group: clk
Path Type: min
Corner: Slowest

Fanout     Cap    Slew   Delay    Time   Description
-----------------------------------------------------------------------------
                          0.00    0.00   clock clk (rise edge)
                          0.00    0.00   clock source latency
                  0.09    0.06    0.06 ^ clk (in)
     1    0.01                           clk (net)
                  0.09    0.00    0.06 ^ clkbuf_0_clk/A (sky130_fd_sc_hd__clkbuf_16)
                  0.07    0.22    0.28 ^ clkbuf_0_clk/X (sky130_fd_sc_hd__clkbuf_16)
     2    0.02                           clknet_0_clk (net)
                  0.07    0.00    0.28 ^ clkbuf_1_1__f_clk/A (sky130_fd_sc_hd__clkbuf_16)
                  0.06    0.20    0.47 ^ clkbuf_1_1__f_clk/X (sky130_fd_sc_hd__clkbuf_16)
     4    0.01                           clknet_1_1__leaf_clk (net)
                  0.06    0.00    0.47 ^ _56_/CLK (sky130_fd_sc_hd__dfrtp_1)
                  0.15    0.66    1.14 ^ _56_/Q (sky130_fd_sc_hd__dfrtp_1)
     3    0.01                           net8 (net)
                  0.15    0.00    1.14 ^ output8/A (sky130_fd_sc_hd__clkbuf_4)
                  0.18    0.35    1.48 ^ output8/X (sky130_fd_sc_hd__clkbuf_4)
     1    0.03                           debug_out[6] (net)
                  0.18    0.00    1.49 ^ debug_out[6] (out)
                                  1.49   data arrival time

                          0.00    0.00   clock clk (rise edge)
                          0.00    0.00   clock network delay (propagated)
                          0.25    0.25   clock uncertainty
                          0.00    0.25   clock reconvergence pessimism
                         -2.00   -1.75   output external delay
                                 -1.75   data required time
-----------------------------------------------------------------------------
                                 -1.75   data required time
                                 -1.49   data arrival time
-----------------------------------------------------------------------------
                                  3.24   slack (MET)


Startpoint: _53_ (rising edge-triggered flip-flop clocked by clk)
Endpoint: debug_out[3] (output port clocked by clk)
Path Group: clk
Path Type: min
Corner: Slowest

Fanout     Cap    Slew   Delay    Time   Description
-----------------------------------------------------------------------------
                          0.00    0.00   clock clk (rise edge)
                          0.00    0.00   clock source latency
                  0.09    0.06    0.06 ^ clk (in)
     1    0.01                           clk (net)
                  0.09    0.00    0.06 ^ clkbuf_0_clk/A (sky130_fd_sc_hd__clkbuf_16)
                  0.07    0.22    0.28 ^ clkbuf_0_clk/X (sky130_fd_sc_hd__clkbuf_16)
     2    0.02                           clknet_0_clk (net)
                  0.07    0.00    0.28 ^ clkbuf_1_0__f_clk/A (sky130_fd_sc_hd__clkbuf_16)
                  0.06    0.20    0.47 ^ clkbuf_1_0__f_clk/X (sky130_fd_sc_hd__clkbuf_16)
     4    0.01                           clknet_1_0__leaf_clk (net)
                  0.06    0.00    0.47 ^ _53_/CLK (sky130_fd_sc_hd__dfrtp_1)
                  0.18    0.68    1.16 ^ _53_/Q (sky130_fd_sc_hd__dfrtp_1)
     3    0.01                           net5 (net)
                  0.18    0.00    1.16 ^ output5/A (sky130_fd_sc_hd__clkbuf_4)
                  0.18    0.36    1.52 ^ output5/X (sky130_fd_sc_hd__clkbuf_4)
     1    0.03                           debug_out[3] (net)
                  0.18    0.00    1.52 ^ debug_out[3] (out)
                                  1.52   data arrival time

                          0.00    0.00   clock clk (rise edge)
                          0.00    0.00   clock network delay (propagated)
                          0.25    0.25   clock uncertainty
                          0.00    0.25   clock reconvergence pessimism
                         -2.00   -1.75   output external delay
                                 -1.75   data required time
-----------------------------------------------------------------------------
                                 -1.75   data required time
                                 -1.52   data arrival time
-----------------------------------------------------------------------------
                                  3.27   slack (MET)


Startpoint: _54_ (rising edge-triggered flip-flop clocked by clk)
Endpoint: debug_out[4] (output port clocked by clk)
Path Group: clk
Path Type: min
Corner: Slowest

Fanout     Cap    Slew   Delay    Time   Description
-----------------------------------------------------------------------------
                          0.00    0.00   clock clk (rise edge)
                          0.00    0.00   clock source latency
                  0.09    0.06    0.06 ^ clk (in)
     1    0.01                           clk (net)
                  0.09    0.00    0.06 ^ clkbuf_0_clk/A (sky130_fd_sc_hd__clkbuf_16)
                  0.07    0.22    0.28 ^ clkbuf_0_clk/X (sky130_fd_sc_hd__clkbuf_16)
     2    0.02                           clknet_0_clk (net)
                  0.07    0.00    0.28 ^ clkbuf_1_1__f_clk/A (sky130_fd_sc_hd__clkbuf_16)
                  0.06    0.20    0.47 ^ clkbuf_1_1__f_clk/X (sky130_fd_sc_hd__clkbuf_16)
     4    0.01                           clknet_1_1__leaf_clk (net)
                  0.06    0.00    0.47 ^ _54_/CLK (sky130_fd_sc_hd__dfrtp_1)
                  0.18    0.69    1.16 ^ _54_/Q (sky130_fd_sc_hd__dfrtp_1)
     4    0.01                           net6 (net)
                  0.18    0.00    1.16 ^ output6/A (sky130_fd_sc_hd__clkbuf_4)
                  0.18    0.36    1.53 ^ output6/X (sky130_fd_sc_hd__clkbuf_4)
     1    0.04                           debug_out[4] (net)
                  0.18    0.00    1.53 ^ debug_out[4] (out)
                                  1.53   data arrival time

                          0.00    0.00   clock clk (rise edge)
                          0.00    0.00   clock network delay (propagated)
                          0.25    0.25   clock uncertainty
                          0.00    0.25   clock reconvergence pessimism
                         -2.00   -1.75   output external delay
                                 -1.75   data required time
-----------------------------------------------------------------------------
                                 -1.75   data required time
                                 -1.53   data arrival time
-----------------------------------------------------------------------------
                                  3.28   slack (MET)


Startpoint: _52_ (rising edge-triggered flip-flop clocked by clk)
Endpoint: debug_out[2] (output port clocked by clk)
Path Group: clk
Path Type: min
Corner: Slowest

Fanout     Cap    Slew   Delay    Time   Description
-----------------------------------------------------------------------------
                          0.00    0.00   clock clk (rise edge)
                          0.00    0.00   clock source latency
                  0.09    0.06    0.06 ^ clk (in)
     1    0.01                           clk (net)
                  0.09    0.00    0.06 ^ clkbuf_0_clk/A (sky130_fd_sc_hd__clkbuf_16)
                  0.07    0.22    0.28 ^ clkbuf_0_clk/X (sky130_fd_sc_hd__clkbuf_16)
     2    0.02                           clknet_0_clk (net)
                  0.07    0.00    0.28 ^ clkbuf_1_0__f_clk/A (sky130_fd_sc_hd__clkbuf_16)
                  0.06    0.20    0.47 ^ clkbuf_1_0__f_clk/X (sky130_fd_sc_hd__clkbuf_16)
     4    0.01                           clknet_1_0__leaf_clk (net)
                  0.06    0.00    0.47 ^ _52_/CLK (sky130_fd_sc_hd__dfrtp_1)
                  0.19    0.69    1.16 ^ _52_/Q (sky130_fd_sc_hd__dfrtp_1)
     4    0.01                           net4 (net)
                  0.19    0.00    1.17 ^ output4/A (sky130_fd_sc_hd__clkbuf_4)
                  0.19    0.37    1.53 ^ output4/X (sky130_fd_sc_hd__clkbuf_4)
     1    0.04                           debug_out[2] (net)
                  0.19    0.00    1.53 ^ debug_out[2] (out)
                                  1.53   data arrival time

                          0.00    0.00   clock clk (rise edge)
                          0.00    0.00   clock network delay (propagated)
                          0.25    0.25   clock uncertainty
                          0.00    0.25   clock reconvergence pessimism
                         -2.00   -1.75   output external delay
                                 -1.75   data required time
-----------------------------------------------------------------------------
                                 -1.75   data required time
                                 -1.53   data arrival time
-----------------------------------------------------------------------------
                                  3.28   slack (MET)


Startpoint: _55_ (rising edge-triggered flip-flop clocked by clk)
Endpoint: debug_out[5] (output port clocked by clk)
Path Group: clk
Path Type: min
Corner: Slowest

Fanout     Cap    Slew   Delay    Time   Description
-----------------------------------------------------------------------------
                          0.00    0.00   clock clk (rise edge)
                          0.00    0.00   clock source latency
                  0.09    0.06    0.06 ^ clk (in)
     1    0.01                           clk (net)
                  0.09    0.00    0.06 ^ clkbuf_0_clk/A (sky130_fd_sc_hd__clkbuf_16)
                  0.07    0.22    0.28 ^ clkbuf_0_clk/X (sky130_fd_sc_hd__clkbuf_16)
     2    0.02                           clknet_0_clk (net)
                  0.07    0.00    0.28 ^ clkbuf_1_1__f_clk/A (sky130_fd_sc_hd__clkbuf_16)
                  0.06    0.20    0.47 ^ clkbuf_1_1__f_clk/X (sky130_fd_sc_hd__clkbuf_16)
     4    0.01                           clknet_1_1__leaf_clk (net)
                  0.06    0.00    0.47 ^ _55_/CLK (sky130_fd_sc_hd__dfrtp_1)
                  0.22    0.72    1.19 ^ _55_/Q (sky130_fd_sc_hd__dfrtp_1)
     4    0.01                           net7 (net)
                  0.22    0.00    1.19 ^ output7/A (sky130_fd_sc_hd__clkbuf_4)
                  0.18    0.38    1.57 ^ output7/X (sky130_fd_sc_hd__clkbuf_4)
     1    0.03                           debug_out[5] (net)
                  0.18    0.00    1.57 ^ debug_out[5] (out)
                                  1.57   data arrival time

                          0.00    0.00   clock clk (rise edge)
                          0.00    0.00   clock network delay (propagated)
                          0.25    0.25   clock uncertainty
                          0.00    0.25   clock reconvergence pessimism
                         -2.00   -1.75   output external delay
                                 -1.75   data required time
-----------------------------------------------------------------------------
                                 -1.75   data required time
                                 -1.57   data arrival time
-----------------------------------------------------------------------------
                                  3.32   slack (MET)


Startpoint: _50_ (rising edge-triggered flip-flop clocked by clk)
Endpoint: debug_out[0] (output port clocked by clk)
Path Group: clk
Path Type: min
Corner: Slowest

Fanout     Cap    Slew   Delay    Time   Description
-----------------------------------------------------------------------------
                          0.00    0.00   clock clk (rise edge)
                          0.00    0.00   clock source latency
                  0.09    0.06    0.06 ^ clk (in)
     1    0.01                           clk (net)
                  0.09    0.00    0.06 ^ clkbuf_0_clk/A (sky130_fd_sc_hd__clkbuf_16)
                  0.07    0.22    0.28 ^ clkbuf_0_clk/X (sky130_fd_sc_hd__clkbuf_16)
     2    0.02                           clknet_0_clk (net)
                  0.07    0.00    0.28 ^ clkbuf_1_0__f_clk/A (sky130_fd_sc_hd__clkbuf_16)
                  0.06    0.20    0.47 ^ clkbuf_1_0__f_clk/X (sky130_fd_sc_hd__clkbuf_16)
     4    0.01                           clknet_1_0__leaf_clk (net)
                  0.06    0.00    0.47 ^ _50_/CLK (sky130_fd_sc_hd__dfrtp_1)
                  0.28    0.76    1.23 ^ _50_/Q (sky130_fd_sc_hd__dfrtp_1)
     6    0.02                           net2 (net)
                  0.28    0.00    1.23 ^ output2/A (sky130_fd_sc_hd__clkbuf_4)
                  0.20    0.41    1.65 ^ output2/X (sky130_fd_sc_hd__clkbuf_4)
     1    0.04                           debug_out[0] (net)
                  0.20    0.00    1.65 ^ debug_out[0] (out)
                                  1.65   data arrival time

                          0.00    0.00   clock clk (rise edge)
                          0.00    0.00   clock network delay (propagated)
                          0.25    0.25   clock uncertainty
                          0.00    0.25   clock reconvergence pessimism
                         -2.00   -1.75   output external delay
                                 -1.75   data required time
-----------------------------------------------------------------------------
                                 -1.75   data required time
                                 -1.65   data arrival time
-----------------------------------------------------------------------------
                                  3.40   slack (MET)


Startpoint: _51_ (rising edge-triggered flip-flop clocked by clk)
Endpoint: debug_out[1] (output port clocked by clk)
Path Group: clk
Path Type: min
Corner: Slowest

Fanout     Cap    Slew   Delay    Time   Description
-----------------------------------------------------------------------------
                          0.00    0.00   clock clk (rise edge)
                          0.00    0.00   clock source latency
                  0.09    0.06    0.06 ^ clk (in)
     1    0.01                           clk (net)
                  0.09    0.00    0.06 ^ clkbuf_0_clk/A (sky130_fd_sc_hd__clkbuf_16)
                  0.07    0.22    0.28 ^ clkbuf_0_clk/X (sky130_fd_sc_hd__clkbuf_16)
     2    0.02                           clknet_0_clk (net)
                  0.07    0.00    0.28 ^ clkbuf_1_0__f_clk/A (sky130_fd_sc_hd__clkbuf_16)
                  0.06    0.20    0.47 ^ clkbuf_1_0__f_clk/X (sky130_fd_sc_hd__clkbuf_16)
     4    0.01                           clknet_1_0__leaf_clk (net)
                  0.06    0.00    0.47 ^ _51_/CLK (sky130_fd_sc_hd__dfrtp_1)
                  0.29    0.77    1.24 ^ _51_/Q (sky130_fd_sc_hd__dfrtp_1)
     5    0.02                           net3 (net)
                  0.29    0.00    1.24 ^ output3/A (sky130_fd_sc_hd__buf_2)
                  0.28    0.42    1.66 ^ output3/X (sky130_fd_sc_hd__buf_2)
     1    0.03                           debug_out[1] (net)
                  0.28    0.00    1.66 ^ debug_out[1] (out)
                                  1.66   data arrival time

                          0.00    0.00   clock clk (rise edge)
                          0.00    0.00   clock network delay (propagated)
                          0.25    0.25   clock uncertainty
                          0.00    0.25   clock reconvergence pessimism
                         -2.00   -1.75   output external delay
                                 -1.75   data required time
-----------------------------------------------------------------------------
                                 -1.75   data required time
                                 -1.66   data arrival time
-----------------------------------------------------------------------------
                                  3.41   slack (MET)



======================= Typical Corner ===================================

Startpoint: _50_ (rising edge-triggered flip-flop clocked by clk)
Endpoint: _52_ (rising edge-triggered flip-flop clocked by clk)
Path Group: clk
Path Type: min
Corner: Typical

Fanout     Cap    Slew   Delay    Time   Description
-----------------------------------------------------------------------------
                          0.00    0.00   clock clk (rise edge)
                          0.00    0.00   clock source latency
                  0.06    0.04    0.04 ^ clk (in)
     1    0.01                           clk (net)
                  0.06    0.00    0.04 ^ clkbuf_0_clk/A (sky130_fd_sc_hd__clkbuf_16)
                  0.04    0.12    0.16 ^ clkbuf_0_clk/X (sky130_fd_sc_hd__clkbuf_16)
     2    0.02                           clknet_0_clk (net)
                  0.04    0.00    0.16 ^ clkbuf_1_0__f_clk/A (sky130_fd_sc_hd__clkbuf_16)
                  0.03    0.11    0.27 ^ clkbuf_1_0__f_clk/X (sky130_fd_sc_hd__clkbuf_16)
     4    0.01                           clknet_1_0__leaf_clk (net)
                  0.03    0.00    0.27 ^ _50_/CLK (sky130_fd_sc_hd__dfrtp_1)
                  0.11    0.40    0.67 v _50_/Q (sky130_fd_sc_hd__dfrtp_1)
     6    0.02                           net2 (net)
                  0.11    0.00    0.67 v _26_/A (sky130_fd_sc_hd__nand2_1)
                  0.09    0.11    0.79 ^ _26_/Y (sky130_fd_sc_hd__nand2_1)
     2    0.01                           _16_ (net)
                  0.09    0.00    0.79 ^ _30_/B (sky130_fd_sc_hd__xnor2_1)
                  0.03    0.06    0.85 v _30_/Y (sky130_fd_sc_hd__xnor2_1)
     1    0.00                           _02_ (net)
                  0.03    0.00    0.85 v _52_/D (sky130_fd_sc_hd__dfrtp_1)
                                  0.85   data arrival time

                          0.00    0.00   clock clk (rise edge)
                          0.00    0.00   clock source latency
                  0.06    0.04    0.04 ^ clk (in)
     1    0.01                           clk (net)
                  0.06    0.00    0.04 ^ clkbuf_0_clk/A (sky130_fd_sc_hd__clkbuf_16)
                  0.04    0.14    0.18 ^ clkbuf_0_clk/X (sky130_fd_sc_hd__clkbuf_16)
     2    0.02                           clknet_0_clk (net)
                  0.04    0.00    0.18 ^ clkbuf_1_0__f_clk/A (sky130_fd_sc_hd__clkbuf_16)
                  0.03    0.12    0.30 ^ clkbuf_1_0__f_clk/X (sky130_fd_sc_hd__clkbuf_16)
     4    0.01                           clknet_1_0__leaf_clk (net)
                  0.03    0.00    0.30 ^ _52_/CLK (sky130_fd_sc_hd__dfrtp_1)
                          0.25    0.55   clock uncertainty
                         -0.03    0.52   clock reconvergence pessimism
                         -0.04    0.48   library hold time
                                  0.48   data required time
-----------------------------------------------------------------------------
                                  0.48   data required time
                                 -0.85   data arrival time
-----------------------------------------------------------------------------
                                  0.37   slack (MET)


Startpoint: _56_ (rising edge-triggered flip-flop clocked by clk)
Endpoint: _57_ (rising edge-triggered flip-flop clocked by clk)
Path Group: clk
Path Type: min
Corner: Typical

Fanout     Cap    Slew   Delay    Time   Description
-----------------------------------------------------------------------------
                          0.00    0.00   clock clk (rise edge)
                          0.00    0.00   clock source latency
                  0.06    0.04    0.04 ^ clk (in)
     1    0.01                           clk (net)
                  0.06    0.00    0.04 ^ clkbuf_0_clk/A (sky130_fd_sc_hd__clkbuf_16)
                  0.04    0.12    0.16 ^ clkbuf_0_clk/X (sky130_fd_sc_hd__clkbuf_16)
     2    0.02                           clknet_0_clk (net)
                  0.04    0.00    0.16 ^ clkbuf_1_1__f_clk/A (sky130_fd_sc_hd__clkbuf_16)
                  0.03    0.11    0.27 ^ clkbuf_1_1__f_clk/X (sky130_fd_sc_hd__clkbuf_16)
     4    0.01                           clknet_1_1__leaf_clk (net)
                  0.03    0.00    0.27 ^ _56_/CLK (sky130_fd_sc_hd__dfrtp_1)
                  0.09    0.33    0.61 ^ _56_/Q (sky130_fd_sc_hd__dfrtp_1)
     3    0.01                           net8 (net)
                  0.09    0.00    0.61 ^ _40_/C (sky130_fd_sc_hd__and4_1)
                  0.08    0.20    0.81 ^ _40_/X (sky130_fd_sc_hd__and4_1)
     1    0.01                           _24_ (net)
                  0.08    0.00    0.81 ^ _41_/B (sky130_fd_sc_hd__xor2_1)
                  0.04    0.06    0.87 v _41_/X (sky130_fd_sc_hd__xor2_1)
     1    0.00                           _07_ (net)
                  0.04    0.00    0.87 v _57_/D (sky130_fd_sc_hd__dfrtp_1)
                                  0.87   data arrival time

                          0.00    0.00   clock clk (rise edge)
                          0.00    0.00   clock source latency
                  0.06    0.04    0.04 ^ clk (in)
     1    0.01                           clk (net)
                  0.06    0.00    0.04 ^ clkbuf_0_clk/A (sky130_fd_sc_hd__clkbuf_16)
                  0.04    0.14    0.18 ^ clkbuf_0_clk/X (sky130_fd_sc_hd__clkbuf_16)
     2    0.02                           clknet_0_clk (net)
                  0.04    0.00    0.18 ^ clkbuf_1_1__f_clk/A (sky130_fd_sc_hd__clkbuf_16)
                  0.03    0.12    0.30 ^ clkbuf_1_1__f_clk/X (sky130_fd_sc_hd__clkbuf_16)
     4    0.01                           clknet_1_1__leaf_clk (net)
                  0.03    0.00    0.30 ^ _57_/CLK (sky130_fd_sc_hd__dfrtp_1)
                          0.25    0.55   clock uncertainty
                         -0.03    0.52   clock reconvergence pessimism
                         -0.04    0.48   library hold time
                                  0.48   data required time
-----------------------------------------------------------------------------
                                  0.48   data required time
                                 -0.87   data arrival time
-----------------------------------------------------------------------------
                                  0.39   slack (MET)


Startpoint: _54_ (rising edge-triggered flip-flop clocked by clk)
Endpoint: _55_ (rising edge-triggered flip-flop clocked by clk)
Path Group: clk
Path Type: min
Corner: Typical

Fanout     Cap    Slew   Delay    Time   Description
-----------------------------------------------------------------------------
                          0.00    0.00   clock clk (rise edge)
                          0.00    0.00   clock source latency
                  0.06    0.04    0.04 ^ clk (in)
     1    0.01                           clk (net)
                  0.06    0.00    0.04 ^ clkbuf_0_clk/A (sky130_fd_sc_hd__clkbuf_16)
                  0.04    0.12    0.16 ^ clkbuf_0_clk/X (sky130_fd_sc_hd__clkbuf_16)
     2    0.02                           clknet_0_clk (net)
                  0.04    0.00    0.16 ^ clkbuf_1_1__f_clk/A (sky130_fd_sc_hd__clkbuf_16)
                  0.03    0.11    0.27 ^ clkbuf_1_1__f_clk/X (sky130_fd_sc_hd__clkbuf_16)
     4    0.01                           clknet_1_1__leaf_clk (net)
                  0.03    0.00    0.27 ^ _54_/CLK (sky130_fd_sc_hd__dfrtp_1)
                  0.11    0.35    0.62 ^ _54_/Q (sky130_fd_sc_hd__dfrtp_1)
     4    0.01                           net6 (net)
                  0.11    0.00    0.62 ^ _36_/A (sky130_fd_sc_hd__and3_1)
                  0.11    0.20    0.82 ^ _36_/X (sky130_fd_sc_hd__and3_1)
     2    0.01                           _22_ (net)
                  0.11    0.00    0.82 ^ _38_/A (sky130_fd_sc_hd__nor2_1)
                  0.04    0.06    0.88 v _38_/Y (sky130_fd_sc_hd__nor2_1)
     1    0.00                           _05_ (net)
                  0.04    0.00    0.88 v _55_/D (sky130_fd_sc_hd__dfrtp_1)
                                  0.88   data arrival time

                          0.00    0.00   clock clk (rise edge)
                          0.00    0.00   clock source latency
                  0.06    0.04    0.04 ^ clk (in)
     1    0.01                           clk (net)
                  0.06    0.00    0.04 ^ clkbuf_0_clk/A (sky130_fd_sc_hd__clkbuf_16)
                  0.04    0.14    0.18 ^ clkbuf_0_clk/X (sky130_fd_sc_hd__clkbuf_16)
     2    0.02                           clknet_0_clk (net)
                  0.04    0.00    0.18 ^ clkbuf_1_1__f_clk/A (sky130_fd_sc_hd__clkbuf_16)
                  0.03    0.12    0.30 ^ clkbuf_1_1__f_clk/X (sky130_fd_sc_hd__clkbuf_16)
     4    0.01                           clknet_1_1__leaf_clk (net)
                  0.03    0.00    0.30 ^ _55_/CLK (sky130_fd_sc_hd__dfrtp_1)
                          0.25    0.55   clock uncertainty
                         -0.03    0.52   clock reconvergence pessimism
                         -0.04    0.48   library hold time
                                  0.48   data required time
-----------------------------------------------------------------------------
                                  0.48   data required time
                                 -0.88   data arrival time
-----------------------------------------------------------------------------
                                  0.40   slack (MET)


Startpoint: _53_ (rising edge-triggered flip-flop clocked by clk)
Endpoint: _53_ (rising edge-triggered flip-flop clocked by clk)
Path Group: clk
Path Type: min
Corner: Typical

Fanout     Cap    Slew   Delay    Time   Description
-----------------------------------------------------------------------------
                          0.00    0.00   clock clk (rise edge)
                          0.00    0.00   clock source latency
                  0.06    0.04    0.04 ^ clk (in)
     1    0.01                           clk (net)
                  0.06    0.00    0.04 ^ clkbuf_0_clk/A (sky130_fd_sc_hd__clkbuf_16)
                  0.04    0.12    0.16 ^ clkbuf_0_clk/X (sky130_fd_sc_hd__clkbuf_16)
     2    0.02                           clknet_0_clk (net)
                  0.04    0.00    0.16 ^ clkbuf_1_0__f_clk/A (sky130_fd_sc_hd__clkbuf_16)
                  0.03    0.11    0.27 ^ clkbuf_1_0__f_clk/X (sky130_fd_sc_hd__clkbuf_16)
     4    0.01                           clknet_1_0__leaf_clk (net)
                  0.03    0.00    0.27 ^ _53_/CLK (sky130_fd_sc_hd__dfrtp_1)
                  0.11    0.35    0.62 ^ _53_/Q (sky130_fd_sc_hd__dfrtp_1)
     3    0.01                           net5 (net)
                  0.11    0.00    0.62 ^ _32_/B1 (sky130_fd_sc_hd__a31o_1)
                  0.04    0.10    0.72 ^ _32_/X (sky130_fd_sc_hd__a31o_1)
     1    0.00                           _20_ (net)
                  0.04    0.00    0.72 ^ _33_/B (sky130_fd_sc_hd__and2b_1)
                  0.04    0.11    0.82 ^ _33_/X (sky130_fd_sc_hd__and2b_1)
     1    0.00                           _21_ (net)
                  0.04    0.00    0.82 ^ _34_/A (sky130_fd_sc_hd__clkbuf_1)
                  0.04    0.08    0.90 ^ _34_/X (sky130_fd_sc_hd__clkbuf_1)
     1    0.00                           _03_ (net)
                  0.04    0.00    0.90 ^ _53_/D (sky130_fd_sc_hd__dfrtp_1)
                                  0.90   data arrival time

                          0.00    0.00   clock clk (rise edge)
                          0.00    0.00   clock source latency
                  0.06    0.04    0.04 ^ clk (in)
     1    0.01                           clk (net)
                  0.06    0.00    0.04 ^ clkbuf_0_clk/A (sky130_fd_sc_hd__clkbuf_16)
                  0.04    0.14    0.18 ^ clkbuf_0_clk/X (sky130_fd_sc_hd__clkbuf_16)
     2    0.02                           clknet_0_clk (net)
                  0.04    0.00    0.18 ^ clkbuf_1_0__f_clk/A (sky130_fd_sc_hd__clkbuf_16)
                  0.03    0.12    0.30 ^ clkbuf_1_0__f_clk/X (sky130_fd_sc_hd__clkbuf_16)
     4    0.01                           clknet_1_0__leaf_clk (net)
                  0.03    0.00    0.30 ^ _53_/CLK (sky130_fd_sc_hd__dfrtp_1)
                          0.25    0.55   clock uncertainty
                         -0.03    0.52   clock reconvergence pessimism
                         -0.04    0.49   library hold time
                                  0.49   data required time
-----------------------------------------------------------------------------
                                  0.49   data required time
                                 -0.90   data arrival time
-----------------------------------------------------------------------------
                                  0.41   slack (MET)


Startpoint: _54_ (rising edge-triggered flip-flop clocked by clk)
Endpoint: _56_ (rising edge-triggered flip-flop clocked by clk)
Path Group: clk
Path Type: min
Corner: Typical

Fanout     Cap    Slew   Delay    Time   Description
-----------------------------------------------------------------------------
                          0.00    0.00   clock clk (rise edge)
                          0.00    0.00   clock source latency
                  0.06    0.04    0.04 ^ clk (in)
     1    0.01                           clk (net)
                  0.06    0.00    0.04 ^ clkbuf_0_clk/A (sky130_fd_sc_hd__clkbuf_16)
                  0.04    0.12    0.16 ^ clkbuf_0_clk/X (sky130_fd_sc_hd__clkbuf_16)
     2    0.02                           clknet_0_clk (net)
                  0.04    0.00    0.16 ^ clkbuf_1_1__f_clk/A (sky130_fd_sc_hd__clkbuf_16)
                  0.03    0.11    0.27 ^ clkbuf_1_1__f_clk/X (sky130_fd_sc_hd__clkbuf_16)
     4    0.01                           clknet_1_1__leaf_clk (net)
                  0.03    0.00    0.27 ^ _54_/CLK (sky130_fd_sc_hd__dfrtp_1)
                  0.11    0.35    0.62 ^ _54_/Q (sky130_fd_sc_hd__dfrtp_1)
     4    0.01                           net6 (net)
                  0.11    0.00    0.62 ^ _36_/A (sky130_fd_sc_hd__and3_1)
                  0.11    0.20    0.82 ^ _36_/X (sky130_fd_sc_hd__and3_1)
     2    0.01                           _22_ (net)
                  0.11    0.00    0.82 ^ _39_/B (sky130_fd_sc_hd__xor2_1)
                  0.04    0.07    0.89 v _39_/X (sky130_fd_sc_hd__xor2_1)
     1    0.00                           _06_ (net)
                  0.04    0.00    0.89 v _56_/D (sky130_fd_sc_hd__dfrtp_1)
                                  0.89   data arrival time

                          0.00    0.00   clock clk (rise edge)
                          0.00    0.00   clock source latency
                  0.06    0.04    0.04 ^ clk (in)
     1    0.01                           clk (net)
                  0.06    0.00    0.04 ^ clkbuf_0_clk/A (sky130_fd_sc_hd__clkbuf_16)
                  0.04    0.14    0.18 ^ clkbuf_0_clk/X (sky130_fd_sc_hd__clkbuf_16)
     2    0.02                           clknet_0_clk (net)
                  0.04    0.00    0.18 ^ clkbuf_1_1__f_clk/A (sky130_fd_sc_hd__clkbuf_16)
                  0.03    0.12    0.30 ^ clkbuf_1_1__f_clk/X (sky130_fd_sc_hd__clkbuf_16)
     4    0.01                           clknet_1_1__leaf_clk (net)
                  0.03    0.00    0.30 ^ _56_/CLK (sky130_fd_sc_hd__dfrtp_1)
                          0.25    0.55   clock uncertainty
                         -0.03    0.52   clock reconvergence pessimism
                         -0.04    0.48   library hold time
                                  0.48   data required time
-----------------------------------------------------------------------------
                                  0.48   data required time
                                 -0.89   data arrival time
-----------------------------------------------------------------------------
                                  0.42   slack (MET)


Startpoint: _53_ (rising edge-triggered flip-flop clocked by clk)
Endpoint: _54_ (rising edge-triggered flip-flop clocked by clk)
Path Group: clk
Path Type: min
Corner: Typical

Fanout     Cap    Slew   Delay    Time   Description
-----------------------------------------------------------------------------
                          0.00    0.00   clock clk (rise edge)
                          0.00    0.00   clock source latency
                  0.06    0.04    0.04 ^ clk (in)
     1    0.01                           clk (net)
                  0.06    0.00    0.04 ^ clkbuf_0_clk/A (sky130_fd_sc_hd__clkbuf_16)
                  0.04    0.12    0.16 ^ clkbuf_0_clk/X (sky130_fd_sc_hd__clkbuf_16)
     2    0.02                           clknet_0_clk (net)
                  0.04    0.00    0.16 ^ clkbuf_1_0__f_clk/A (sky130_fd_sc_hd__clkbuf_16)
                  0.03    0.11    0.27 ^ clkbuf_1_0__f_clk/X (sky130_fd_sc_hd__clkbuf_16)
     4    0.01                           clknet_1_0__leaf_clk (net)
                  0.03    0.00    0.27 ^ _53_/CLK (sky130_fd_sc_hd__dfrtp_1)
                  0.11    0.35    0.62 ^ _53_/Q (sky130_fd_sc_hd__dfrtp_1)
     3    0.01                           net5 (net)
                  0.11    0.00    0.62 ^ _31_/D (sky130_fd_sc_hd__and4_2)
                  0.13    0.29    0.91 ^ _31_/X (sky130_fd_sc_hd__and4_2)
     5    0.02                           _19_ (net)
                  0.13    0.00    0.91 ^ _35_/B (sky130_fd_sc_hd__xor2_1)
                  0.04    0.07    0.98 v _35_/X (sky130_fd_sc_hd__xor2_1)
     1    0.00                           _04_ (net)
                  0.04    0.00    0.99 v _54_/D (sky130_fd_sc_hd__dfrtp_1)
                                  0.99   data arrival time

                          0.00    0.00   clock clk (rise edge)
                          0.00    0.00   clock source latency
                  0.06    0.04    0.04 ^ clk (in)
     1    0.01                           clk (net)
                  0.06    0.00    0.04 ^ clkbuf_0_clk/A (sky130_fd_sc_hd__clkbuf_16)
                  0.04    0.14    0.18 ^ clkbuf_0_clk/X (sky130_fd_sc_hd__clkbuf_16)
     2    0.02                           clknet_0_clk (net)
                  0.04    0.00    0.18 ^ clkbuf_1_1__f_clk/A (sky130_fd_sc_hd__clkbuf_16)
                  0.03    0.12    0.30 ^ clkbuf_1_1__f_clk/X (sky130_fd_sc_hd__clkbuf_16)
     4    0.01                           clknet_1_1__leaf_clk (net)
                  0.03    0.00    0.30 ^ _54_/CLK (sky130_fd_sc_hd__dfrtp_1)
                          0.25    0.55   clock uncertainty
                         -0.02    0.53   clock reconvergence pessimism
                         -0.04    0.49   library hold time
                                  0.49   data required time
-----------------------------------------------------------------------------
                                  0.49   data required time
                                 -0.99   data arrival time
-----------------------------------------------------------------------------
                                  0.50   slack (MET)


Startpoint: _50_ (rising edge-triggered flip-flop clocked by clk)
Endpoint: _51_ (rising edge-triggered flip-flop clocked by clk)
Path Group: clk
Path Type: min
Corner: Typical

Fanout     Cap    Slew   Delay    Time   Description
-----------------------------------------------------------------------------
                          0.00    0.00   clock clk (rise edge)
                          0.00    0.00   clock source latency
                  0.06    0.04    0.04 ^ clk (in)
     1    0.01                           clk (net)
                  0.06    0.00    0.04 ^ clkbuf_0_clk/A (sky130_fd_sc_hd__clkbuf_16)
                  0.04    0.12    0.16 ^ clkbuf_0_clk/X (sky130_fd_sc_hd__clkbuf_16)
     2    0.02                           clknet_0_clk (net)
                  0.04    0.00    0.16 ^ clkbuf_1_0__f_clk/A (sky130_fd_sc_hd__clkbuf_16)
                  0.03    0.11    0.27 ^ clkbuf_1_0__f_clk/X (sky130_fd_sc_hd__clkbuf_16)
     4    0.01                           clknet_1_0__leaf_clk (net)
                  0.03    0.00    0.27 ^ _50_/CLK (sky130_fd_sc_hd__dfrtp_1)
                  0.11    0.40    0.67 v _50_/Q (sky130_fd_sc_hd__dfrtp_1)
     6    0.02                           net2 (net)
                  0.11    0.00    0.67 v _26_/A (sky130_fd_sc_hd__nand2_1)
                  0.09    0.11    0.79 ^ _26_/Y (sky130_fd_sc_hd__nand2_1)
     2    0.01                           _16_ (net)
                  0.09    0.00    0.79 ^ _28_/A (sky130_fd_sc_hd__and2_1)
                  0.06    0.13    0.92 ^ _28_/X (sky130_fd_sc_hd__and2_1)
     1    0.00                           _18_ (net)
                  0.06    0.00    0.92 ^ _29_/A (sky130_fd_sc_hd__clkbuf_1)
                  0.05    0.08    1.00 ^ _29_/X (sky130_fd_sc_hd__clkbuf_1)
     1    0.00                           _01_ (net)
                  0.05    0.00    1.00 ^ _51_/D (sky130_fd_sc_hd__dfrtp_1)
                                  1.00   data arrival time

                          0.00    0.00   clock clk (rise edge)
                          0.00    0.00   clock source latency
                  0.06    0.04    0.04 ^ clk (in)
     1    0.01                           clk (net)
                  0.06    0.00    0.04 ^ clkbuf_0_clk/A (sky130_fd_sc_hd__clkbuf_16)
                  0.04    0.14    0.18 ^ clkbuf_0_clk/X (sky130_fd_sc_hd__clkbuf_16)
     2    0.02                           clknet_0_clk (net)
                  0.04    0.00    0.18 ^ clkbuf_1_0__f_clk/A (sky130_fd_sc_hd__clkbuf_16)
                  0.03    0.12    0.30 ^ clkbuf_1_0__f_clk/X (sky130_fd_sc_hd__clkbuf_16)
     4    0.01                           clknet_1_0__leaf_clk (net)
                  0.03    0.00    0.30 ^ _51_/CLK (sky130_fd_sc_hd__dfrtp_1)
                          0.25    0.55   clock uncertainty
                         -0.03    0.52   clock reconvergence pessimism
                         -0.04    0.49   library hold time
                                  0.49   data required time
-----------------------------------------------------------------------------
                                  0.49   data required time
                                 -1.00   data arrival time
-----------------------------------------------------------------------------
                                  0.51   slack (MET)


Startpoint: _50_ (rising edge-triggered flip-flop clocked by clk)
Endpoint: _50_ (rising edge-triggered flip-flop clocked by clk)
Path Group: clk
Path Type: min
Corner: Typical

Fanout     Cap    Slew   Delay    Time   Description
-----------------------------------------------------------------------------
                          0.00    0.00   clock clk (rise edge)
                          0.00    0.00   clock source latency
                  0.06    0.04    0.04 ^ clk (in)
     1    0.01                           clk (net)
                  0.06    0.00    0.04 ^ clkbuf_0_clk/A (sky130_fd_sc_hd__clkbuf_16)
                  0.04    0.12    0.16 ^ clkbuf_0_clk/X (sky130_fd_sc_hd__clkbuf_16)
     2    0.02                           clknet_0_clk (net)
                  0.04    0.00    0.16 ^ clkbuf_1_0__f_clk/A (sky130_fd_sc_hd__clkbuf_16)
                  0.03    0.11    0.27 ^ clkbuf_1_0__f_clk/X (sky130_fd_sc_hd__clkbuf_16)
     4    0.01                           clknet_1_0__leaf_clk (net)
                  0.03    0.00    0.27 ^ _50_/CLK (sky130_fd_sc_hd__dfrtp_1)
                  0.18    0.39    0.67 ^ _50_/Q (sky130_fd_sc_hd__dfrtp_1)
     6    0.02                           net2 (net)
                  0.18    0.00    0.67 ^ hold1/A (sky130_fd_sc_hd__dlygate4sd3_1)
                  0.07    0.56    1.22 ^ hold1/X (sky130_fd_sc_hd__dlygate4sd3_1)
     1    0.01                           net10 (net)
                  0.07    0.00    1.22 ^ _25_/A (sky130_fd_sc_hd__inv_2)
                  0.02    0.03    1.25 v _25_/Y (sky130_fd_sc_hd__inv_2)
     1    0.00                           _00_ (net)
                  0.02    0.00    1.25 v _50_/D (sky130_fd_sc_hd__dfrtp_1)
                                  1.25   data arrival time

                          0.00    0.00   clock clk (rise edge)
                          0.00    0.00   clock source latency
                  0.06    0.04    0.04 ^ clk (in)
     1    0.01                           clk (net)
                  0.06    0.00    0.04 ^ clkbuf_0_clk/A (sky130_fd_sc_hd__clkbuf_16)
                  0.04    0.14    0.18 ^ clkbuf_0_clk/X (sky130_fd_sc_hd__clkbuf_16)
     2    0.02                           clknet_0_clk (net)
                  0.04    0.00    0.18 ^ clkbuf_1_0__f_clk/A (sky130_fd_sc_hd__clkbuf_16)
                  0.03    0.12    0.30 ^ clkbuf_1_0__f_clk/X (sky130_fd_sc_hd__clkbuf_16)
     4    0.01                           clknet_1_0__leaf_clk (net)
                  0.03    0.00    0.30 ^ _50_/CLK (sky130_fd_sc_hd__dfrtp_1)
                          0.25    0.55   clock uncertainty
                         -0.03    0.52   clock reconvergence pessimism
                         -0.04    0.48   library hold time
                                  0.48   data required time
-----------------------------------------------------------------------------
                                  0.48   data required time
                                 -1.25   data arrival time
-----------------------------------------------------------------------------
                                  0.77   slack (MET)


Startpoint: rst (input port clocked by clk)
Endpoint: _55_ (removal check against rising-edge clock clk)
Path Group: asynchronous
Path Type: min
Corner: Typical

Fanout     Cap    Slew   Delay    Time   Description
-----------------------------------------------------------------------------
                          0.00    0.00   clock clk (rise edge)
                          0.00    0.00   clock network delay (propagated)
                          2.00    2.00 v input external delay
                  0.01    0.00    2.00 v rst (in)
     1    0.00                           rst (net)
                  0.01    0.00    2.00 v input1/A (sky130_fd_sc_hd__clkbuf_4)
                  0.10    0.17    2.18 v input1/X (sky130_fd_sc_hd__clkbuf_4)
     8    0.04                           net1 (net)
                  0.10    0.00    2.18 v _47_/A (sky130_fd_sc_hd__inv_2)
                  0.04    0.06    2.24 ^ _47_/Y (sky130_fd_sc_hd__inv_2)
     1    0.00                           _13_ (net)
                  0.04    0.00    2.24 ^ _55_/RESET_B (sky130_fd_sc_hd__dfrtp_1)
                                  2.24   data arrival time

                          0.00    0.00   clock clk (rise edge)
                          0.00    0.00   clock source latency
                  0.06    0.04    0.04 ^ clk (in)
     1    0.01                           clk (net)
                  0.06    0.00    0.04 ^ clkbuf_0_clk/A (sky130_fd_sc_hd__clkbuf_16)
                  0.04    0.14    0.18 ^ clkbuf_0_clk/X (sky130_fd_sc_hd__clkbuf_16)
     2    0.02                           clknet_0_clk (net)
                  0.04    0.00    0.18 ^ clkbuf_1_1__f_clk/A (sky130_fd_sc_hd__clkbuf_16)
                  0.03    0.12    0.30 ^ clkbuf_1_1__f_clk/X (sky130_fd_sc_hd__clkbuf_16)
     4    0.01                           clknet_1_1__leaf_clk (net)
                  0.03    0.00    0.30 ^ _55_/CLK (sky130_fd_sc_hd__dfrtp_1)
                          0.25    0.55   clock uncertainty
                          0.00    0.55   clock reconvergence pessimism
                          0.32    0.87   library removal time
                                  0.87   data required time
-----------------------------------------------------------------------------
                                  0.87   data required time
                                 -2.24   data arrival time
-----------------------------------------------------------------------------
                                  1.37   slack (MET)


Startpoint: rst (input port clocked by clk)
Endpoint: _54_ (removal check against rising-edge clock clk)
Path Group: asynchronous
Path Type: min
Corner: Typical

Fanout     Cap    Slew   Delay    Time   Description
-----------------------------------------------------------------------------
                          0.00    0.00   clock clk (rise edge)
                          0.00    0.00   clock network delay (propagated)
                          2.00    2.00 v input external delay
                  0.01    0.00    2.00 v rst (in)
     1    0.00                           rst (net)
                  0.01    0.00    2.00 v input1/A (sky130_fd_sc_hd__clkbuf_4)
                  0.10    0.17    2.18 v input1/X (sky130_fd_sc_hd__clkbuf_4)
     8    0.04                           net1 (net)
                  0.10    0.00    2.18 v _46_/A (sky130_fd_sc_hd__inv_2)
                  0.04    0.06    2.24 ^ _46_/Y (sky130_fd_sc_hd__inv_2)
     1    0.00                           _12_ (net)
                  0.04    0.00    2.24 ^ _54_/RESET_B (sky130_fd_sc_hd__dfrtp_1)
                                  2.24   data arrival time

                          0.00    0.00   clock clk (rise edge)
                          0.00    0.00   clock source latency
                  0.06    0.04    0.04 ^ clk (in)
     1    0.01                           clk (net)
                  0.06    0.00    0.04 ^ clkbuf_0_clk/A (sky130_fd_sc_hd__clkbuf_16)
                  0.04    0.14    0.18 ^ clkbuf_0_clk/X (sky130_fd_sc_hd__clkbuf_16)
     2    0.02                           clknet_0_clk (net)
                  0.04    0.00    0.18 ^ clkbuf_1_1__f_clk/A (sky130_fd_sc_hd__clkbuf_16)
                  0.03    0.12    0.30 ^ clkbuf_1_1__f_clk/X (sky130_fd_sc_hd__clkbuf_16)
     4    0.01                           clknet_1_1__leaf_clk (net)
                  0.03    0.00    0.30 ^ _54_/CLK (sky130_fd_sc_hd__dfrtp_1)
                          0.25    0.55   clock uncertainty
                          0.00    0.55   clock reconvergence pessimism
                          0.32    0.87   library removal time
                                  0.87   data required time
-----------------------------------------------------------------------------
                                  0.87   data required time
                                 -2.24   data arrival time
-----------------------------------------------------------------------------
                                  1.37   slack (MET)


Startpoint: rst (input port clocked by clk)
Endpoint: _56_ (removal check against rising-edge clock clk)
Path Group: asynchronous
Path Type: min
Corner: Typical

Fanout     Cap    Slew   Delay    Time   Description
-----------------------------------------------------------------------------
                          0.00    0.00   clock clk (rise edge)
                          0.00    0.00   clock network delay (propagated)
                          2.00    2.00 v input external delay
                  0.01    0.00    2.00 v rst (in)
     1    0.00                           rst (net)
                  0.01    0.00    2.00 v input1/A (sky130_fd_sc_hd__clkbuf_4)
                  0.10    0.17    2.18 v input1/X (sky130_fd_sc_hd__clkbuf_4)
     8    0.04                           net1 (net)
                  0.10    0.00    2.18 v _48_/A (sky130_fd_sc_hd__inv_2)
                  0.04    0.06    2.24 ^ _48_/Y (sky130_fd_sc_hd__inv_2)
     1    0.00                           _14_ (net)
                  0.04    0.00    2.24 ^ _56_/RESET_B (sky130_fd_sc_hd__dfrtp_1)
                                  2.24   data arrival time

                          0.00    0.00   clock clk (rise edge)
                          0.00    0.00   clock source latency
                  0.06    0.04    0.04 ^ clk (in)
     1    0.01                           clk (net)
                  0.06    0.00    0.04 ^ clkbuf_0_clk/A (sky130_fd_sc_hd__clkbuf_16)
                  0.04    0.14    0.18 ^ clkbuf_0_clk/X (sky130_fd_sc_hd__clkbuf_16)
     2    0.02                           clknet_0_clk (net)
                  0.04    0.00    0.18 ^ clkbuf_1_1__f_clk/A (sky130_fd_sc_hd__clkbuf_16)
                  0.03    0.12    0.30 ^ clkbuf_1_1__f_clk/X (sky130_fd_sc_hd__clkbuf_16)
     4    0.01                           clknet_1_1__leaf_clk (net)
                  0.03    0.00    0.30 ^ _56_/CLK (sky130_fd_sc_hd__dfrtp_1)
                          0.25    0.55   clock uncertainty
                          0.00    0.55   clock reconvergence pessimism
                          0.32    0.87   library removal time
                                  0.87   data required time
-----------------------------------------------------------------------------
                                  0.87   data required time
                                 -2.24   data arrival time
-----------------------------------------------------------------------------
                                  1.37   slack (MET)


Startpoint: rst (input port clocked by clk)
Endpoint: _52_ (removal check against rising-edge clock clk)
Path Group: asynchronous
Path Type: min
Corner: Typical

Fanout     Cap    Slew   Delay    Time   Description
-----------------------------------------------------------------------------
                          0.00    0.00   clock clk (rise edge)
                          0.00    0.00   clock network delay (propagated)
                          2.00    2.00 v input external delay
                  0.01    0.00    2.00 v rst (in)
     1    0.00                           rst (net)
                  0.01    0.00    2.00 v input1/A (sky130_fd_sc_hd__clkbuf_4)
                  0.10    0.17    2.18 v input1/X (sky130_fd_sc_hd__clkbuf_4)
     8    0.04                           net1 (net)
                  0.10    0.00    2.18 v _44_/A (sky130_fd_sc_hd__inv_2)
                  0.04    0.06    2.24 ^ _44_/Y (sky130_fd_sc_hd__inv_2)
     1    0.00                           _10_ (net)
                  0.04    0.00    2.24 ^ _52_/RESET_B (sky130_fd_sc_hd__dfrtp_1)
                                  2.24   data arrival time

                          0.00    0.00   clock clk (rise edge)
                          0.00    0.00   clock source latency
                  0.06    0.04    0.04 ^ clk (in)
     1    0.01                           clk (net)
                  0.06    0.00    0.04 ^ clkbuf_0_clk/A (sky130_fd_sc_hd__clkbuf_16)
                  0.04    0.14    0.18 ^ clkbuf_0_clk/X (sky130_fd_sc_hd__clkbuf_16)
     2    0.02                           clknet_0_clk (net)
                  0.04    0.00    0.18 ^ clkbuf_1_0__f_clk/A (sky130_fd_sc_hd__clkbuf_16)
                  0.03    0.12    0.30 ^ clkbuf_1_0__f_clk/X (sky130_fd_sc_hd__clkbuf_16)
     4    0.01                           clknet_1_0__leaf_clk (net)
                  0.03    0.00    0.30 ^ _52_/CLK (sky130_fd_sc_hd__dfrtp_1)
                          0.25    0.55   clock uncertainty
                          0.00    0.55   clock reconvergence pessimism
                          0.32    0.87   library removal time
                                  0.87   data required time
-----------------------------------------------------------------------------
                                  0.87   data required time
                                 -2.24   data arrival time
-----------------------------------------------------------------------------
                                  1.38   slack (MET)


Startpoint: rst (input port clocked by clk)
Endpoint: _53_ (removal check against rising-edge clock clk)
Path Group: asynchronous
Path Type: min
Corner: Typical

Fanout     Cap    Slew   Delay    Time   Description
-----------------------------------------------------------------------------
                          0.00    0.00   clock clk (rise edge)
                          0.00    0.00   clock network delay (propagated)
                          2.00    2.00 v input external delay
                  0.01    0.00    2.00 v rst (in)
     1    0.00                           rst (net)
                  0.01    0.00    2.00 v input1/A (sky130_fd_sc_hd__clkbuf_4)
                  0.10    0.17    2.18 v input1/X (sky130_fd_sc_hd__clkbuf_4)
     8    0.04                           net1 (net)
                  0.10    0.00    2.18 v _45_/A (sky130_fd_sc_hd__inv_2)
                  0.04    0.06    2.24 ^ _45_/Y (sky130_fd_sc_hd__inv_2)
     1    0.00                           _11_ (net)
                  0.04    0.00    2.24 ^ _53_/RESET_B (sky130_fd_sc_hd__dfrtp_1)
                                  2.24   data arrival time

                          0.00    0.00   clock clk (rise edge)
                          0.00    0.00   clock source latency
                  0.06    0.04    0.04 ^ clk (in)
     1    0.01                           clk (net)
                  0.06    0.00    0.04 ^ clkbuf_0_clk/A (sky130_fd_sc_hd__clkbuf_16)
                  0.04    0.14    0.18 ^ clkbuf_0_clk/X (sky130_fd_sc_hd__clkbuf_16)
     2    0.02                           clknet_0_clk (net)
                  0.04    0.00    0.18 ^ clkbuf_1_0__f_clk/A (sky130_fd_sc_hd__clkbuf_16)
                  0.03    0.12    0.30 ^ clkbuf_1_0__f_clk/X (sky130_fd_sc_hd__clkbuf_16)
     4    0.01                           clknet_1_0__leaf_clk (net)
                  0.03    0.00    0.30 ^ _53_/CLK (sky130_fd_sc_hd__dfrtp_1)
                          0.25    0.55   clock uncertainty
                          0.00    0.55   clock reconvergence pessimism
                          0.32    0.87   library removal time
                                  0.87   data required time
-----------------------------------------------------------------------------
                                  0.87   data required time
                                 -2.24   data arrival time
-----------------------------------------------------------------------------
                                  1.38   slack (MET)


Startpoint: rst (input port clocked by clk)
Endpoint: _57_ (removal check against rising-edge clock clk)
Path Group: asynchronous
Path Type: min
Corner: Typical

Fanout     Cap    Slew   Delay    Time   Description
-----------------------------------------------------------------------------
                          0.00    0.00   clock clk (rise edge)
                          0.00    0.00   clock network delay (propagated)
                          2.00    2.00 v input external delay
                  0.01    0.00    2.00 v rst (in)
     1    0.00                           rst (net)
                  0.01    0.00    2.00 v input1/A (sky130_fd_sc_hd__clkbuf_4)
                  0.10    0.17    2.18 v input1/X (sky130_fd_sc_hd__clkbuf_4)
     8    0.04                           net1 (net)
                  0.10    0.00    2.18 v _49_/A (sky130_fd_sc_hd__inv_2)
                  0.04    0.06    2.24 ^ _49_/Y (sky130_fd_sc_hd__inv_2)
     1    0.00                           _15_ (net)
                  0.04    0.00    2.24 ^ _57_/RESET_B (sky130_fd_sc_hd__dfrtp_1)
                                  2.24   data arrival time

                          0.00    0.00   clock clk (rise edge)
                          0.00    0.00   clock source latency
                  0.06    0.04    0.04 ^ clk (in)
     1    0.01                           clk (net)
                  0.06    0.00    0.04 ^ clkbuf_0_clk/A (sky130_fd_sc_hd__clkbuf_16)
                  0.04    0.14    0.18 ^ clkbuf_0_clk/X (sky130_fd_sc_hd__clkbuf_16)
     2    0.02                           clknet_0_clk (net)
                  0.04    0.00    0.18 ^ clkbuf_1_1__f_clk/A (sky130_fd_sc_hd__clkbuf_16)
                  0.03    0.12    0.30 ^ clkbuf_1_1__f_clk/X (sky130_fd_sc_hd__clkbuf_16)
     4    0.01                           clknet_1_1__leaf_clk (net)
                  0.03    0.00    0.30 ^ _57_/CLK (sky130_fd_sc_hd__dfrtp_1)
                          0.25    0.55   clock uncertainty
                          0.00    0.55   clock reconvergence pessimism
                          0.32    0.87   library removal time
                                  0.87   data required time
-----------------------------------------------------------------------------
                                  0.87   data required time
                                 -2.24   data arrival time
-----------------------------------------------------------------------------
                                  1.38   slack (MET)


Startpoint: rst (input port clocked by clk)
Endpoint: _50_ (removal check against rising-edge clock clk)
Path Group: asynchronous
Path Type: min
Corner: Typical

Fanout     Cap    Slew   Delay    Time   Description
-----------------------------------------------------------------------------
                          0.00    0.00   clock clk (rise edge)
                          0.00    0.00   clock network delay (propagated)
                          2.00    2.00 v input external delay
                  0.01    0.00    2.00 v rst (in)
     1    0.00                           rst (net)
                  0.01    0.00    2.00 v input1/A (sky130_fd_sc_hd__clkbuf_4)
                  0.10    0.17    2.18 v input1/X (sky130_fd_sc_hd__clkbuf_4)
     8    0.04                           net1 (net)
                  0.10    0.00    2.18 v _42_/A (sky130_fd_sc_hd__inv_2)
                  0.04    0.06    2.24 ^ _42_/Y (sky130_fd_sc_hd__inv_2)
     1    0.00                           _08_ (net)
                  0.04    0.00    2.24 ^ _50_/RESET_B (sky130_fd_sc_hd__dfrtp_1)
                                  2.24   data arrival time

                          0.00    0.00   clock clk (rise edge)
                          0.00    0.00   clock source latency
                  0.06    0.04    0.04 ^ clk (in)
     1    0.01                           clk (net)
                  0.06    0.00    0.04 ^ clkbuf_0_clk/A (sky130_fd_sc_hd__clkbuf_16)
                  0.04    0.14    0.18 ^ clkbuf_0_clk/X (sky130_fd_sc_hd__clkbuf_16)
     2    0.02                           clknet_0_clk (net)
                  0.04    0.00    0.18 ^ clkbuf_1_0__f_clk/A (sky130_fd_sc_hd__clkbuf_16)
                  0.03    0.12    0.30 ^ clkbuf_1_0__f_clk/X (sky130_fd_sc_hd__clkbuf_16)
     4    0.01                           clknet_1_0__leaf_clk (net)
                  0.03    0.00    0.30 ^ _50_/CLK (sky130_fd_sc_hd__dfrtp_1)
                          0.25    0.55   clock uncertainty
                          0.00    0.55   clock reconvergence pessimism
                          0.32    0.87   library removal time
                                  0.87   data required time
-----------------------------------------------------------------------------
                                  0.87   data required time
                                 -2.24   data arrival time
-----------------------------------------------------------------------------
                                  1.38   slack (MET)


Startpoint: rst (input port clocked by clk)
Endpoint: _51_ (removal check against rising-edge clock clk)
Path Group: asynchronous
Path Type: min
Corner: Typical

Fanout     Cap    Slew   Delay    Time   Description
-----------------------------------------------------------------------------
                          0.00    0.00   clock clk (rise edge)
                          0.00    0.00   clock network delay (propagated)
                          2.00    2.00 v input external delay
                  0.01    0.00    2.00 v rst (in)
     1    0.00                           rst (net)
                  0.01    0.00    2.00 v input1/A (sky130_fd_sc_hd__clkbuf_4)
                  0.10    0.17    2.18 v input1/X (sky130_fd_sc_hd__clkbuf_4)
     8    0.04                           net1 (net)
                  0.10    0.00    2.18 v _43_/A (sky130_fd_sc_hd__inv_2)
                  0.04    0.07    2.24 ^ _43_/Y (sky130_fd_sc_hd__inv_2)
     1    0.01                           _09_ (net)
                  0.04    0.00    2.24 ^ _51_/RESET_B (sky130_fd_sc_hd__dfrtp_1)
                                  2.24   data arrival time

                          0.00    0.00   clock clk (rise edge)
                          0.00    0.00   clock source latency
                  0.06    0.04    0.04 ^ clk (in)
     1    0.01                           clk (net)
                  0.06    0.00    0.04 ^ clkbuf_0_clk/A (sky130_fd_sc_hd__clkbuf_16)
                  0.04    0.14    0.18 ^ clkbuf_0_clk/X (sky130_fd_sc_hd__clkbuf_16)
     2    0.02                           clknet_0_clk (net)
                  0.04    0.00    0.18 ^ clkbuf_1_0__f_clk/A (sky130_fd_sc_hd__clkbuf_16)
                  0.03    0.12    0.30 ^ clkbuf_1_0__f_clk/X (sky130_fd_sc_hd__clkbuf_16)
     4    0.01                           clknet_1_0__leaf_clk (net)
                  0.03    0.00    0.30 ^ _51_/CLK (sky130_fd_sc_hd__dfrtp_1)
                          0.25    0.55   clock uncertainty
                          0.00    0.55   clock reconvergence pessimism
                          0.32    0.87   library removal time
                                  0.87   data required time
-----------------------------------------------------------------------------
                                  0.87   data required time
                                 -2.24   data arrival time
-----------------------------------------------------------------------------
                                  1.38   slack (MET)


Startpoint: _57_ (rising edge-triggered flip-flop clocked by clk)
Endpoint: debug_out[7] (output port clocked by clk)
Path Group: clk
Path Type: min
Corner: Typical

Fanout     Cap    Slew   Delay    Time   Description
-----------------------------------------------------------------------------
                          0.00    0.00   clock clk (rise edge)
                          0.00    0.00   clock source latency
                  0.06    0.04    0.04 ^ clk (in)
     1    0.01                           clk (net)
                  0.06    0.00    0.04 ^ clkbuf_0_clk/A (sky130_fd_sc_hd__clkbuf_16)
                  0.04    0.12    0.16 ^ clkbuf_0_clk/X (sky130_fd_sc_hd__clkbuf_16)
     2    0.02                           clknet_0_clk (net)
                  0.04    0.00    0.16 ^ clkbuf_1_1__f_clk/A (sky130_fd_sc_hd__clkbuf_16)
                  0.03    0.11    0.27 ^ clkbuf_1_1__f_clk/X (sky130_fd_sc_hd__clkbuf_16)
     4    0.01                           clknet_1_1__leaf_clk (net)
                  0.03    0.00    0.27 ^ _57_/CLK (sky130_fd_sc_hd__dfrtp_1)
                  0.08    0.32    0.59 ^ _57_/Q (sky130_fd_sc_hd__dfrtp_1)
     2    0.01                           net9 (net)
                  0.08    0.00    0.59 ^ output9/A (sky130_fd_sc_hd__clkbuf_4)
                  0.12    0.19    0.78 ^ output9/X (sky130_fd_sc_hd__clkbuf_4)
     1    0.04                           debug_out[7] (net)
                  0.12    0.00    0.78 ^ debug_out[7] (out)
                                  0.78   data arrival time

                          0.00    0.00   clock clk (rise edge)
                          0.00    0.00   clock network delay (propagated)
                          0.25    0.25   clock uncertainty
                          0.00    0.25   clock reconvergence pessimism
                         -2.00   -1.75   output external delay
                                 -1.75   data required time
-----------------------------------------------------------------------------
                                 -1.75   data required time
                                 -0.78   data arrival time
-----------------------------------------------------------------------------
                                  2.53   slack (MET)


Startpoint: _56_ (rising edge-triggered flip-flop clocked by clk)
Endpoint: debug_out[6] (output port clocked by clk)
Path Group: clk
Path Type: min
Corner: Typical

Fanout     Cap    Slew   Delay    Time   Description
-----------------------------------------------------------------------------
                          0.00    0.00   clock clk (rise edge)
                          0.00    0.00   clock source latency
                  0.06    0.04    0.04 ^ clk (in)
     1    0.01                           clk (net)
                  0.06    0.00    0.04 ^ clkbuf_0_clk/A (sky130_fd_sc_hd__clkbuf_16)
                  0.04    0.12    0.16 ^ clkbuf_0_clk/X (sky130_fd_sc_hd__clkbuf_16)
     2    0.02                           clknet_0_clk (net)
                  0.04    0.00    0.16 ^ clkbuf_1_1__f_clk/A (sky130_fd_sc_hd__clkbuf_16)
                  0.03    0.11    0.27 ^ clkbuf_1_1__f_clk/X (sky130_fd_sc_hd__clkbuf_16)
     4    0.01                           clknet_1_1__leaf_clk (net)
                  0.03    0.00    0.27 ^ _56_/CLK (sky130_fd_sc_hd__dfrtp_1)
                  0.09    0.33    0.61 ^ _56_/Q (sky130_fd_sc_hd__dfrtp_1)
     3    0.01                           net8 (net)
                  0.09    0.00    0.61 ^ output8/A (sky130_fd_sc_hd__clkbuf_4)
                  0.11    0.19    0.80 ^ output8/X (sky130_fd_sc_hd__clkbuf_4)
     1    0.03                           debug_out[6] (net)
                  0.11    0.00    0.80 ^ debug_out[6] (out)
                                  0.80   data arrival time

                          0.00    0.00   clock clk (rise edge)
                          0.00    0.00   clock network delay (propagated)
                          0.25    0.25   clock uncertainty
                          0.00    0.25   clock reconvergence pessimism
                         -2.00   -1.75   output external delay
                                 -1.75   data required time
-----------------------------------------------------------------------------
                                 -1.75   data required time
                                 -0.80   data arrival time
-----------------------------------------------------------------------------
                                  2.55   slack (MET)


Startpoint: _53_ (rising edge-triggered flip-flop clocked by clk)
Endpoint: debug_out[3] (output port clocked by clk)
Path Group: clk
Path Type: min
Corner: Typical

Fanout     Cap    Slew   Delay    Time   Description
-----------------------------------------------------------------------------
                          0.00    0.00   clock clk (rise edge)
                          0.00    0.00   clock source latency
                  0.06    0.04    0.04 ^ clk (in)
     1    0.01                           clk (net)
                  0.06    0.00    0.04 ^ clkbuf_0_clk/A (sky130_fd_sc_hd__clkbuf_16)
                  0.04    0.12    0.16 ^ clkbuf_0_clk/X (sky130_fd_sc_hd__clkbuf_16)
     2    0.02                           clknet_0_clk (net)
                  0.04    0.00    0.16 ^ clkbuf_1_0__f_clk/A (sky130_fd_sc_hd__clkbuf_16)
                  0.03    0.11    0.27 ^ clkbuf_1_0__f_clk/X (sky130_fd_sc_hd__clkbuf_16)
     4    0.01                           clknet_1_0__leaf_clk (net)
                  0.03    0.00    0.27 ^ _53_/CLK (sky130_fd_sc_hd__dfrtp_1)
                  0.11    0.35    0.62 ^ _53_/Q (sky130_fd_sc_hd__dfrtp_1)
     3    0.01                           net5 (net)
                  0.11    0.00    0.62 ^ output5/A (sky130_fd_sc_hd__clkbuf_4)
                  0.11    0.20    0.82 ^ output5/X (sky130_fd_sc_hd__clkbuf_4)
     1    0.03                           debug_out[3] (net)
                  0.11    0.00    0.82 ^ debug_out[3] (out)
                                  0.82   data arrival time

                          0.00    0.00   clock clk (rise edge)
                          0.00    0.00   clock network delay (propagated)
                          0.25    0.25   clock uncertainty
                          0.00    0.25   clock reconvergence pessimism
                         -2.00   -1.75   output external delay
                                 -1.75   data required time
-----------------------------------------------------------------------------
                                 -1.75   data required time
                                 -0.82   data arrival time
-----------------------------------------------------------------------------
                                  2.57   slack (MET)


Startpoint: _54_ (rising edge-triggered flip-flop clocked by clk)
Endpoint: debug_out[4] (output port clocked by clk)
Path Group: clk
Path Type: min
Corner: Typical

Fanout     Cap    Slew   Delay    Time   Description
-----------------------------------------------------------------------------
                          0.00    0.00   clock clk (rise edge)
                          0.00    0.00   clock source latency
                  0.06    0.04    0.04 ^ clk (in)
     1    0.01                           clk (net)
                  0.06    0.00    0.04 ^ clkbuf_0_clk/A (sky130_fd_sc_hd__clkbuf_16)
                  0.04    0.12    0.16 ^ clkbuf_0_clk/X (sky130_fd_sc_hd__clkbuf_16)
     2    0.02                           clknet_0_clk (net)
                  0.04    0.00    0.16 ^ clkbuf_1_1__f_clk/A (sky130_fd_sc_hd__clkbuf_16)
                  0.03    0.11    0.27 ^ clkbuf_1_1__f_clk/X (sky130_fd_sc_hd__clkbuf_16)
     4    0.01                           clknet_1_1__leaf_clk (net)
                  0.03    0.00    0.27 ^ _54_/CLK (sky130_fd_sc_hd__dfrtp_1)
                  0.11    0.35    0.62 ^ _54_/Q (sky130_fd_sc_hd__dfrtp_1)
     4    0.01                           net6 (net)
                  0.11    0.00    0.62 ^ output6/A (sky130_fd_sc_hd__clkbuf_4)
                  0.11    0.20    0.82 ^ output6/X (sky130_fd_sc_hd__clkbuf_4)
     1    0.04                           debug_out[4] (net)
                  0.11    0.00    0.83 ^ debug_out[4] (out)
                                  0.83   data arrival time

                          0.00    0.00   clock clk (rise edge)
                          0.00    0.00   clock network delay (propagated)
                          0.25    0.25   clock uncertainty
                          0.00    0.25   clock reconvergence pessimism
                         -2.00   -1.75   output external delay
                                 -1.75   data required time
-----------------------------------------------------------------------------
                                 -1.75   data required time
                                 -0.83   data arrival time
-----------------------------------------------------------------------------
                                  2.58   slack (MET)


Startpoint: _52_ (rising edge-triggered flip-flop clocked by clk)
Endpoint: debug_out[2] (output port clocked by clk)
Path Group: clk
Path Type: min
Corner: Typical

Fanout     Cap    Slew   Delay    Time   Description
-----------------------------------------------------------------------------
                          0.00    0.00   clock clk (rise edge)
                          0.00    0.00   clock source latency
                  0.06    0.04    0.04 ^ clk (in)
     1    0.01                           clk (net)
                  0.06    0.00    0.04 ^ clkbuf_0_clk/A (sky130_fd_sc_hd__clkbuf_16)
                  0.04    0.12    0.16 ^ clkbuf_0_clk/X (sky130_fd_sc_hd__clkbuf_16)
     2    0.02                           clknet_0_clk (net)
                  0.04    0.00    0.16 ^ clkbuf_1_0__f_clk/A (sky130_fd_sc_hd__clkbuf_16)
                  0.03    0.11    0.27 ^ clkbuf_1_0__f_clk/X (sky130_fd_sc_hd__clkbuf_16)
     4    0.01                           clknet_1_0__leaf_clk (net)
                  0.03    0.00    0.27 ^ _52_/CLK (sky130_fd_sc_hd__dfrtp_1)
                  0.11    0.35    0.62 ^ _52_/Q (sky130_fd_sc_hd__dfrtp_1)
     4    0.01                           net4 (net)
                  0.11    0.00    0.62 ^ output4/A (sky130_fd_sc_hd__clkbuf_4)
                  0.12    0.20    0.83 ^ output4/X (sky130_fd_sc_hd__clkbuf_4)
     1    0.04                           debug_out[2] (net)
                  0.12    0.00    0.83 ^ debug_out[2] (out)
                                  0.83   data arrival time

                          0.00    0.00   clock clk (rise edge)
                          0.00    0.00   clock network delay (propagated)
                          0.25    0.25   clock uncertainty
                          0.00    0.25   clock reconvergence pessimism
                         -2.00   -1.75   output external delay
                                 -1.75   data required time
-----------------------------------------------------------------------------
                                 -1.75   data required time
                                 -0.83   data arrival time
-----------------------------------------------------------------------------
                                  2.58   slack (MET)


Startpoint: _55_ (rising edge-triggered flip-flop clocked by clk)
Endpoint: debug_out[5] (output port clocked by clk)
Path Group: clk
Path Type: min
Corner: Typical

Fanout     Cap    Slew   Delay    Time   Description
-----------------------------------------------------------------------------
                          0.00    0.00   clock clk (rise edge)
                          0.00    0.00   clock source latency
                  0.06    0.04    0.04 ^ clk (in)
     1    0.01                           clk (net)
                  0.06    0.00    0.04 ^ clkbuf_0_clk/A (sky130_fd_sc_hd__clkbuf_16)
                  0.04    0.12    0.16 ^ clkbuf_0_clk/X (sky130_fd_sc_hd__clkbuf_16)
     2    0.02                           clknet_0_clk (net)
                  0.04    0.00    0.16 ^ clkbuf_1_1__f_clk/A (sky130_fd_sc_hd__clkbuf_16)
                  0.03    0.11    0.27 ^ clkbuf_1_1__f_clk/X (sky130_fd_sc_hd__clkbuf_16)
     4    0.01                           clknet_1_1__leaf_clk (net)
                  0.03    0.00    0.27 ^ _55_/CLK (sky130_fd_sc_hd__dfrtp_1)
                  0.14    0.37    0.64 ^ _55_/Q (sky130_fd_sc_hd__dfrtp_1)
     4    0.01                           net7 (net)
                  0.14    0.00    0.64 ^ output7/A (sky130_fd_sc_hd__clkbuf_4)
                  0.11    0.21    0.85 ^ output7/X (sky130_fd_sc_hd__clkbuf_4)
     1    0.03                           debug_out[5] (net)
                  0.11    0.00    0.85 ^ debug_out[5] (out)
                                  0.85   data arrival time

                          0.00    0.00   clock clk (rise edge)
                          0.00    0.00   clock network delay (propagated)
                          0.25    0.25   clock uncertainty
                          0.00    0.25   clock reconvergence pessimism
                         -2.00   -1.75   output external delay
                                 -1.75   data required time
-----------------------------------------------------------------------------
                                 -1.75   data required time
                                 -0.85   data arrival time
-----------------------------------------------------------------------------
                                  2.60   slack (MET)


Startpoint: _51_ (rising edge-triggered flip-flop clocked by clk)
Endpoint: debug_out[1] (output port clocked by clk)
Path Group: clk
Path Type: min
Corner: Typical

Fanout     Cap    Slew   Delay    Time   Description
-----------------------------------------------------------------------------
                          0.00    0.00   clock clk (rise edge)
                          0.00    0.00   clock source latency
                  0.06    0.04    0.04 ^ clk (in)
     1    0.01                           clk (net)
                  0.06    0.00    0.04 ^ clkbuf_0_clk/A (sky130_fd_sc_hd__clkbuf_16)
                  0.04    0.12    0.16 ^ clkbuf_0_clk/X (sky130_fd_sc_hd__clkbuf_16)
     2    0.02                           clknet_0_clk (net)
                  0.04    0.00    0.16 ^ clkbuf_1_0__f_clk/A (sky130_fd_sc_hd__clkbuf_16)
                  0.03    0.11    0.27 ^ clkbuf_1_0__f_clk/X (sky130_fd_sc_hd__clkbuf_16)
     4    0.01                           clknet_1_0__leaf_clk (net)
                  0.03    0.00    0.27 ^ _51_/CLK (sky130_fd_sc_hd__dfrtp_1)
                  0.11    0.40    0.67 v _51_/Q (sky130_fd_sc_hd__dfrtp_1)
     5    0.02                           net3 (net)
                  0.11    0.00    0.68 v output3/A (sky130_fd_sc_hd__buf_2)
                  0.09    0.20    0.88 v output3/X (sky130_fd_sc_hd__buf_2)
     1    0.03                           debug_out[1] (net)
                  0.09    0.00    0.88 v debug_out[1] (out)
                                  0.88   data arrival time

                          0.00    0.00   clock clk (rise edge)
                          0.00    0.00   clock network delay (propagated)
                          0.25    0.25   clock uncertainty
                          0.00    0.25   clock reconvergence pessimism
                         -2.00   -1.75   output external delay
                                 -1.75   data required time
-----------------------------------------------------------------------------
                                 -1.75   data required time
                                 -0.88   data arrival time
-----------------------------------------------------------------------------
                                  2.63   slack (MET)


Startpoint: _50_ (rising edge-triggered flip-flop clocked by clk)
Endpoint: debug_out[0] (output port clocked by clk)
Path Group: clk
Path Type: min
Corner: Typical

Fanout     Cap    Slew   Delay    Time   Description
-----------------------------------------------------------------------------
                          0.00    0.00   clock clk (rise edge)
                          0.00    0.00   clock source latency
                  0.06    0.04    0.04 ^ clk (in)
     1    0.01                           clk (net)
                  0.06    0.00    0.04 ^ clkbuf_0_clk/A (sky130_fd_sc_hd__clkbuf_16)
                  0.04    0.12    0.16 ^ clkbuf_0_clk/X (sky130_fd_sc_hd__clkbuf_16)
     2    0.02                           clknet_0_clk (net)
                  0.04    0.00    0.16 ^ clkbuf_1_0__f_clk/A (sky130_fd_sc_hd__clkbuf_16)
                  0.03    0.11    0.27 ^ clkbuf_1_0__f_clk/X (sky130_fd_sc_hd__clkbuf_16)
     4    0.01                           clknet_1_0__leaf_clk (net)
                  0.03    0.00    0.27 ^ _50_/CLK (sky130_fd_sc_hd__dfrtp_1)
                  0.11    0.40    0.67 v _50_/Q (sky130_fd_sc_hd__dfrtp_1)
     6    0.02                           net2 (net)
                  0.11    0.00    0.67 v output2/A (sky130_fd_sc_hd__clkbuf_4)
                  0.09    0.21    0.88 v output2/X (sky130_fd_sc_hd__clkbuf_4)
     1    0.04                           debug_out[0] (net)
                  0.09    0.00    0.88 v debug_out[0] (out)
                                  0.88   data arrival time

                          0.00    0.00   clock clk (rise edge)
                          0.00    0.00   clock network delay (propagated)
                          0.25    0.25   clock uncertainty
                          0.00    0.25   clock reconvergence pessimism
                         -2.00   -1.75   output external delay
                                 -1.75   data required time
-----------------------------------------------------------------------------
                                 -1.75   data required time
                                 -0.88   data arrival time
-----------------------------------------------------------------------------
                                  2.63   slack (MET)



