
===========================================================================
report_checks -path_delay max (Setup)
============================================================================
======================= Fastest Corner ===================================

Startpoint: _51_ (rising edge-triggered flip-flop clocked by clk)
Endpoint: debug_out[1] (output port clocked by clk)
Path Group: clk
Path Type: max
Corner: Fastest

Fanout     Cap    Slew   Delay    Time   Description
-----------------------------------------------------------------------------
                          0.00    0.00   clock clk (rise edge)
                          0.00    0.00   clock source latency
                  0.04    0.03    0.03 ^ clk (in)
     1    0.01                           clk (net)
                  0.04    0.00    0.03 ^ clkbuf_0_clk/A (sky130_fd_sc_hd__clkbuf_16)
                  0.03    0.09    0.12 ^ clkbuf_0_clk/X (sky130_fd_sc_hd__clkbuf_16)
     2    0.02                           clknet_0_clk (net)
                  0.03    0.00    0.12 ^ clkbuf_1_0__f_clk/A (sky130_fd_sc_hd__clkbuf_16)
                  0.03    0.08    0.21 ^ clkbuf_1_0__f_clk/X (sky130_fd_sc_hd__clkbuf_16)
     4    0.01                           clknet_1_0__leaf_clk (net)
                  0.03    0.00    0.21 ^ _51_/CLK (sky130_fd_sc_hd__dfrtp_1)
                  0.14    0.29    0.50 ^ _51_/Q (sky130_fd_sc_hd__dfrtp_1)
     5    0.02                           net3 (net)
                  0.14    0.00    0.50 ^ output3/A (sky130_fd_sc_hd__buf_2)
                  0.13    0.17    0.67 ^ output3/X (sky130_fd_sc_hd__buf_2)
     1    0.03                           debug_out[1] (net)
                  0.13    0.00    0.67 ^ debug_out[1] (out)
                                  0.67   data arrival time

                         10.00   10.00   clock clk (rise edge)
                          0.00   10.00   clock network delay (propagated)
                         -0.25    9.75   clock uncertainty
                          0.00    9.75   clock reconvergence pessimism
                         -2.00    7.75   output external delay
                                  7.75   data required time
-----------------------------------------------------------------------------
                                  7.75   data required time
                                 -0.67   data arrival time
-----------------------------------------------------------------------------
                                  7.08   slack (MET)


Startpoint: _50_ (rising edge-triggered flip-flop clocked by clk)
Endpoint: debug_out[0] (output port clocked by clk)
Path Group: clk
Path Type: max
Corner: Fastest

Fanout     Cap    Slew   Delay    Time   Description
-----------------------------------------------------------------------------
                          0.00    0.00   clock clk (rise edge)
                          0.00    0.00   clock source latency
                  0.04    0.03    0.03 ^ clk (in)
     1    0.01                           clk (net)
                  0.04    0.00    0.03 ^ clkbuf_0_clk/A (sky130_fd_sc_hd__clkbuf_16)
                  0.03    0.09    0.12 ^ clkbuf_0_clk/X (sky130_fd_sc_hd__clkbuf_16)
     2    0.02                           clknet_0_clk (net)
                  0.03    0.00    0.12 ^ clkbuf_1_0__f_clk/A (sky130_fd_sc_hd__clkbuf_16)
                  0.03    0.08    0.21 ^ clkbuf_1_0__f_clk/X (sky130_fd_sc_hd__clkbuf_16)
     4    0.01                           clknet_1_0__leaf_clk (net)
                  0.03    0.00    0.21 ^ _50_/CLK (sky130_fd_sc_hd__dfrtp_1)
                  0.13    0.29    0.49 ^ _50_/Q (sky130_fd_sc_hd__dfrtp_1)
     6    0.02                           net2 (net)
                  0.13    0.00    0.50 ^ output2/A (sky130_fd_sc_hd__clkbuf_4)
                  0.09    0.17    0.66 ^ output2/X (sky130_fd_sc_hd__clkbuf_4)
     1    0.04                           debug_out[0] (net)
                  0.09    0.00    0.67 ^ debug_out[0] (out)
                                  0.67   data arrival time

                         10.00   10.00   clock clk (rise edge)
                          0.00   10.00   clock network delay (propagated)
                         -0.25    9.75   clock uncertainty
                          0.00    9.75   clock reconvergence pessimism
                         -2.00    7.75   output external delay
                                  7.75   data required time
-----------------------------------------------------------------------------
                                  7.75   data required time
                                 -0.67   data arrival time
-----------------------------------------------------------------------------
                                  7.08   slack (MET)


Startpoint: _55_ (rising edge-triggered flip-flop clocked by clk)
Endpoint: debug_out[5] (output port clocked by clk)
Path Group: clk
Path Type: max
Corner: Fastest

Fanout     Cap    Slew   Delay    Time   Description
-----------------------------------------------------------------------------
                          0.00    0.00   clock clk (rise edge)
                          0.00    0.00   clock source latency
                  0.04    0.03    0.03 ^ clk (in)
     1    0.01                           clk (net)
                  0.04    0.00    0.03 ^ clkbuf_0_clk/A (sky130_fd_sc_hd__clkbuf_16)
                  0.03    0.09    0.12 ^ clkbuf_0_clk/X (sky130_fd_sc_hd__clkbuf_16)
     2    0.02                           clknet_0_clk (net)
                  0.03    0.00    0.12 ^ clkbuf_1_1__f_clk/A (sky130_fd_sc_hd__clkbuf_16)
                  0.03    0.08    0.21 ^ clkbuf_1_1__f_clk/X (sky130_fd_sc_hd__clkbuf_16)
     4    0.01                           clknet_1_1__leaf_clk (net)
                  0.03    0.00    0.21 ^ _55_/CLK (sky130_fd_sc_hd__dfrtp_1)
                  0.10    0.26    0.47 ^ _55_/Q (sky130_fd_sc_hd__dfrtp_1)
     4    0.01                           net7 (net)
                  0.10    0.00    0.47 ^ output7/A (sky130_fd_sc_hd__clkbuf_4)
                  0.09    0.15    0.63 ^ output7/X (sky130_fd_sc_hd__clkbuf_4)
     1    0.03                           debug_out[5] (net)
                  0.09    0.00    0.63 ^ debug_out[5] (out)
                                  0.63   data arrival time

                         10.00   10.00   clock clk (rise edge)
                          0.00   10.00   clock network delay (propagated)
                         -0.25    9.75   clock uncertainty
                          0.00    9.75   clock reconvergence pessimism
                         -2.00    7.75   output external delay
                                  7.75   data required time
-----------------------------------------------------------------------------
                                  7.75   data required time
                                 -0.63   data arrival time
-----------------------------------------------------------------------------
                                  7.12   slack (MET)


Startpoint: _52_ (rising edge-triggered flip-flop clocked by clk)
Endpoint: debug_out[2] (output port clocked by clk)
Path Group: clk
Path Type: max
Corner: Fastest

Fanout     Cap    Slew   Delay    Time   Description
-----------------------------------------------------------------------------
                          0.00    0.00   clock clk (rise edge)
                          0.00    0.00   clock source latency
                  0.04    0.03    0.03 ^ clk (in)
     1    0.01                           clk (net)
                  0.04    0.00    0.03 ^ clkbuf_0_clk/A (sky130_fd_sc_hd__clkbuf_16)
                  0.03    0.09    0.12 ^ clkbuf_0_clk/X (sky130_fd_sc_hd__clkbuf_16)
     2    0.02                           clknet_0_clk (net)
                  0.03    0.00    0.12 ^ clkbuf_1_0__f_clk/A (sky130_fd_sc_hd__clkbuf_16)
                  0.03    0.08    0.21 ^ clkbuf_1_0__f_clk/X (sky130_fd_sc_hd__clkbuf_16)
     4    0.01                           clknet_1_0__leaf_clk (net)
                  0.03    0.00    0.21 ^ _52_/CLK (sky130_fd_sc_hd__dfrtp_1)
                  0.05    0.26    0.47 v _52_/Q (sky130_fd_sc_hd__dfrtp_1)
     4    0.01                           net4 (net)
                  0.05    0.00    0.47 v output4/A (sky130_fd_sc_hd__clkbuf_4)
                  0.06    0.14    0.61 v output4/X (sky130_fd_sc_hd__clkbuf_4)
     1    0.04                           debug_out[2] (net)
                  0.06    0.00    0.61 v debug_out[2] (out)
                                  0.61   data arrival time

                         10.00   10.00   clock clk (rise edge)
                          0.00   10.00   clock network delay (propagated)
                         -0.25    9.75   clock uncertainty
                          0.00    9.75   clock reconvergence pessimism
                         -2.00    7.75   output external delay
                                  7.75   data required time
-----------------------------------------------------------------------------
                                  7.75   data required time
                                 -0.61   data arrival time
-----------------------------------------------------------------------------
                                  7.14   slack (MET)


Startpoint: _54_ (rising edge-triggered flip-flop clocked by clk)
Endpoint: debug_out[4] (output port clocked by clk)
Path Group: clk
Path Type: max
Corner: Fastest

Fanout     Cap    Slew   Delay    Time   Description
-----------------------------------------------------------------------------
                          0.00    0.00   clock clk (rise edge)
                          0.00    0.00   clock source latency
                  0.04    0.03    0.03 ^ clk (in)
     1    0.01                           clk (net)
                  0.04    0.00    0.03 ^ clkbuf_0_clk/A (sky130_fd_sc_hd__clkbuf_16)
                  0.03    0.09    0.12 ^ clkbuf_0_clk/X (sky130_fd_sc_hd__clkbuf_16)
     2    0.02                           clknet_0_clk (net)
                  0.03    0.00    0.12 ^ clkbuf_1_1__f_clk/A (sky130_fd_sc_hd__clkbuf_16)
                  0.03    0.08    0.21 ^ clkbuf_1_1__f_clk/X (sky130_fd_sc_hd__clkbuf_16)
     4    0.01                           clknet_1_1__leaf_clk (net)
                  0.03    0.00    0.21 ^ _54_/CLK (sky130_fd_sc_hd__dfrtp_1)
                  0.05    0.26    0.47 v _54_/Q (sky130_fd_sc_hd__dfrtp_1)
     4    0.01                           net6 (net)
                  0.05    0.00    0.47 v output6/A (sky130_fd_sc_hd__clkbuf_4)
                  0.06    0.14    0.61 v output6/X (sky130_fd_sc_hd__clkbuf_4)
     1    0.04                           debug_out[4] (net)
                  0.06    0.00    0.61 v debug_out[4] (out)
                                  0.61   data arrival time

                         10.00   10.00   clock clk (rise edge)
                          0.00   10.00   clock network delay (propagated)
                         -0.25    9.75   clock uncertainty
                          0.00    9.75   clock reconvergence pessimism
                         -2.00    7.75   output external delay
                                  7.75   data required time
-----------------------------------------------------------------------------
                                  7.75   data required time
                                 -0.61   data arrival time
-----------------------------------------------------------------------------
                                  7.14   slack (MET)


Startpoint: _53_ (rising edge-triggered flip-flop clocked by clk)
Endpoint: debug_out[3] (output port clocked by clk)
Path Group: clk
Path Type: max
Corner: Fastest

Fanout     Cap    Slew   Delay    Time   Description
-----------------------------------------------------------------------------
                          0.00    0.00   clock clk (rise edge)
                          0.00    0.00   clock source latency
                  0.04    0.03    0.03 ^ clk (in)
     1    0.01                           clk (net)
                  0.04    0.00    0.03 ^ clkbuf_0_clk/A (sky130_fd_sc_hd__clkbuf_16)
                  0.03    0.09    0.12 ^ clkbuf_0_clk/X (sky130_fd_sc_hd__clkbuf_16)
     2    0.02                           clknet_0_clk (net)
                  0.03    0.00    0.12 ^ clkbuf_1_0__f_clk/A (sky130_fd_sc_hd__clkbuf_16)
                  0.03    0.08    0.21 ^ clkbuf_1_0__f_clk/X (sky130_fd_sc_hd__clkbuf_16)
     4    0.01                           clknet_1_0__leaf_clk (net)
                  0.03    0.00    0.21 ^ _53_/CLK (sky130_fd_sc_hd__dfrtp_1)
                  0.05    0.26    0.47 v _53_/Q (sky130_fd_sc_hd__dfrtp_1)
     3    0.01                           net5 (net)
                  0.05    0.00    0.47 v output5/A (sky130_fd_sc_hd__clkbuf_4)
                  0.06    0.14    0.61 v output5/X (sky130_fd_sc_hd__clkbuf_4)
     1    0.03                           debug_out[3] (net)
                  0.06    0.00    0.61 v debug_out[3] (out)
                                  0.61   data arrival time

                         10.00   10.00   clock clk (rise edge)
                          0.00   10.00   clock network delay (propagated)
                         -0.25    9.75   clock uncertainty
                          0.00    9.75   clock reconvergence pessimism
                         -2.00    7.75   output external delay
                                  7.75   data required time
-----------------------------------------------------------------------------
                                  7.75   data required time
                                 -0.61   data arrival time
-----------------------------------------------------------------------------
                                  7.14   slack (MET)


Startpoint: _56_ (rising edge-triggered flip-flop clocked by clk)
Endpoint: debug_out[6] (output port clocked by clk)
Path Group: clk
Path Type: max
Corner: Fastest

Fanout     Cap    Slew   Delay    Time   Description
-----------------------------------------------------------------------------
                          0.00    0.00   clock clk (rise edge)
                          0.00    0.00   clock source latency
                  0.04    0.03    0.03 ^ clk (in)
     1    0.01                           clk (net)
                  0.04    0.00    0.03 ^ clkbuf_0_clk/A (sky130_fd_sc_hd__clkbuf_16)
                  0.03    0.09    0.12 ^ clkbuf_0_clk/X (sky130_fd_sc_hd__clkbuf_16)
     2    0.02                           clknet_0_clk (net)
                  0.03    0.00    0.12 ^ clkbuf_1_1__f_clk/A (sky130_fd_sc_hd__clkbuf_16)
                  0.03    0.08    0.21 ^ clkbuf_1_1__f_clk/X (sky130_fd_sc_hd__clkbuf_16)
     4    0.01                           clknet_1_1__leaf_clk (net)
                  0.03    0.00    0.21 ^ _56_/CLK (sky130_fd_sc_hd__dfrtp_1)
                  0.05    0.25    0.46 v _56_/Q (sky130_fd_sc_hd__dfrtp_1)
     3    0.01                           net8 (net)
                  0.05    0.00    0.46 v output8/A (sky130_fd_sc_hd__clkbuf_4)
                  0.06    0.14    0.60 v output8/X (sky130_fd_sc_hd__clkbuf_4)
     1    0.03                           debug_out[6] (net)
                  0.06    0.00    0.60 v debug_out[6] (out)
                                  0.60   data arrival time

                         10.00   10.00   clock clk (rise edge)
                          0.00   10.00   clock network delay (propagated)
                         -0.25    9.75   clock uncertainty
                          0.00    9.75   clock reconvergence pessimism
                         -2.00    7.75   output external delay
                                  7.75   data required time
-----------------------------------------------------------------------------
                                  7.75   data required time
                                 -0.60   data arrival time
-----------------------------------------------------------------------------
                                  7.15   slack (MET)


Startpoint: _57_ (rising edge-triggered flip-flop clocked by clk)
Endpoint: debug_out[7] (output port clocked by clk)
Path Group: clk
Path Type: max
Corner: Fastest

Fanout     Cap    Slew   Delay    Time   Description
-----------------------------------------------------------------------------
                          0.00    0.00   clock clk (rise edge)
                          0.00    0.00   clock source latency
                  0.04    0.03    0.03 ^ clk (in)
     1    0.01                           clk (net)
                  0.04    0.00    0.03 ^ clkbuf_0_clk/A (sky130_fd_sc_hd__clkbuf_16)
                  0.03    0.09    0.12 ^ clkbuf_0_clk/X (sky130_fd_sc_hd__clkbuf_16)
     2    0.02                           clknet_0_clk (net)
                  0.03    0.00    0.12 ^ clkbuf_1_1__f_clk/A (sky130_fd_sc_hd__clkbuf_16)
                  0.03    0.08    0.21 ^ clkbuf_1_1__f_clk/X (sky130_fd_sc_hd__clkbuf_16)
     4    0.01                           clknet_1_1__leaf_clk (net)
                  0.03    0.00    0.21 ^ _57_/CLK (sky130_fd_sc_hd__dfrtp_1)
                  0.04    0.25    0.45 v _57_/Q (sky130_fd_sc_hd__dfrtp_1)
     2    0.01                           net9 (net)
                  0.04    0.00    0.45 v output9/A (sky130_fd_sc_hd__clkbuf_4)
                  0.06    0.13    0.59 v output9/X (sky130_fd_sc_hd__clkbuf_4)
     1    0.04                           debug_out[7] (net)
                  0.06    0.00    0.59 v debug_out[7] (out)
                                  0.59   data arrival time

                         10.00   10.00   clock clk (rise edge)
                          0.00   10.00   clock network delay (propagated)
                         -0.25    9.75   clock uncertainty
                          0.00    9.75   clock reconvergence pessimism
                         -2.00    7.75   output external delay
                                  7.75   data required time
-----------------------------------------------------------------------------
                                  7.75   data required time
                                 -0.59   data arrival time
-----------------------------------------------------------------------------
                                  7.16   slack (MET)


Startpoint: rst (input port clocked by clk)
Endpoint: _51_ (recovery check against rising-edge clock clk)
Path Group: asynchronous
Path Type: max
Corner: Fastest

Fanout     Cap    Slew   Delay    Time   Description
-----------------------------------------------------------------------------
                          0.00    0.00   clock clk (rise edge)
                          0.00    0.00   clock network delay (propagated)
                          2.00    2.00 v input external delay
                  0.01    0.00    2.00 v rst (in)
     1    0.00                           rst (net)
                  0.01    0.00    2.00 v input1/A (sky130_fd_sc_hd__clkbuf_4)
                  0.07    0.13    2.13 v input1/X (sky130_fd_sc_hd__clkbuf_4)
     8    0.04                           net1 (net)
                  0.07    0.00    2.13 v _43_/A (sky130_fd_sc_hd__inv_2)
                  0.03    0.05    2.18 ^ _43_/Y (sky130_fd_sc_hd__inv_2)
     1    0.01                           _09_ (net)
                  0.03    0.00    2.18 ^ _51_/RESET_B (sky130_fd_sc_hd__dfrtp_1)
                                  2.18   data arrival time

                         10.00   10.00   clock clk (rise edge)
                          0.00   10.00   clock source latency
                  0.04    0.03   10.03 ^ clk (in)
     1    0.01                           clk (net)
                  0.04    0.00   10.03 ^ clkbuf_0_clk/A (sky130_fd_sc_hd__clkbuf_16)
                  0.03    0.08   10.11 ^ clkbuf_0_clk/X (sky130_fd_sc_hd__clkbuf_16)
     2    0.02                           clknet_0_clk (net)
                  0.03    0.00   10.11 ^ clkbuf_1_0__f_clk/A (sky130_fd_sc_hd__clkbuf_16)
                  0.03    0.07   10.19 ^ clkbuf_1_0__f_clk/X (sky130_fd_sc_hd__clkbuf_16)
     4    0.01                           clknet_1_0__leaf_clk (net)
                  0.03    0.00   10.19 ^ _51_/CLK (sky130_fd_sc_hd__dfrtp_1)
                         -0.25    9.94   clock uncertainty
                          0.00    9.94   clock reconvergence pessimism
                          0.14   10.08   library recovery time
                                 10.08   data required time
-----------------------------------------------------------------------------
                                 10.08   data required time
                                 -2.18   data arrival time
-----------------------------------------------------------------------------
                                  7.90   slack (MET)


Startpoint: rst (input port clocked by clk)
Endpoint: _50_ (recovery check against rising-edge clock clk)
Path Group: asynchronous
Path Type: max
Corner: Fastest

Fanout     Cap    Slew   Delay    Time   Description
-----------------------------------------------------------------------------
                          0.00    0.00   clock clk (rise edge)
                          0.00    0.00   clock network delay (propagated)
                          2.00    2.00 v input external delay
                  0.01    0.00    2.00 v rst (in)
     1    0.00                           rst (net)
                  0.01    0.00    2.00 v input1/A (sky130_fd_sc_hd__clkbuf_4)
                  0.07    0.13    2.13 v input1/X (sky130_fd_sc_hd__clkbuf_4)
     8    0.04                           net1 (net)
                  0.07    0.00    2.13 v _42_/A (sky130_fd_sc_hd__inv_2)
                  0.03    0.05    2.18 ^ _42_/Y (sky130_fd_sc_hd__inv_2)
     1    0.00                           _08_ (net)
                  0.03    0.00    2.18 ^ _50_/RESET_B (sky130_fd_sc_hd__dfrtp_1)
                                  2.18   data arrival time

                         10.00   10.00   clock clk (rise edge)
                          0.00   10.00   clock source latency
                  0.04    0.03   10.03 ^ clk (in)
     1    0.01                           clk (net)
                  0.04    0.00   10.03 ^ clkbuf_0_clk/A (sky130_fd_sc_hd__clkbuf_16)
                  0.03    0.08   10.11 ^ clkbuf_0_clk/X (sky130_fd_sc_hd__clkbuf_16)
     2    0.02                           clknet_0_clk (net)
                  0.03    0.00   10.11 ^ clkbuf_1_0__f_clk/A (sky130_fd_sc_hd__clkbuf_16)
                  0.03    0.07   10.19 ^ clkbuf_1_0__f_clk/X (sky130_fd_sc_hd__clkbuf_16)
     4    0.01                           clknet_1_0__leaf_clk (net)
                  0.03    0.00   10.19 ^ _50_/CLK (sky130_fd_sc_hd__dfrtp_1)
                         -0.25    9.94   clock uncertainty
                          0.00    9.94   clock reconvergence pessimism
                          0.14   10.08   library recovery time
                                 10.08   data required time
-----------------------------------------------------------------------------
                                 10.08   data required time
                                 -2.18   data arrival time
-----------------------------------------------------------------------------
                                  7.90   slack (MET)


Startpoint: rst (input port clocked by clk)
Endpoint: _57_ (recovery check against rising-edge clock clk)
Path Group: asynchronous
Path Type: max
Corner: Fastest

Fanout     Cap    Slew   Delay    Time   Description
-----------------------------------------------------------------------------
                          0.00    0.00   clock clk (rise edge)
                          0.00    0.00   clock network delay (propagated)
                          2.00    2.00 v input external delay
                  0.01    0.00    2.00 v rst (in)
     1    0.00                           rst (net)
                  0.01    0.00    2.00 v input1/A (sky130_fd_sc_hd__clkbuf_4)
                  0.07    0.13    2.13 v input1/X (sky130_fd_sc_hd__clkbuf_4)
     8    0.04                           net1 (net)
                  0.07    0.00    2.13 v _49_/A (sky130_fd_sc_hd__inv_2)
                  0.03    0.05    2.18 ^ _49_/Y (sky130_fd_sc_hd__inv_2)
     1    0.00                           _15_ (net)
                  0.03    0.00    2.18 ^ _57_/RESET_B (sky130_fd_sc_hd__dfrtp_1)
                                  2.18   data arrival time

                         10.00   10.00   clock clk (rise edge)
                          0.00   10.00   clock source latency
                  0.04    0.03   10.03 ^ clk (in)
     1    0.01                           clk (net)
                  0.04    0.00   10.03 ^ clkbuf_0_clk/A (sky130_fd_sc_hd__clkbuf_16)
                  0.03    0.08   10.11 ^ clkbuf_0_clk/X (sky130_fd_sc_hd__clkbuf_16)
     2    0.02                           clknet_0_clk (net)
                  0.03    0.00   10.11 ^ clkbuf_1_1__f_clk/A (sky130_fd_sc_hd__clkbuf_16)
                  0.03    0.07   10.19 ^ clkbuf_1_1__f_clk/X (sky130_fd_sc_hd__clkbuf_16)
     4    0.01                           clknet_1_1__leaf_clk (net)
                  0.03    0.00   10.19 ^ _57_/CLK (sky130_fd_sc_hd__dfrtp_1)
                         -0.25    9.94   clock uncertainty
                          0.00    9.94   clock reconvergence pessimism
                          0.14   10.08   library recovery time
                                 10.08   data required time
-----------------------------------------------------------------------------
                                 10.08   data required time
                                 -2.18   data arrival time
-----------------------------------------------------------------------------
                                  7.90   slack (MET)


Startpoint: rst (input port clocked by clk)
Endpoint: _53_ (recovery check against rising-edge clock clk)
Path Group: asynchronous
Path Type: max
Corner: Fastest

Fanout     Cap    Slew   Delay    Time   Description
-----------------------------------------------------------------------------
                          0.00    0.00   clock clk (rise edge)
                          0.00    0.00   clock network delay (propagated)
                          2.00    2.00 v input external delay
                  0.01    0.00    2.00 v rst (in)
     1    0.00                           rst (net)
                  0.01    0.00    2.00 v input1/A (sky130_fd_sc_hd__clkbuf_4)
                  0.07    0.13    2.13 v input1/X (sky130_fd_sc_hd__clkbuf_4)
     8    0.04                           net1 (net)
                  0.07    0.00    2.13 v _45_/A (sky130_fd_sc_hd__inv_2)
                  0.03    0.05    2.18 ^ _45_/Y (sky130_fd_sc_hd__inv_2)
     1    0.00                           _11_ (net)
                  0.03    0.00    2.18 ^ _53_/RESET_B (sky130_fd_sc_hd__dfrtp_1)
                                  2.18   data arrival time

                         10.00   10.00   clock clk (rise edge)
                          0.00   10.00   clock source latency
                  0.04    0.03   10.03 ^ clk (in)
     1    0.01                           clk (net)
                  0.04    0.00   10.03 ^ clkbuf_0_clk/A (sky130_fd_sc_hd__clkbuf_16)
                  0.03    0.08   10.11 ^ clkbuf_0_clk/X (sky130_fd_sc_hd__clkbuf_16)
     2    0.02                           clknet_0_clk (net)
                  0.03    0.00   10.11 ^ clkbuf_1_0__f_clk/A (sky130_fd_sc_hd__clkbuf_16)
                  0.03    0.07   10.19 ^ clkbuf_1_0__f_clk/X (sky130_fd_sc_hd__clkbuf_16)
     4    0.01                           clknet_1_0__leaf_clk (net)
                  0.03    0.00   10.19 ^ _53_/CLK (sky130_fd_sc_hd__dfrtp_1)
                         -0.25    9.94   clock uncertainty
                          0.00    9.94   clock reconvergence pessimism
                          0.14   10.08   library recovery time
                                 10.08   data required time
-----------------------------------------------------------------------------
                                 10.08   data required time
                                 -2.18   data arrival time
-----------------------------------------------------------------------------
                                  7.90   slack (MET)


Startpoint: rst (input port clocked by clk)
Endpoint: _52_ (recovery check against rising-edge clock clk)
Path Group: asynchronous
Path Type: max
Corner: Fastest

Fanout     Cap    Slew   Delay    Time   Description
-----------------------------------------------------------------------------
                          0.00    0.00   clock clk (rise edge)
                          0.00    0.00   clock network delay (propagated)
                          2.00    2.00 v input external delay
                  0.01    0.00    2.00 v rst (in)
     1    0.00                           rst (net)
                  0.01    0.00    2.00 v input1/A (sky130_fd_sc_hd__clkbuf_4)
                  0.07    0.13    2.13 v input1/X (sky130_fd_sc_hd__clkbuf_4)
     8    0.04                           net1 (net)
                  0.07    0.00    2.13 v _44_/A (sky130_fd_sc_hd__inv_2)
                  0.03    0.05    2.18 ^ _44_/Y (sky130_fd_sc_hd__inv_2)
     1    0.00                           _10_ (net)
                  0.03    0.00    2.18 ^ _52_/RESET_B (sky130_fd_sc_hd__dfrtp_1)
                                  2.18   data arrival time

                         10.00   10.00   clock clk (rise edge)
                          0.00   10.00   clock source latency
                  0.04    0.03   10.03 ^ clk (in)
     1    0.01                           clk (net)
                  0.04    0.00   10.03 ^ clkbuf_0_clk/A (sky130_fd_sc_hd__clkbuf_16)
                  0.03    0.08   10.11 ^ clkbuf_0_clk/X (sky130_fd_sc_hd__clkbuf_16)
     2    0.02                           clknet_0_clk (net)
                  0.03    0.00   10.11 ^ clkbuf_1_0__f_clk/A (sky130_fd_sc_hd__clkbuf_16)
                  0.03    0.07   10.19 ^ clkbuf_1_0__f_clk/X (sky130_fd_sc_hd__clkbuf_16)
     4    0.01                           clknet_1_0__leaf_clk (net)
                  0.03    0.00   10.19 ^ _52_/CLK (sky130_fd_sc_hd__dfrtp_1)
                         -0.25    9.94   clock uncertainty
                          0.00    9.94   clock reconvergence pessimism
                          0.14   10.08   library recovery time
                                 10.08   data required time
-----------------------------------------------------------------------------
                                 10.08   data required time
                                 -2.18   data arrival time
-----------------------------------------------------------------------------
                                  7.90   slack (MET)


Startpoint: rst (input port clocked by clk)
Endpoint: _56_ (recovery check against rising-edge clock clk)
Path Group: asynchronous
Path Type: max
Corner: Fastest

Fanout     Cap    Slew   Delay    Time   Description
-----------------------------------------------------------------------------
                          0.00    0.00   clock clk (rise edge)
                          0.00    0.00   clock network delay (propagated)
                          2.00    2.00 v input external delay
                  0.01    0.00    2.00 v rst (in)
     1    0.00                           rst (net)
                  0.01    0.00    2.00 v input1/A (sky130_fd_sc_hd__clkbuf_4)
                  0.07    0.13    2.13 v input1/X (sky130_fd_sc_hd__clkbuf_4)
     8    0.04                           net1 (net)
                  0.07    0.00    2.13 v _48_/A (sky130_fd_sc_hd__inv_2)
                  0.03    0.05    2.18 ^ _48_/Y (sky130_fd_sc_hd__inv_2)
     1    0.00                           _14_ (net)
                  0.03    0.00    2.18 ^ _56_/RESET_B (sky130_fd_sc_hd__dfrtp_1)
                                  2.18   data arrival time

                         10.00   10.00   clock clk (rise edge)
                          0.00   10.00   clock source latency
                  0.04    0.03   10.03 ^ clk (in)
     1    0.01                           clk (net)
                  0.04    0.00   10.03 ^ clkbuf_0_clk/A (sky130_fd_sc_hd__clkbuf_16)
                  0.03    0.08   10.11 ^ clkbuf_0_clk/X (sky130_fd_sc_hd__clkbuf_16)
     2    0.02                           clknet_0_clk (net)
                  0.03    0.00   10.11 ^ clkbuf_1_1__f_clk/A (sky130_fd_sc_hd__clkbuf_16)
                  0.03    0.07   10.19 ^ clkbuf_1_1__f_clk/X (sky130_fd_sc_hd__clkbuf_16)
     4    0.01                           clknet_1_1__leaf_clk (net)
                  0.03    0.00   10.19 ^ _56_/CLK (sky130_fd_sc_hd__dfrtp_1)
                         -0.25    9.94   clock uncertainty
                          0.00    9.94   clock reconvergence pessimism
                          0.14   10.08   library recovery time
                                 10.08   data required time
-----------------------------------------------------------------------------
                                 10.08   data required time
                                 -2.18   data arrival time
-----------------------------------------------------------------------------
                                  7.90   slack (MET)


Startpoint: rst (input port clocked by clk)
Endpoint: _54_ (recovery check against rising-edge clock clk)
Path Group: asynchronous
Path Type: max
Corner: Fastest

Fanout     Cap    Slew   Delay    Time   Description
-----------------------------------------------------------------------------
                          0.00    0.00   clock clk (rise edge)
                          0.00    0.00   clock network delay (propagated)
                          2.00    2.00 v input external delay
                  0.01    0.00    2.00 v rst (in)
     1    0.00                           rst (net)
                  0.01    0.00    2.00 v input1/A (sky130_fd_sc_hd__clkbuf_4)
                  0.07    0.13    2.13 v input1/X (sky130_fd_sc_hd__clkbuf_4)
     8    0.04                           net1 (net)
                  0.07    0.00    2.13 v _46_/A (sky130_fd_sc_hd__inv_2)
                  0.03    0.05    2.18 ^ _46_/Y (sky130_fd_sc_hd__inv_2)
     1    0.00                           _12_ (net)
                  0.03    0.00    2.18 ^ _54_/RESET_B (sky130_fd_sc_hd__dfrtp_1)
                                  2.18   data arrival time

                         10.00   10.00   clock clk (rise edge)
                          0.00   10.00   clock source latency
                  0.04    0.03   10.03 ^ clk (in)
     1    0.01                           clk (net)
                  0.04    0.00   10.03 ^ clkbuf_0_clk/A (sky130_fd_sc_hd__clkbuf_16)
                  0.03    0.08   10.11 ^ clkbuf_0_clk/X (sky130_fd_sc_hd__clkbuf_16)
     2    0.02                           clknet_0_clk (net)
                  0.03    0.00   10.11 ^ clkbuf_1_1__f_clk/A (sky130_fd_sc_hd__clkbuf_16)
                  0.03    0.07   10.19 ^ clkbuf_1_1__f_clk/X (sky130_fd_sc_hd__clkbuf_16)
     4    0.01                           clknet_1_1__leaf_clk (net)
                  0.03    0.00   10.19 ^ _54_/CLK (sky130_fd_sc_hd__dfrtp_1)
                         -0.25    9.94   clock uncertainty
                          0.00    9.94   clock reconvergence pessimism
                          0.14   10.08   library recovery time
                                 10.08   data required time
-----------------------------------------------------------------------------
                                 10.08   data required time
                                 -2.18   data arrival time
-----------------------------------------------------------------------------
                                  7.90   slack (MET)


Startpoint: rst (input port clocked by clk)
Endpoint: _55_ (recovery check against rising-edge clock clk)
Path Group: asynchronous
Path Type: max
Corner: Fastest

Fanout     Cap    Slew   Delay    Time   Description
-----------------------------------------------------------------------------
                          0.00    0.00   clock clk (rise edge)
                          0.00    0.00   clock network delay (propagated)
                          2.00    2.00 v input external delay
                  0.01    0.00    2.00 v rst (in)
     1    0.00                           rst (net)
                  0.01    0.00    2.00 v input1/A (sky130_fd_sc_hd__clkbuf_4)
                  0.07    0.13    2.13 v input1/X (sky130_fd_sc_hd__clkbuf_4)
     8    0.04                           net1 (net)
                  0.07    0.00    2.13 v _47_/A (sky130_fd_sc_hd__inv_2)
                  0.03    0.05    2.18 ^ _47_/Y (sky130_fd_sc_hd__inv_2)
     1    0.00                           _13_ (net)
                  0.03    0.00    2.18 ^ _55_/RESET_B (sky130_fd_sc_hd__dfrtp_1)
                                  2.18   data arrival time

                         10.00   10.00   clock clk (rise edge)
                          0.00   10.00   clock source latency
                  0.04    0.03   10.03 ^ clk (in)
     1    0.01                           clk (net)
                  0.04    0.00   10.03 ^ clkbuf_0_clk/A (sky130_fd_sc_hd__clkbuf_16)
                  0.03    0.08   10.11 ^ clkbuf_0_clk/X (sky130_fd_sc_hd__clkbuf_16)
     2    0.02                           clknet_0_clk (net)
                  0.03    0.00   10.11 ^ clkbuf_1_1__f_clk/A (sky130_fd_sc_hd__clkbuf_16)
                  0.03    0.07   10.19 ^ clkbuf_1_1__f_clk/X (sky130_fd_sc_hd__clkbuf_16)
     4    0.01                           clknet_1_1__leaf_clk (net)
                  0.03    0.00   10.19 ^ _55_/CLK (sky130_fd_sc_hd__dfrtp_1)
                         -0.25    9.94   clock uncertainty
                          0.00    9.94   clock reconvergence pessimism
                          0.14   10.08   library recovery time
                                 10.08   data required time
-----------------------------------------------------------------------------
                                 10.08   data required time
                                 -2.18   data arrival time
-----------------------------------------------------------------------------
                                  7.90   slack (MET)


Startpoint: _54_ (rising edge-triggered flip-flop clocked by clk)
Endpoint: _55_ (rising edge-triggered flip-flop clocked by clk)
Path Group: clk
Path Type: max
Corner: Fastest

Fanout     Cap    Slew   Delay    Time   Description
-----------------------------------------------------------------------------
                          0.00    0.00   clock clk (rise edge)
                          0.00    0.00   clock source latency
                  0.04    0.03    0.03 ^ clk (in)
     1    0.01                           clk (net)
                  0.04    0.00    0.03 ^ clkbuf_0_clk/A (sky130_fd_sc_hd__clkbuf_16)
                  0.03    0.09    0.12 ^ clkbuf_0_clk/X (sky130_fd_sc_hd__clkbuf_16)
     2    0.02                           clknet_0_clk (net)
                  0.03    0.00    0.12 ^ clkbuf_1_1__f_clk/A (sky130_fd_sc_hd__clkbuf_16)
                  0.03    0.08    0.21 ^ clkbuf_1_1__f_clk/X (sky130_fd_sc_hd__clkbuf_16)
     4    0.01                           clknet_1_1__leaf_clk (net)
                  0.03    0.00    0.21 ^ _54_/CLK (sky130_fd_sc_hd__dfrtp_1)
                  0.05    0.26    0.47 v _54_/Q (sky130_fd_sc_hd__dfrtp_1)
     4    0.01                           net6 (net)
                  0.05    0.00    0.47 v hold5/A (sky130_fd_sc_hd__dlygate4sd3_1)
                  0.05    0.41    0.88 v hold5/X (sky130_fd_sc_hd__dlygate4sd3_1)
     2    0.01                           net14 (net)
                  0.05    0.00    0.88 v _37_/A1 (sky130_fd_sc_hd__a21oi_1)
                  0.09    0.10    0.98 ^ _37_/Y (sky130_fd_sc_hd__a21oi_1)
     1    0.00                           _23_ (net)
                  0.09    0.00    0.98 ^ _38_/B (sky130_fd_sc_hd__nor2_1)
                  0.03    0.03    1.02 v _38_/Y (sky130_fd_sc_hd__nor2_1)
     1    0.00                           _05_ (net)
                  0.03    0.00    1.02 v _55_/D (sky130_fd_sc_hd__dfrtp_1)
                                  1.02   data arrival time

                         10.00   10.00   clock clk (rise edge)
                          0.00   10.00   clock source latency
                  0.04    0.03   10.03 ^ clk (in)
     1    0.01                           clk (net)
                  0.04    0.00   10.03 ^ clkbuf_0_clk/A (sky130_fd_sc_hd__clkbuf_16)
                  0.03    0.08   10.11 ^ clkbuf_0_clk/X (sky130_fd_sc_hd__clkbuf_16)
     2    0.02                           clknet_0_clk (net)
                  0.03    0.00   10.11 ^ clkbuf_1_1__f_clk/A (sky130_fd_sc_hd__clkbuf_16)
                  0.03    0.07   10.19 ^ clkbuf_1_1__f_clk/X (sky130_fd_sc_hd__clkbuf_16)
     4    0.01                           clknet_1_1__leaf_clk (net)
                  0.03    0.00   10.19 ^ _55_/CLK (sky130_fd_sc_hd__dfrtp_1)
                         -0.25    9.94   clock uncertainty
                          0.02    9.96   clock reconvergence pessimism
                         -0.07    9.88   library setup time
                                  9.88   data required time
-----------------------------------------------------------------------------
                                  9.88   data required time
                                 -1.02   data arrival time
-----------------------------------------------------------------------------
                                  8.87   slack (MET)


Startpoint: _54_ (rising edge-triggered flip-flop clocked by clk)
Endpoint: _54_ (rising edge-triggered flip-flop clocked by clk)
Path Group: clk
Path Type: max
Corner: Fastest

Fanout     Cap    Slew   Delay    Time   Description
-----------------------------------------------------------------------------
                          0.00    0.00   clock clk (rise edge)
                          0.00    0.00   clock source latency
                  0.04    0.03    0.03 ^ clk (in)
     1    0.01                           clk (net)
                  0.04    0.00    0.03 ^ clkbuf_0_clk/A (sky130_fd_sc_hd__clkbuf_16)
                  0.03    0.09    0.12 ^ clkbuf_0_clk/X (sky130_fd_sc_hd__clkbuf_16)
     2    0.02                           clknet_0_clk (net)
                  0.03    0.00    0.12 ^ clkbuf_1_1__f_clk/A (sky130_fd_sc_hd__clkbuf_16)
                  0.03    0.08    0.21 ^ clkbuf_1_1__f_clk/X (sky130_fd_sc_hd__clkbuf_16)
     4    0.01                           clknet_1_1__leaf_clk (net)
                  0.03    0.00    0.21 ^ _54_/CLK (sky130_fd_sc_hd__dfrtp_1)
                  0.05    0.26    0.47 v _54_/Q (sky130_fd_sc_hd__dfrtp_1)
     4    0.01                           net6 (net)
                  0.05    0.00    0.47 v hold5/A (sky130_fd_sc_hd__dlygate4sd3_1)
                  0.05    0.41    0.88 v hold5/X (sky130_fd_sc_hd__dlygate4sd3_1)
     2    0.01                           net14 (net)
                  0.05    0.00    0.88 v _35_/A (sky130_fd_sc_hd__xor2_1)
                  0.04    0.11    0.99 v _35_/X (sky130_fd_sc_hd__xor2_1)
     1    0.00                           _04_ (net)
                  0.04    0.00    0.99 v _54_/D (sky130_fd_sc_hd__dfrtp_1)
                                  0.99   data arrival time

                         10.00   10.00   clock clk (rise edge)
                          0.00   10.00   clock source latency
                  0.04    0.03   10.03 ^ clk (in)
     1    0.01                           clk (net)
                  0.04    0.00   10.03 ^ clkbuf_0_clk/A (sky130_fd_sc_hd__clkbuf_16)
                  0.03    0.08   10.11 ^ clkbuf_0_clk/X (sky130_fd_sc_hd__clkbuf_16)
     2    0.02                           clknet_0_clk (net)
                  0.03    0.00   10.11 ^ clkbuf_1_1__f_clk/A (sky130_fd_sc_hd__clkbuf_16)
                  0.03    0.07   10.19 ^ clkbuf_1_1__f_clk/X (sky130_fd_sc_hd__clkbuf_16)
     4    0.01                           clknet_1_1__leaf_clk (net)
                  0.03    0.00   10.19 ^ _54_/CLK (sky130_fd_sc_hd__dfrtp_1)
                         -0.25    9.94   clock uncertainty
                          0.02    9.96   clock reconvergence pessimism
                         -0.07    9.88   library setup time
                                  9.88   data required time
-----------------------------------------------------------------------------
                                  9.88   data required time
                                 -0.99   data arrival time
-----------------------------------------------------------------------------
                                  8.89   slack (MET)


Startpoint: _56_ (rising edge-triggered flip-flop clocked by clk)
Endpoint: _56_ (rising edge-triggered flip-flop clocked by clk)
Path Group: clk
Path Type: max
Corner: Fastest

Fanout     Cap    Slew   Delay    Time   Description
-----------------------------------------------------------------------------
                          0.00    0.00   clock clk (rise edge)
                          0.00    0.00   clock source latency
                  0.04    0.03    0.03 ^ clk (in)
     1    0.01                           clk (net)
                  0.04    0.00    0.03 ^ clkbuf_0_clk/A (sky130_fd_sc_hd__clkbuf_16)
                  0.03    0.09    0.12 ^ clkbuf_0_clk/X (sky130_fd_sc_hd__clkbuf_16)
     2    0.02                           clknet_0_clk (net)
                  0.03    0.00    0.12 ^ clkbuf_1_1__f_clk/A (sky130_fd_sc_hd__clkbuf_16)
                  0.03    0.08    0.21 ^ clkbuf_1_1__f_clk/X (sky130_fd_sc_hd__clkbuf_16)
     4    0.01                           clknet_1_1__leaf_clk (net)
                  0.03    0.00    0.21 ^ _56_/CLK (sky130_fd_sc_hd__dfrtp_1)
                  0.05    0.25    0.46 v _56_/Q (sky130_fd_sc_hd__dfrtp_1)
     3    0.01                           net8 (net)
                  0.05    0.00    0.46 v hold3/A (sky130_fd_sc_hd__dlygate4sd3_1)
                  0.05    0.40    0.86 v hold3/X (sky130_fd_sc_hd__dlygate4sd3_1)
     1    0.01                           net12 (net)
                  0.05    0.00    0.86 v _39_/A (sky130_fd_sc_hd__xor2_1)
                  0.04    0.11    0.97 v _39_/X (sky130_fd_sc_hd__xor2_1)
     1    0.00                           _06_ (net)
                  0.04    0.00    0.97 v _56_/D (sky130_fd_sc_hd__dfrtp_1)
                                  0.97   data arrival time

                         10.00   10.00   clock clk (rise edge)
                          0.00   10.00   clock source latency
                  0.04    0.03   10.03 ^ clk (in)
     1    0.01                           clk (net)
                  0.04    0.00   10.03 ^ clkbuf_0_clk/A (sky130_fd_sc_hd__clkbuf_16)
                  0.03    0.08   10.11 ^ clkbuf_0_clk/X (sky130_fd_sc_hd__clkbuf_16)
     2    0.02                           clknet_0_clk (net)
                  0.03    0.00   10.11 ^ clkbuf_1_1__f_clk/A (sky130_fd_sc_hd__clkbuf_16)
                  0.03    0.07   10.19 ^ clkbuf_1_1__f_clk/X (sky130_fd_sc_hd__clkbuf_16)
     4    0.01                           clknet_1_1__leaf_clk (net)
                  0.03    0.00   10.19 ^ _56_/CLK (sky130_fd_sc_hd__dfrtp_1)
                         -0.25    9.94   clock uncertainty
                          0.02    9.96   clock reconvergence pessimism
                         -0.07    9.88   library setup time
                                  9.88   data required time
-----------------------------------------------------------------------------
                                  9.88   data required time
                                 -0.97   data arrival time
-----------------------------------------------------------------------------
                                  8.91   slack (MET)


Startpoint: _52_ (rising edge-triggered flip-flop clocked by clk)
Endpoint: _52_ (rising edge-triggered flip-flop clocked by clk)
Path Group: clk
Path Type: max
Corner: Fastest

Fanout     Cap    Slew   Delay    Time   Description
-----------------------------------------------------------------------------
                          0.00    0.00   clock clk (rise edge)
                          0.00    0.00   clock source latency
                  0.04    0.03    0.03 ^ clk (in)
     1    0.01                           clk (net)
                  0.04    0.00    0.03 ^ clkbuf_0_clk/A (sky130_fd_sc_hd__clkbuf_16)
                  0.03    0.09    0.12 ^ clkbuf_0_clk/X (sky130_fd_sc_hd__clkbuf_16)
     2    0.02                           clknet_0_clk (net)
                  0.03    0.00    0.12 ^ clkbuf_1_0__f_clk/A (sky130_fd_sc_hd__clkbuf_16)
                  0.03    0.08    0.21 ^ clkbuf_1_0__f_clk/X (sky130_fd_sc_hd__clkbuf_16)
     4    0.01                           clknet_1_0__leaf_clk (net)
                  0.03    0.00    0.21 ^ _52_/CLK (sky130_fd_sc_hd__dfrtp_1)
                  0.05    0.26    0.47 v _52_/Q (sky130_fd_sc_hd__dfrtp_1)
     4    0.01                           net4 (net)
                  0.05    0.00    0.47 v hold4/A (sky130_fd_sc_hd__dlygate4sd3_1)
                  0.05    0.40    0.87 v hold4/X (sky130_fd_sc_hd__dlygate4sd3_1)
     1    0.01                           net13 (net)
                  0.05    0.00    0.87 v _30_/A (sky130_fd_sc_hd__xnor2_1)
                  0.03    0.09    0.96 v _30_/Y (sky130_fd_sc_hd__xnor2_1)
     1    0.00                           _02_ (net)
                  0.03    0.00    0.96 v _52_/D (sky130_fd_sc_hd__dfrtp_1)
                                  0.96   data arrival time

                         10.00   10.00   clock clk (rise edge)
                          0.00   10.00   clock source latency
                  0.04    0.03   10.03 ^ clk (in)
     1    0.01                           clk (net)
                  0.04    0.00   10.03 ^ clkbuf_0_clk/A (sky130_fd_sc_hd__clkbuf_16)
                  0.03    0.08   10.11 ^ clkbuf_0_clk/X (sky130_fd_sc_hd__clkbuf_16)
     2    0.02                           clknet_0_clk (net)
                  0.03    0.00   10.11 ^ clkbuf_1_0__f_clk/A (sky130_fd_sc_hd__clkbuf_16)
                  0.03    0.07   10.19 ^ clkbuf_1_0__f_clk/X (sky130_fd_sc_hd__clkbuf_16)
     4    0.01                           clknet_1_0__leaf_clk (net)
                  0.03    0.00   10.19 ^ _52_/CLK (sky130_fd_sc_hd__dfrtp_1)
                         -0.25    9.94   clock uncertainty
                          0.02    9.96   clock reconvergence pessimism
                         -0.07    9.89   library setup time
                                  9.89   data required time
-----------------------------------------------------------------------------
                                  9.89   data required time
                                 -0.96   data arrival time
-----------------------------------------------------------------------------
                                  8.93   slack (MET)


Startpoint: _57_ (rising edge-triggered flip-flop clocked by clk)
Endpoint: _57_ (rising edge-triggered flip-flop clocked by clk)
Path Group: clk
Path Type: max
Corner: Fastest

Fanout     Cap    Slew   Delay    Time   Description
-----------------------------------------------------------------------------
                          0.00    0.00   clock clk (rise edge)
                          0.00    0.00   clock source latency
                  0.04    0.03    0.03 ^ clk (in)
     1    0.01                           clk (net)
                  0.04    0.00    0.03 ^ clkbuf_0_clk/A (sky130_fd_sc_hd__clkbuf_16)
                  0.03    0.09    0.12 ^ clkbuf_0_clk/X (sky130_fd_sc_hd__clkbuf_16)
     2    0.02                           clknet_0_clk (net)
                  0.03    0.00    0.12 ^ clkbuf_1_1__f_clk/A (sky130_fd_sc_hd__clkbuf_16)
                  0.03    0.08    0.21 ^ clkbuf_1_1__f_clk/X (sky130_fd_sc_hd__clkbuf_16)
     4    0.01                           clknet_1_1__leaf_clk (net)
                  0.03    0.00    0.21 ^ _57_/CLK (sky130_fd_sc_hd__dfrtp_1)
                  0.04    0.25    0.45 v _57_/Q (sky130_fd_sc_hd__dfrtp_1)
     2    0.01                           net9 (net)
                  0.04    0.00    0.45 v hold2/A (sky130_fd_sc_hd__dlygate4sd3_1)
                  0.05    0.39    0.84 v hold2/X (sky130_fd_sc_hd__dlygate4sd3_1)
     1    0.00                           net11 (net)
                  0.05    0.00    0.85 v _41_/A (sky130_fd_sc_hd__xor2_1)
                  0.03    0.11    0.95 v _41_/X (sky130_fd_sc_hd__xor2_1)
     1    0.00                           _07_ (net)
                  0.03    0.00    0.95 v _57_/D (sky130_fd_sc_hd__dfrtp_1)
                                  0.95   data arrival time

                         10.00   10.00   clock clk (rise edge)
                          0.00   10.00   clock source latency
                  0.04    0.03   10.03 ^ clk (in)
     1    0.01                           clk (net)
                  0.04    0.00   10.03 ^ clkbuf_0_clk/A (sky130_fd_sc_hd__clkbuf_16)
                  0.03    0.08   10.11 ^ clkbuf_0_clk/X (sky130_fd_sc_hd__clkbuf_16)
     2    0.02                           clknet_0_clk (net)
                  0.03    0.00   10.11 ^ clkbuf_1_1__f_clk/A (sky130_fd_sc_hd__clkbuf_16)
                  0.03    0.07   10.19 ^ clkbuf_1_1__f_clk/X (sky130_fd_sc_hd__clkbuf_16)
     4    0.01                           clknet_1_1__leaf_clk (net)
                  0.03    0.00   10.19 ^ _57_/CLK (sky130_fd_sc_hd__dfrtp_1)
                         -0.25    9.94   clock uncertainty
                          0.02    9.96   clock reconvergence pessimism
                         -0.07    9.88   library setup time
                                  9.88   data required time
-----------------------------------------------------------------------------
                                  9.88   data required time
                                 -0.95   data arrival time
-----------------------------------------------------------------------------
                                  8.93   slack (MET)


Startpoint: _50_ (rising edge-triggered flip-flop clocked by clk)
Endpoint: _50_ (rising edge-triggered flip-flop clocked by clk)
Path Group: clk
Path Type: max
Corner: Fastest

Fanout     Cap    Slew   Delay    Time   Description
-----------------------------------------------------------------------------
                          0.00    0.00   clock clk (rise edge)
                          0.00    0.00   clock source latency
                  0.04    0.03    0.03 ^ clk (in)
     1    0.01                           clk (net)
                  0.04    0.00    0.03 ^ clkbuf_0_clk/A (sky130_fd_sc_hd__clkbuf_16)
                  0.03    0.09    0.12 ^ clkbuf_0_clk/X (sky130_fd_sc_hd__clkbuf_16)
     2    0.02                           clknet_0_clk (net)
                  0.03    0.00    0.12 ^ clkbuf_1_0__f_clk/A (sky130_fd_sc_hd__clkbuf_16)
                  0.03    0.08    0.21 ^ clkbuf_1_0__f_clk/X (sky130_fd_sc_hd__clkbuf_16)
     4    0.01                           clknet_1_0__leaf_clk (net)
                  0.03    0.00    0.21 ^ _50_/CLK (sky130_fd_sc_hd__dfrtp_1)
                  0.13    0.29    0.49 ^ _50_/Q (sky130_fd_sc_hd__dfrtp_1)
     6    0.02                           net2 (net)
                  0.13    0.00    0.50 ^ hold1/A (sky130_fd_sc_hd__dlygate4sd3_1)
                  0.05    0.42    0.92 ^ hold1/X (sky130_fd_sc_hd__dlygate4sd3_1)
     1    0.01                           net10 (net)
                  0.05    0.00    0.92 ^ _25_/A (sky130_fd_sc_hd__inv_2)
                  0.01    0.02    0.93 v _25_/Y (sky130_fd_sc_hd__inv_2)
     1    0.00                           _00_ (net)
                  0.01    0.00    0.93 v _50_/D (sky130_fd_sc_hd__dfrtp_1)
                                  0.93   data arrival time

                         10.00   10.00   clock clk (rise edge)
                          0.00   10.00   clock source latency
                  0.04    0.03   10.03 ^ clk (in)
     1    0.01                           clk (net)
                  0.04    0.00   10.03 ^ clkbuf_0_clk/A (sky130_fd_sc_hd__clkbuf_16)
                  0.03    0.08   10.11 ^ clkbuf_0_clk/X (sky130_fd_sc_hd__clkbuf_16)
     2    0.02                           clknet_0_clk (net)
                  0.03    0.00   10.11 ^ clkbuf_1_0__f_clk/A (sky130_fd_sc_hd__clkbuf_16)
                  0.03    0.07   10.19 ^ clkbuf_1_0__f_clk/X (sky130_fd_sc_hd__clkbuf_16)
     4    0.01                           clknet_1_0__leaf_clk (net)
                  0.03    0.00   10.19 ^ _50_/CLK (sky130_fd_sc_hd__dfrtp_1)
                         -0.25    9.94   clock uncertainty
                          0.02    9.96   clock reconvergence pessimism
                         -0.07    9.89   library setup time
                                  9.89   data required time
-----------------------------------------------------------------------------
                                  9.89   data required time
                                 -0.93   data arrival time
-----------------------------------------------------------------------------
                                  8.96   slack (MET)


Startpoint: _51_ (rising edge-triggered flip-flop clocked by clk)
Endpoint: _53_ (rising edge-triggered flip-flop clocked by clk)
Path Group: clk
Path Type: max
Corner: Fastest

Fanout     Cap    Slew   Delay    Time   Description
-----------------------------------------------------------------------------
                          0.00    0.00   clock clk (rise edge)
                          0.00    0.00   clock source latency
                  0.04    0.03    0.03 ^ clk (in)
     1    0.01                           clk (net)
                  0.04    0.00    0.03 ^ clkbuf_0_clk/A (sky130_fd_sc_hd__clkbuf_16)
                  0.03    0.09    0.12 ^ clkbuf_0_clk/X (sky130_fd_sc_hd__clkbuf_16)
     2    0.02                           clknet_0_clk (net)
                  0.03    0.00    0.12 ^ clkbuf_1_0__f_clk/A (sky130_fd_sc_hd__clkbuf_16)
                  0.03    0.08    0.21 ^ clkbuf_1_0__f_clk/X (sky130_fd_sc_hd__clkbuf_16)
     4    0.01                           clknet_1_0__leaf_clk (net)
                  0.03    0.00    0.21 ^ _51_/CLK (sky130_fd_sc_hd__dfrtp_1)
                  0.14    0.29    0.50 ^ _51_/Q (sky130_fd_sc_hd__dfrtp_1)
     5    0.02                           net3 (net)
                  0.14    0.00    0.50 ^ _31_/B (sky130_fd_sc_hd__and4_2)
                  0.09    0.20    0.70 ^ _31_/X (sky130_fd_sc_hd__and4_2)
     5    0.02                           _19_ (net)
                  0.09    0.00    0.70 ^ _33_/A_N (sky130_fd_sc_hd__and2b_1)
                  0.03    0.12    0.82 v _33_/X (sky130_fd_sc_hd__and2b_1)
     1    0.00                           _21_ (net)
                  0.03    0.00    0.82 v _34_/A (sky130_fd_sc_hd__clkbuf_1)
                  0.02    0.06    0.88 v _34_/X (sky130_fd_sc_hd__clkbuf_1)
     1    0.00                           _03_ (net)
                  0.02    0.00    0.88 v _53_/D (sky130_fd_sc_hd__dfrtp_1)
                                  0.88   data arrival time

                         10.00   10.00   clock clk (rise edge)
                          0.00   10.00   clock source latency
                  0.04    0.03   10.03 ^ clk (in)
     1    0.01                           clk (net)
                  0.04    0.00   10.03 ^ clkbuf_0_clk/A (sky130_fd_sc_hd__clkbuf_16)
                  0.03    0.08   10.11 ^ clkbuf_0_clk/X (sky130_fd_sc_hd__clkbuf_16)
     2    0.02                           clknet_0_clk (net)
                  0.03    0.00   10.11 ^ clkbuf_1_0__f_clk/A (sky130_fd_sc_hd__clkbuf_16)
                  0.03    0.07   10.19 ^ clkbuf_1_0__f_clk/X (sky130_fd_sc_hd__clkbuf_16)
     4    0.01                           clknet_1_0__leaf_clk (net)
                  0.03    0.00   10.19 ^ _53_/CLK (sky130_fd_sc_hd__dfrtp_1)
                         -0.25    9.94   clock uncertainty
                          0.02    9.96   clock reconvergence pessimism
                         -0.07    9.89   library setup time
                                  9.89   data required time
-----------------------------------------------------------------------------
                                  9.89   data required time
                                 -0.88   data arrival time
-----------------------------------------------------------------------------
                                  9.01   slack (MET)


Startpoint: _50_ (rising edge-triggered flip-flop clocked by clk)
Endpoint: _51_ (rising edge-triggered flip-flop clocked by clk)
Path Group: clk
Path Type: max
Corner: Fastest

Fanout     Cap    Slew   Delay    Time   Description
-----------------------------------------------------------------------------
                          0.00    0.00   clock clk (rise edge)
                          0.00    0.00   clock source latency
                  0.04    0.03    0.03 ^ clk (in)
     1    0.01                           clk (net)
                  0.04    0.00    0.03 ^ clkbuf_0_clk/A (sky130_fd_sc_hd__clkbuf_16)
                  0.03    0.09    0.12 ^ clkbuf_0_clk/X (sky130_fd_sc_hd__clkbuf_16)
     2    0.02                           clknet_0_clk (net)
                  0.03    0.00    0.12 ^ clkbuf_1_0__f_clk/A (sky130_fd_sc_hd__clkbuf_16)
                  0.03    0.08    0.21 ^ clkbuf_1_0__f_clk/X (sky130_fd_sc_hd__clkbuf_16)
     4    0.01                           clknet_1_0__leaf_clk (net)
                  0.03    0.00    0.21 ^ _50_/CLK (sky130_fd_sc_hd__dfrtp_1)
                  0.08    0.28    0.49 v _50_/Q (sky130_fd_sc_hd__dfrtp_1)
     6    0.02                           net2 (net)
                  0.08    0.00    0.49 v _27_/A (sky130_fd_sc_hd__or2_1)
                  0.05    0.17    0.66 v _27_/X (sky130_fd_sc_hd__or2_1)
     1    0.01                           _17_ (net)
                  0.05    0.00    0.66 v _28_/B (sky130_fd_sc_hd__and2_1)
                  0.03    0.11    0.77 v _28_/X (sky130_fd_sc_hd__and2_1)
     1    0.00                           _18_ (net)
                  0.03    0.00    0.77 v _29_/A (sky130_fd_sc_hd__clkbuf_1)
                  0.02    0.06    0.83 v _29_/X (sky130_fd_sc_hd__clkbuf_1)
     1    0.00                           _01_ (net)
                  0.02    0.00    0.83 v _51_/D (sky130_fd_sc_hd__dfrtp_1)
                                  0.83   data arrival time

                         10.00   10.00   clock clk (rise edge)
                          0.00   10.00   clock source latency
                  0.04    0.03   10.03 ^ clk (in)
     1    0.01                           clk (net)
                  0.04    0.00   10.03 ^ clkbuf_0_clk/A (sky130_fd_sc_hd__clkbuf_16)
                  0.03    0.08   10.11 ^ clkbuf_0_clk/X (sky130_fd_sc_hd__clkbuf_16)
     2    0.02                           clknet_0_clk (net)
                  0.03    0.00   10.11 ^ clkbuf_1_0__f_clk/A (sky130_fd_sc_hd__clkbuf_16)
                  0.03    0.07   10.19 ^ clkbuf_1_0__f_clk/X (sky130_fd_sc_hd__clkbuf_16)
     4    0.01                           clknet_1_0__leaf_clk (net)
                  0.03    0.00   10.19 ^ _51_/CLK (sky130_fd_sc_hd__dfrtp_1)
                         -0.25    9.94   clock uncertainty
                          0.02    9.96   clock reconvergence pessimism
                         -0.07    9.89   library setup time
                                  9.89   data required time
-----------------------------------------------------------------------------
                                  9.89   data required time
                                 -0.83   data arrival time
-----------------------------------------------------------------------------
                                  9.06   slack (MET)



======================= Slowest Corner ===================================

Startpoint: _51_ (rising edge-triggered flip-flop clocked by clk)
Endpoint: debug_out[1] (output port clocked by clk)
Path Group: clk
Path Type: max
Corner: Slowest

Fanout     Cap    Slew   Delay    Time   Description
-----------------------------------------------------------------------------
                          0.00    0.00   clock clk (rise edge)
                          0.00    0.00   clock source latency
                  0.09    0.06    0.06 ^ clk (in)
     1    0.01                           clk (net)
                  0.09    0.00    0.06 ^ clkbuf_0_clk/A (sky130_fd_sc_hd__clkbuf_16)
                  0.07    0.24    0.30 ^ clkbuf_0_clk/X (sky130_fd_sc_hd__clkbuf_16)
     2    0.02                           clknet_0_clk (net)
                  0.07    0.00    0.31 ^ clkbuf_1_0__f_clk/A (sky130_fd_sc_hd__clkbuf_16)
                  0.06    0.22    0.52 ^ clkbuf_1_0__f_clk/X (sky130_fd_sc_hd__clkbuf_16)
     4    0.01                           clknet_1_0__leaf_clk (net)
                  0.06    0.00    0.52 ^ _51_/CLK (sky130_fd_sc_hd__dfrtp_1)
                  0.21    0.91    1.44 v _51_/Q (sky130_fd_sc_hd__dfrtp_1)
     5    0.02                           net3 (net)
                  0.21    0.00    1.44 v output3/A (sky130_fd_sc_hd__buf_2)
                  0.17    0.43    1.87 v output3/X (sky130_fd_sc_hd__buf_2)
     1    0.03                           debug_out[1] (net)
                  0.17    0.00    1.87 v debug_out[1] (out)
                                  1.87   data arrival time

                         10.00   10.00   clock clk (rise edge)
                          0.00   10.00   clock network delay (propagated)
                         -0.25    9.75   clock uncertainty
                          0.00    9.75   clock reconvergence pessimism
                         -2.00    7.75   output external delay
                                  7.75   data required time
-----------------------------------------------------------------------------
                                  7.75   data required time
                                 -1.87   data arrival time
-----------------------------------------------------------------------------
                                  5.88   slack (MET)


Startpoint: _50_ (rising edge-triggered flip-flop clocked by clk)
Endpoint: debug_out[0] (output port clocked by clk)
Path Group: clk
Path Type: max
Corner: Slowest

Fanout     Cap    Slew   Delay    Time   Description
-----------------------------------------------------------------------------
                          0.00    0.00   clock clk (rise edge)
                          0.00    0.00   clock source latency
                  0.09    0.06    0.06 ^ clk (in)
     1    0.01                           clk (net)
                  0.09    0.00    0.06 ^ clkbuf_0_clk/A (sky130_fd_sc_hd__clkbuf_16)
                  0.07    0.24    0.30 ^ clkbuf_0_clk/X (sky130_fd_sc_hd__clkbuf_16)
     2    0.02                           clknet_0_clk (net)
                  0.07    0.00    0.31 ^ clkbuf_1_0__f_clk/A (sky130_fd_sc_hd__clkbuf_16)
                  0.06    0.22    0.52 ^ clkbuf_1_0__f_clk/X (sky130_fd_sc_hd__clkbuf_16)
     4    0.01                           clknet_1_0__leaf_clk (net)
                  0.06    0.00    0.52 ^ _50_/CLK (sky130_fd_sc_hd__dfrtp_1)
                  0.20    0.90    1.43 v _50_/Q (sky130_fd_sc_hd__dfrtp_1)
     6    0.02                           net2 (net)
                  0.20    0.00    1.43 v output2/A (sky130_fd_sc_hd__clkbuf_4)
                  0.15    0.42    1.85 v output2/X (sky130_fd_sc_hd__clkbuf_4)
     1    0.04                           debug_out[0] (net)
                  0.15    0.00    1.85 v debug_out[0] (out)
                                  1.85   data arrival time

                         10.00   10.00   clock clk (rise edge)
                          0.00   10.00   clock network delay (propagated)
                         -0.25    9.75   clock uncertainty
                          0.00    9.75   clock reconvergence pessimism
                         -2.00    7.75   output external delay
                                  7.75   data required time
-----------------------------------------------------------------------------
                                  7.75   data required time
                                 -1.85   data arrival time
-----------------------------------------------------------------------------
                                  5.90   slack (MET)


Startpoint: _55_ (rising edge-triggered flip-flop clocked by clk)
Endpoint: debug_out[5] (output port clocked by clk)
Path Group: clk
Path Type: max
Corner: Slowest

Fanout     Cap    Slew   Delay    Time   Description
-----------------------------------------------------------------------------
                          0.00    0.00   clock clk (rise edge)
                          0.00    0.00   clock source latency
                  0.09    0.06    0.06 ^ clk (in)
     1    0.01                           clk (net)
                  0.09    0.00    0.06 ^ clkbuf_0_clk/A (sky130_fd_sc_hd__clkbuf_16)
                  0.07    0.24    0.30 ^ clkbuf_0_clk/X (sky130_fd_sc_hd__clkbuf_16)
     2    0.02                           clknet_0_clk (net)
                  0.07    0.00    0.31 ^ clkbuf_1_1__f_clk/A (sky130_fd_sc_hd__clkbuf_16)
                  0.06    0.22    0.52 ^ clkbuf_1_1__f_clk/X (sky130_fd_sc_hd__clkbuf_16)
     4    0.01                           clknet_1_1__leaf_clk (net)
                  0.06    0.00    0.52 ^ _55_/CLK (sky130_fd_sc_hd__dfrtp_1)
                  0.17    0.87    1.40 v _55_/Q (sky130_fd_sc_hd__dfrtp_1)
     4    0.01                           net7 (net)
                  0.17    0.00    1.40 v output7/A (sky130_fd_sc_hd__clkbuf_4)
                  0.14    0.39    1.79 v output7/X (sky130_fd_sc_hd__clkbuf_4)
     1    0.03                           debug_out[5] (net)
                  0.14    0.00    1.79 v debug_out[5] (out)
                                  1.79   data arrival time

                         10.00   10.00   clock clk (rise edge)
                          0.00   10.00   clock network delay (propagated)
                         -0.25    9.75   clock uncertainty
                          0.00    9.75   clock reconvergence pessimism
                         -2.00    7.75   output external delay
                                  7.75   data required time
-----------------------------------------------------------------------------
                                  7.75   data required time
                                 -1.79   data arrival time
-----------------------------------------------------------------------------
                                  5.96   slack (MET)


Startpoint: _52_ (rising edge-triggered flip-flop clocked by clk)
Endpoint: debug_out[2] (output port clocked by clk)
Path Group: clk
Path Type: max
Corner: Slowest

Fanout     Cap    Slew   Delay    Time   Description
-----------------------------------------------------------------------------
                          0.00    0.00   clock clk (rise edge)
                          0.00    0.00   clock source latency
                  0.09    0.06    0.06 ^ clk (in)
     1    0.01                           clk (net)
                  0.09    0.00    0.06 ^ clkbuf_0_clk/A (sky130_fd_sc_hd__clkbuf_16)
                  0.07    0.24    0.30 ^ clkbuf_0_clk/X (sky130_fd_sc_hd__clkbuf_16)
     2    0.02                           clknet_0_clk (net)
                  0.07    0.00    0.31 ^ clkbuf_1_0__f_clk/A (sky130_fd_sc_hd__clkbuf_16)
                  0.06    0.22    0.52 ^ clkbuf_1_0__f_clk/X (sky130_fd_sc_hd__clkbuf_16)
     4    0.01                           clknet_1_0__leaf_clk (net)
                  0.06    0.00    0.52 ^ _52_/CLK (sky130_fd_sc_hd__dfrtp_1)
                  0.15    0.85    1.37 v _52_/Q (sky130_fd_sc_hd__dfrtp_1)
     4    0.01                           net4 (net)
                  0.15    0.00    1.37 v output4/A (sky130_fd_sc_hd__clkbuf_4)
                  0.14    0.38    1.75 v output4/X (sky130_fd_sc_hd__clkbuf_4)
     1    0.04                           debug_out[2] (net)
                  0.14    0.00    1.76 v debug_out[2] (out)
                                  1.76   data arrival time

                         10.00   10.00   clock clk (rise edge)
                          0.00   10.00   clock network delay (propagated)
                         -0.25    9.75   clock uncertainty
                          0.00    9.75   clock reconvergence pessimism
                         -2.00    7.75   output external delay
                                  7.75   data required time
-----------------------------------------------------------------------------
                                  7.75   data required time
                                 -1.76   data arrival time
-----------------------------------------------------------------------------
                                  5.99   slack (MET)


Startpoint: _54_ (rising edge-triggered flip-flop clocked by clk)
Endpoint: debug_out[4] (output port clocked by clk)
Path Group: clk
Path Type: max
Corner: Slowest

Fanout     Cap    Slew   Delay    Time   Description
-----------------------------------------------------------------------------
                          0.00    0.00   clock clk (rise edge)
                          0.00    0.00   clock source latency
                  0.09    0.06    0.06 ^ clk (in)
     1    0.01                           clk (net)
                  0.09    0.00    0.06 ^ clkbuf_0_clk/A (sky130_fd_sc_hd__clkbuf_16)
                  0.07    0.24    0.30 ^ clkbuf_0_clk/X (sky130_fd_sc_hd__clkbuf_16)
     2    0.02                           clknet_0_clk (net)
                  0.07    0.00    0.31 ^ clkbuf_1_1__f_clk/A (sky130_fd_sc_hd__clkbuf_16)
                  0.06    0.22    0.52 ^ clkbuf_1_1__f_clk/X (sky130_fd_sc_hd__clkbuf_16)
     4    0.01                           clknet_1_1__leaf_clk (net)
                  0.06    0.00    0.52 ^ _54_/CLK (sky130_fd_sc_hd__dfrtp_1)
                  0.15    0.85    1.37 v _54_/Q (sky130_fd_sc_hd__dfrtp_1)
     4    0.01                           net6 (net)
                  0.15    0.00    1.37 v output6/A (sky130_fd_sc_hd__clkbuf_4)
                  0.14    0.38    1.75 v output6/X (sky130_fd_sc_hd__clkbuf_4)
     1    0.04                           debug_out[4] (net)
                  0.14    0.00    1.75 v debug_out[4] (out)
                                  1.75   data arrival time

                         10.00   10.00   clock clk (rise edge)
                          0.00   10.00   clock network delay (propagated)
                         -0.25    9.75   clock uncertainty
                          0.00    9.75   clock reconvergence pessimism
                         -2.00    7.75   output external delay
                                  7.75   data required time
-----------------------------------------------------------------------------
                                  7.75   data required time
                                 -1.75   data arrival time
-----------------------------------------------------------------------------
                                  6.00   slack (MET)


Startpoint: _53_ (rising edge-triggered flip-flop clocked by clk)
Endpoint: debug_out[3] (output port clocked by clk)
Path Group: clk
Path Type: max
Corner: Slowest

Fanout     Cap    Slew   Delay    Time   Description
-----------------------------------------------------------------------------
                          0.00    0.00   clock clk (rise edge)
                          0.00    0.00   clock source latency
                  0.09    0.06    0.06 ^ clk (in)
     1    0.01                           clk (net)
                  0.09    0.00    0.06 ^ clkbuf_0_clk/A (sky130_fd_sc_hd__clkbuf_16)
                  0.07    0.24    0.30 ^ clkbuf_0_clk/X (sky130_fd_sc_hd__clkbuf_16)
     2    0.02                           clknet_0_clk (net)
                  0.07    0.00    0.31 ^ clkbuf_1_0__f_clk/A (sky130_fd_sc_hd__clkbuf_16)
                  0.06    0.22    0.52 ^ clkbuf_1_0__f_clk/X (sky130_fd_sc_hd__clkbuf_16)
     4    0.01                           clknet_1_0__leaf_clk (net)
                  0.06    0.00    0.52 ^ _53_/CLK (sky130_fd_sc_hd__dfrtp_1)
                  0.14    0.84    1.36 v _53_/Q (sky130_fd_sc_hd__dfrtp_1)
     3    0.01                           net5 (net)
                  0.14    0.00    1.37 v output5/A (sky130_fd_sc_hd__clkbuf_4)
                  0.14    0.38    1.74 v output5/X (sky130_fd_sc_hd__clkbuf_4)
     1    0.03                           debug_out[3] (net)
                  0.14    0.00    1.74 v debug_out[3] (out)
                                  1.74   data arrival time

                         10.00   10.00   clock clk (rise edge)
                          0.00   10.00   clock network delay (propagated)
                         -0.25    9.75   clock uncertainty
                          0.00    9.75   clock reconvergence pessimism
                         -2.00    7.75   output external delay
                                  7.75   data required time
-----------------------------------------------------------------------------
                                  7.75   data required time
                                 -1.74   data arrival time
-----------------------------------------------------------------------------
                                  6.01   slack (MET)


Startpoint: _56_ (rising edge-triggered flip-flop clocked by clk)
Endpoint: debug_out[6] (output port clocked by clk)
Path Group: clk
Path Type: max
Corner: Slowest

Fanout     Cap    Slew   Delay    Time   Description
-----------------------------------------------------------------------------
                          0.00    0.00   clock clk (rise edge)
                          0.00    0.00   clock source latency
                  0.09    0.06    0.06 ^ clk (in)
     1    0.01                           clk (net)
                  0.09    0.00    0.06 ^ clkbuf_0_clk/A (sky130_fd_sc_hd__clkbuf_16)
                  0.07    0.24    0.30 ^ clkbuf_0_clk/X (sky130_fd_sc_hd__clkbuf_16)
     2    0.02                           clknet_0_clk (net)
                  0.07    0.00    0.31 ^ clkbuf_1_1__f_clk/A (sky130_fd_sc_hd__clkbuf_16)
                  0.06    0.22    0.52 ^ clkbuf_1_1__f_clk/X (sky130_fd_sc_hd__clkbuf_16)
     4    0.01                           clknet_1_1__leaf_clk (net)
                  0.06    0.00    0.52 ^ _56_/CLK (sky130_fd_sc_hd__dfrtp_1)
                  0.12    0.82    1.35 v _56_/Q (sky130_fd_sc_hd__dfrtp_1)
     3    0.01                           net8 (net)
                  0.12    0.00    1.35 v output8/A (sky130_fd_sc_hd__clkbuf_4)
                  0.14    0.37    1.71 v output8/X (sky130_fd_sc_hd__clkbuf_4)
     1    0.03                           debug_out[6] (net)
                  0.14    0.00    1.72 v debug_out[6] (out)
                                  1.72   data arrival time

                         10.00   10.00   clock clk (rise edge)
                          0.00   10.00   clock network delay (propagated)
                         -0.25    9.75   clock uncertainty
                          0.00    9.75   clock reconvergence pessimism
                         -2.00    7.75   output external delay
                                  7.75   data required time
-----------------------------------------------------------------------------
                                  7.75   data required time
                                 -1.72   data arrival time
-----------------------------------------------------------------------------
                                  6.03   slack (MET)


Startpoint: _57_ (rising edge-triggered flip-flop clocked by clk)
Endpoint: debug_out[7] (output port clocked by clk)
Path Group: clk
Path Type: max
Corner: Slowest

Fanout     Cap    Slew   Delay    Time   Description
-----------------------------------------------------------------------------
                          0.00    0.00   clock clk (rise edge)
                          0.00    0.00   clock source latency
                  0.09    0.06    0.06 ^ clk (in)
     1    0.01                           clk (net)
                  0.09    0.00    0.06 ^ clkbuf_0_clk/A (sky130_fd_sc_hd__clkbuf_16)
                  0.07    0.24    0.30 ^ clkbuf_0_clk/X (sky130_fd_sc_hd__clkbuf_16)
     2    0.02                           clknet_0_clk (net)
                  0.07    0.00    0.31 ^ clkbuf_1_1__f_clk/A (sky130_fd_sc_hd__clkbuf_16)
                  0.06    0.22    0.52 ^ clkbuf_1_1__f_clk/X (sky130_fd_sc_hd__clkbuf_16)
     4    0.01                           clknet_1_1__leaf_clk (net)
                  0.06    0.00    0.52 ^ _57_/CLK (sky130_fd_sc_hd__dfrtp_1)
                  0.11    0.80    1.33 v _57_/Q (sky130_fd_sc_hd__dfrtp_1)
     2    0.01                           net9 (net)
                  0.11    0.00    1.33 v output9/A (sky130_fd_sc_hd__clkbuf_4)
                  0.14    0.36    1.69 v output9/X (sky130_fd_sc_hd__clkbuf_4)
     1    0.04                           debug_out[7] (net)
                  0.14    0.00    1.69 v debug_out[7] (out)
                                  1.69   data arrival time

                         10.00   10.00   clock clk (rise edge)
                          0.00   10.00   clock network delay (propagated)
                         -0.25    9.75   clock uncertainty
                          0.00    9.75   clock reconvergence pessimism
                         -2.00    7.75   output external delay
                                  7.75   data required time
-----------------------------------------------------------------------------
                                  7.75   data required time
                                 -1.69   data arrival time
-----------------------------------------------------------------------------
                                  6.06   slack (MET)


Startpoint: _54_ (rising edge-triggered flip-flop clocked by clk)
Endpoint: _55_ (rising edge-triggered flip-flop clocked by clk)
Path Group: clk
Path Type: max
Corner: Slowest

Fanout     Cap    Slew   Delay    Time   Description
-----------------------------------------------------------------------------
                          0.00    0.00   clock clk (rise edge)
                          0.00    0.00   clock source latency
                  0.09    0.06    0.06 ^ clk (in)
     1    0.01                           clk (net)
                  0.09    0.00    0.06 ^ clkbuf_0_clk/A (sky130_fd_sc_hd__clkbuf_16)
                  0.07    0.24    0.30 ^ clkbuf_0_clk/X (sky130_fd_sc_hd__clkbuf_16)
     2    0.02                           clknet_0_clk (net)
                  0.07    0.00    0.31 ^ clkbuf_1_1__f_clk/A (sky130_fd_sc_hd__clkbuf_16)
                  0.06    0.22    0.52 ^ clkbuf_1_1__f_clk/X (sky130_fd_sc_hd__clkbuf_16)
     4    0.01                           clknet_1_1__leaf_clk (net)
                  0.06    0.00    0.52 ^ _54_/CLK (sky130_fd_sc_hd__dfrtp_1)
                  0.15    0.85    1.37 v _54_/Q (sky130_fd_sc_hd__dfrtp_1)
     4    0.01                           net6 (net)
                  0.15    0.00    1.37 v hold5/A (sky130_fd_sc_hd__dlygate4sd3_1)
                  0.15    1.28    2.65 v hold5/X (sky130_fd_sc_hd__dlygate4sd3_1)
     2    0.01                           net14 (net)
                  0.15    0.00    2.65 v _37_/A1 (sky130_fd_sc_hd__a21oi_1)
                  0.20    0.27    2.93 ^ _37_/Y (sky130_fd_sc_hd__a21oi_1)
     1    0.00                           _23_ (net)
                  0.20    0.00    2.93 ^ _38_/B (sky130_fd_sc_hd__nor2_1)
                  0.07    0.13    3.06 v _38_/Y (sky130_fd_sc_hd__nor2_1)
     1    0.00                           _05_ (net)
                  0.07    0.00    3.06 v _55_/D (sky130_fd_sc_hd__dfrtp_1)
                                  3.06   data arrival time

                         10.00   10.00   clock clk (rise edge)
                          0.00   10.00   clock source latency
                  0.09    0.06   10.06 ^ clk (in)
     1    0.01                           clk (net)
                  0.09    0.00   10.06 ^ clkbuf_0_clk/A (sky130_fd_sc_hd__clkbuf_16)
                  0.07    0.22   10.28 ^ clkbuf_0_clk/X (sky130_fd_sc_hd__clkbuf_16)
     2    0.02                           clknet_0_clk (net)
                  0.07    0.00   10.28 ^ clkbuf_1_1__f_clk/A (sky130_fd_sc_hd__clkbuf_16)
                  0.06    0.20   10.47 ^ clkbuf_1_1__f_clk/X (sky130_fd_sc_hd__clkbuf_16)
     4    0.01                           clknet_1_1__leaf_clk (net)
                  0.06    0.00   10.47 ^ _55_/CLK (sky130_fd_sc_hd__dfrtp_1)
                         -0.25   10.22   clock uncertainty
                          0.05   10.27   clock reconvergence pessimism
                         -0.28   10.00   library setup time
                                 10.00   data required time
-----------------------------------------------------------------------------
                                 10.00   data required time
                                 -3.06   data arrival time
-----------------------------------------------------------------------------
                                  6.94   slack (MET)


Startpoint: _54_ (rising edge-triggered flip-flop clocked by clk)
Endpoint: _54_ (rising edge-triggered flip-flop clocked by clk)
Path Group: clk
Path Type: max
Corner: Slowest

Fanout     Cap    Slew   Delay    Time   Description
-----------------------------------------------------------------------------
                          0.00    0.00   clock clk (rise edge)
                          0.00    0.00   clock source latency
                  0.09    0.06    0.06 ^ clk (in)
     1    0.01                           clk (net)
                  0.09    0.00    0.06 ^ clkbuf_0_clk/A (sky130_fd_sc_hd__clkbuf_16)
                  0.07    0.24    0.30 ^ clkbuf_0_clk/X (sky130_fd_sc_hd__clkbuf_16)
     2    0.02                           clknet_0_clk (net)
                  0.07    0.00    0.31 ^ clkbuf_1_1__f_clk/A (sky130_fd_sc_hd__clkbuf_16)
                  0.06    0.22    0.52 ^ clkbuf_1_1__f_clk/X (sky130_fd_sc_hd__clkbuf_16)
     4    0.01                           clknet_1_1__leaf_clk (net)
                  0.06    0.00    0.52 ^ _54_/CLK (sky130_fd_sc_hd__dfrtp_1)
                  0.15    0.85    1.37 v _54_/Q (sky130_fd_sc_hd__dfrtp_1)
     4    0.01                           net6 (net)
                  0.15    0.00    1.37 v hold5/A (sky130_fd_sc_hd__dlygate4sd3_1)
                  0.15    1.28    2.65 v hold5/X (sky130_fd_sc_hd__dlygate4sd3_1)
     2    0.01                           net14 (net)
                  0.15    0.00    2.65 v _35_/A (sky130_fd_sc_hd__xor2_1)
                  0.10    0.34    2.99 v _35_/X (sky130_fd_sc_hd__xor2_1)
     1    0.00                           _04_ (net)
                  0.10    0.00    2.99 v _54_/D (sky130_fd_sc_hd__dfrtp_1)
                                  2.99   data arrival time

                         10.00   10.00   clock clk (rise edge)
                          0.00   10.00   clock source latency
                  0.09    0.06   10.06 ^ clk (in)
     1    0.01                           clk (net)
                  0.09    0.00   10.06 ^ clkbuf_0_clk/A (sky130_fd_sc_hd__clkbuf_16)
                  0.07    0.22   10.28 ^ clkbuf_0_clk/X (sky130_fd_sc_hd__clkbuf_16)
     2    0.02                           clknet_0_clk (net)
                  0.07    0.00   10.28 ^ clkbuf_1_1__f_clk/A (sky130_fd_sc_hd__clkbuf_16)
                  0.06    0.20   10.47 ^ clkbuf_1_1__f_clk/X (sky130_fd_sc_hd__clkbuf_16)
     4    0.01                           clknet_1_1__leaf_clk (net)
                  0.06    0.00   10.47 ^ _54_/CLK (sky130_fd_sc_hd__dfrtp_1)
                         -0.25   10.22   clock uncertainty
                          0.05   10.27   clock reconvergence pessimism
                         -0.29    9.98   library setup time
                                  9.98   data required time
-----------------------------------------------------------------------------
                                  9.98   data required time
                                 -2.99   data arrival time
-----------------------------------------------------------------------------
                                  6.99   slack (MET)


Startpoint: _56_ (rising edge-triggered flip-flop clocked by clk)
Endpoint: _56_ (rising edge-triggered flip-flop clocked by clk)
Path Group: clk
Path Type: max
Corner: Slowest

Fanout     Cap    Slew   Delay    Time   Description
-----------------------------------------------------------------------------
                          0.00    0.00   clock clk (rise edge)
                          0.00    0.00   clock source latency
                  0.09    0.06    0.06 ^ clk (in)
     1    0.01                           clk (net)
                  0.09    0.00    0.06 ^ clkbuf_0_clk/A (sky130_fd_sc_hd__clkbuf_16)
                  0.07    0.24    0.30 ^ clkbuf_0_clk/X (sky130_fd_sc_hd__clkbuf_16)
     2    0.02                           clknet_0_clk (net)
                  0.07    0.00    0.31 ^ clkbuf_1_1__f_clk/A (sky130_fd_sc_hd__clkbuf_16)
                  0.06    0.22    0.52 ^ clkbuf_1_1__f_clk/X (sky130_fd_sc_hd__clkbuf_16)
     4    0.01                           clknet_1_1__leaf_clk (net)
                  0.06    0.00    0.52 ^ _56_/CLK (sky130_fd_sc_hd__dfrtp_1)
                  0.12    0.82    1.35 v _56_/Q (sky130_fd_sc_hd__dfrtp_1)
     3    0.01                           net8 (net)
                  0.12    0.00    1.35 v hold3/A (sky130_fd_sc_hd__dlygate4sd3_1)
                  0.14    1.25    2.60 v hold3/X (sky130_fd_sc_hd__dlygate4sd3_1)
     1    0.01                           net12 (net)
                  0.14    0.00    2.60 v _39_/A (sky130_fd_sc_hd__xor2_1)
                  0.10    0.33    2.93 v _39_/X (sky130_fd_sc_hd__xor2_1)
     1    0.00                           _06_ (net)
                  0.10    0.00    2.93 v _56_/D (sky130_fd_sc_hd__dfrtp_1)
                                  2.93   data arrival time

                         10.00   10.00   clock clk (rise edge)
                          0.00   10.00   clock source latency
                  0.09    0.06   10.06 ^ clk (in)
     1    0.01                           clk (net)
                  0.09    0.00   10.06 ^ clkbuf_0_clk/A (sky130_fd_sc_hd__clkbuf_16)
                  0.07    0.22   10.28 ^ clkbuf_0_clk/X (sky130_fd_sc_hd__clkbuf_16)
     2    0.02                           clknet_0_clk (net)
                  0.07    0.00   10.28 ^ clkbuf_1_1__f_clk/A (sky130_fd_sc_hd__clkbuf_16)
                  0.06    0.20   10.47 ^ clkbuf_1_1__f_clk/X (sky130_fd_sc_hd__clkbuf_16)
     4    0.01                           clknet_1_1__leaf_clk (net)
                  0.06    0.00   10.47 ^ _56_/CLK (sky130_fd_sc_hd__dfrtp_1)
                         -0.25   10.22   clock uncertainty
                          0.05   10.27   clock reconvergence pessimism
                         -0.29    9.98   library setup time
                                  9.98   data required time
-----------------------------------------------------------------------------
                                  9.98   data required time
                                 -2.93   data arrival time
-----------------------------------------------------------------------------
                                  7.05   slack (MET)


Startpoint: _57_ (rising edge-triggered flip-flop clocked by clk)
Endpoint: _57_ (rising edge-triggered flip-flop clocked by clk)
Path Group: clk
Path Type: max
Corner: Slowest

Fanout     Cap    Slew   Delay    Time   Description
-----------------------------------------------------------------------------
                          0.00    0.00   clock clk (rise edge)
                          0.00    0.00   clock source latency
                  0.09    0.06    0.06 ^ clk (in)
     1    0.01                           clk (net)
                  0.09    0.00    0.06 ^ clkbuf_0_clk/A (sky130_fd_sc_hd__clkbuf_16)
                  0.07    0.24    0.30 ^ clkbuf_0_clk/X (sky130_fd_sc_hd__clkbuf_16)
     2    0.02                           clknet_0_clk (net)
                  0.07    0.00    0.31 ^ clkbuf_1_1__f_clk/A (sky130_fd_sc_hd__clkbuf_16)
                  0.06    0.22    0.52 ^ clkbuf_1_1__f_clk/X (sky130_fd_sc_hd__clkbuf_16)
     4    0.01                           clknet_1_1__leaf_clk (net)
                  0.06    0.00    0.52 ^ _57_/CLK (sky130_fd_sc_hd__dfrtp_1)
                  0.11    0.80    1.33 v _57_/Q (sky130_fd_sc_hd__dfrtp_1)
     2    0.01                           net9 (net)
                  0.11    0.00    1.33 v hold2/A (sky130_fd_sc_hd__dlygate4sd3_1)
                  0.13    1.23    2.56 v hold2/X (sky130_fd_sc_hd__dlygate4sd3_1)
     1    0.00                           net11 (net)
                  0.13    0.00    2.56 v _41_/A (sky130_fd_sc_hd__xor2_1)
                  0.10    0.33    2.89 v _41_/X (sky130_fd_sc_hd__xor2_1)
     1    0.00                           _07_ (net)
                  0.10    0.00    2.89 v _57_/D (sky130_fd_sc_hd__dfrtp_1)
                                  2.89   data arrival time

                         10.00   10.00   clock clk (rise edge)
                          0.00   10.00   clock source latency
                  0.09    0.06   10.06 ^ clk (in)
     1    0.01                           clk (net)
                  0.09    0.00   10.06 ^ clkbuf_0_clk/A (sky130_fd_sc_hd__clkbuf_16)
                  0.07    0.22   10.28 ^ clkbuf_0_clk/X (sky130_fd_sc_hd__clkbuf_16)
     2    0.02                           clknet_0_clk (net)
                  0.07    0.00   10.28 ^ clkbuf_1_1__f_clk/A (sky130_fd_sc_hd__clkbuf_16)
                  0.06    0.20   10.47 ^ clkbuf_1_1__f_clk/X (sky130_fd_sc_hd__clkbuf_16)
     4    0.01                           clknet_1_1__leaf_clk (net)
                  0.06    0.00   10.47 ^ _57_/CLK (sky130_fd_sc_hd__dfrtp_1)
                         -0.25   10.22   clock uncertainty
                          0.05   10.27   clock reconvergence pessimism
                         -0.29    9.98   library setup time
                                  9.98   data required time
-----------------------------------------------------------------------------
                                  9.98   data required time
                                 -2.89   data arrival time
-----------------------------------------------------------------------------
                                  7.09   slack (MET)


Startpoint: _52_ (rising edge-triggered flip-flop clocked by clk)
Endpoint: _52_ (rising edge-triggered flip-flop clocked by clk)
Path Group: clk
Path Type: max
Corner: Slowest

Fanout     Cap    Slew   Delay    Time   Description
-----------------------------------------------------------------------------
                          0.00    0.00   clock clk (rise edge)
                          0.00    0.00   clock source latency
                  0.09    0.06    0.06 ^ clk (in)
     1    0.01                           clk (net)
                  0.09    0.00    0.06 ^ clkbuf_0_clk/A (sky130_fd_sc_hd__clkbuf_16)
                  0.07    0.24    0.30 ^ clkbuf_0_clk/X (sky130_fd_sc_hd__clkbuf_16)
     2    0.02                           clknet_0_clk (net)
                  0.07    0.00    0.31 ^ clkbuf_1_0__f_clk/A (sky130_fd_sc_hd__clkbuf_16)
                  0.06    0.22    0.52 ^ clkbuf_1_0__f_clk/X (sky130_fd_sc_hd__clkbuf_16)
     4    0.01                           clknet_1_0__leaf_clk (net)
                  0.06    0.00    0.52 ^ _52_/CLK (sky130_fd_sc_hd__dfrtp_1)
                  0.15    0.85    1.37 v _52_/Q (sky130_fd_sc_hd__dfrtp_1)
     4    0.01                           net4 (net)
                  0.15    0.00    1.37 v hold4/A (sky130_fd_sc_hd__dlygate4sd3_1)
                  0.14    1.26    2.63 v hold4/X (sky130_fd_sc_hd__dlygate4sd3_1)
     1    0.01                           net13 (net)
                  0.14    0.00    2.64 v _30_/A (sky130_fd_sc_hd__xnor2_1)
                  0.08    0.25    2.88 v _30_/Y (sky130_fd_sc_hd__xnor2_1)
     1    0.00                           _02_ (net)
                  0.08    0.00    2.88 v _52_/D (sky130_fd_sc_hd__dfrtp_1)
                                  2.88   data arrival time

                         10.00   10.00   clock clk (rise edge)
                          0.00   10.00   clock source latency
                  0.09    0.06   10.06 ^ clk (in)
     1    0.01                           clk (net)
                  0.09    0.00   10.06 ^ clkbuf_0_clk/A (sky130_fd_sc_hd__clkbuf_16)
                  0.07    0.22   10.28 ^ clkbuf_0_clk/X (sky130_fd_sc_hd__clkbuf_16)
     2    0.02                           clknet_0_clk (net)
                  0.07    0.00   10.28 ^ clkbuf_1_0__f_clk/A (sky130_fd_sc_hd__clkbuf_16)
                  0.06    0.20   10.47 ^ clkbuf_1_0__f_clk/X (sky130_fd_sc_hd__clkbuf_16)
     4    0.01                           clknet_1_0__leaf_clk (net)
                  0.06    0.00   10.47 ^ _52_/CLK (sky130_fd_sc_hd__dfrtp_1)
                         -0.25   10.22   clock uncertainty
                          0.05   10.27   clock reconvergence pessimism
                         -0.29    9.99   library setup time
                                  9.99   data required time
-----------------------------------------------------------------------------
                                  9.99   data required time
                                 -2.88   data arrival time
-----------------------------------------------------------------------------
                                  7.10   slack (MET)


Startpoint: _51_ (rising edge-triggered flip-flop clocked by clk)
Endpoint: _53_ (rising edge-triggered flip-flop clocked by clk)
Path Group: clk
Path Type: max
Corner: Slowest

Fanout     Cap    Slew   Delay    Time   Description
-----------------------------------------------------------------------------
                          0.00    0.00   clock clk (rise edge)
                          0.00    0.00   clock source latency
                  0.09    0.06    0.06 ^ clk (in)
     1    0.01                           clk (net)
                  0.09    0.00    0.06 ^ clkbuf_0_clk/A (sky130_fd_sc_hd__clkbuf_16)
                  0.07    0.24    0.30 ^ clkbuf_0_clk/X (sky130_fd_sc_hd__clkbuf_16)
     2    0.02                           clknet_0_clk (net)
                  0.07    0.00    0.31 ^ clkbuf_1_0__f_clk/A (sky130_fd_sc_hd__clkbuf_16)
                  0.06    0.22    0.52 ^ clkbuf_1_0__f_clk/X (sky130_fd_sc_hd__clkbuf_16)
     4    0.01                           clknet_1_0__leaf_clk (net)
                  0.06    0.00    0.52 ^ _51_/CLK (sky130_fd_sc_hd__dfrtp_1)
                  0.29    0.85    1.37 ^ _51_/Q (sky130_fd_sc_hd__dfrtp_1)
     5    0.02                           net3 (net)
                  0.29    0.00    1.37 ^ _31_/B (sky130_fd_sc_hd__and4_2)
                  0.22    0.69    2.06 ^ _31_/X (sky130_fd_sc_hd__and4_2)
     5    0.02                           _19_ (net)
                  0.22    0.00    2.07 ^ _33_/A_N (sky130_fd_sc_hd__and2b_1)
                  0.07    0.44    2.51 v _33_/X (sky130_fd_sc_hd__and2b_1)
     1    0.00                           _21_ (net)
                  0.07    0.00    2.51 v _34_/A (sky130_fd_sc_hd__clkbuf_1)
                  0.05    0.17    2.67 v _34_/X (sky130_fd_sc_hd__clkbuf_1)
     1    0.00                           _03_ (net)
                  0.05    0.00    2.67 v _53_/D (sky130_fd_sc_hd__dfrtp_1)
                                  2.67   data arrival time

                         10.00   10.00   clock clk (rise edge)
                          0.00   10.00   clock source latency
                  0.09    0.06   10.06 ^ clk (in)
     1    0.01                           clk (net)
                  0.09    0.00   10.06 ^ clkbuf_0_clk/A (sky130_fd_sc_hd__clkbuf_16)
                  0.07    0.22   10.28 ^ clkbuf_0_clk/X (sky130_fd_sc_hd__clkbuf_16)
     2    0.02                           clknet_0_clk (net)
                  0.07    0.00   10.28 ^ clkbuf_1_0__f_clk/A (sky130_fd_sc_hd__clkbuf_16)
                  0.06    0.20   10.47 ^ clkbuf_1_0__f_clk/X (sky130_fd_sc_hd__clkbuf_16)
     4    0.01                           clknet_1_0__leaf_clk (net)
                  0.06    0.00   10.47 ^ _53_/CLK (sky130_fd_sc_hd__dfrtp_1)
                         -0.25   10.22   clock uncertainty
                          0.05   10.27   clock reconvergence pessimism
                         -0.27   10.00   library setup time
                                 10.00   data required time
-----------------------------------------------------------------------------
                                 10.00   data required time
                                 -2.67   data arrival time
-----------------------------------------------------------------------------
                                  7.33   slack (MET)


Startpoint: _50_ (rising edge-triggered flip-flop clocked by clk)
Endpoint: _50_ (rising edge-triggered flip-flop clocked by clk)
Path Group: clk
Path Type: max
Corner: Slowest

Fanout     Cap    Slew   Delay    Time   Description
-----------------------------------------------------------------------------
                          0.00    0.00   clock clk (rise edge)
                          0.00    0.00   clock source latency
                  0.09    0.06    0.06 ^ clk (in)
     1    0.01                           clk (net)
                  0.09    0.00    0.06 ^ clkbuf_0_clk/A (sky130_fd_sc_hd__clkbuf_16)
                  0.07    0.24    0.30 ^ clkbuf_0_clk/X (sky130_fd_sc_hd__clkbuf_16)
     2    0.02                           clknet_0_clk (net)
                  0.07    0.00    0.31 ^ clkbuf_1_0__f_clk/A (sky130_fd_sc_hd__clkbuf_16)
                  0.06    0.22    0.52 ^ clkbuf_1_0__f_clk/X (sky130_fd_sc_hd__clkbuf_16)
     4    0.01                           clknet_1_0__leaf_clk (net)
                  0.06    0.00    0.52 ^ _50_/CLK (sky130_fd_sc_hd__dfrtp_1)
                  0.20    0.90    1.43 v _50_/Q (sky130_fd_sc_hd__dfrtp_1)
     6    0.02                           net2 (net)
                  0.20    0.00    1.43 v hold1/A (sky130_fd_sc_hd__dlygate4sd3_1)
                  0.13    1.28    2.71 v hold1/X (sky130_fd_sc_hd__dlygate4sd3_1)
     1    0.00                           net10 (net)
                  0.13    0.00    2.71 v _25_/A (sky130_fd_sc_hd__inv_2)
                  0.04    0.09    2.80 ^ _25_/Y (sky130_fd_sc_hd__inv_2)
     1    0.00                           _00_ (net)
                  0.04    0.00    2.80 ^ _50_/D (sky130_fd_sc_hd__dfrtp_1)
                                  2.80   data arrival time

                         10.00   10.00   clock clk (rise edge)
                          0.00   10.00   clock source latency
                  0.09    0.06   10.06 ^ clk (in)
     1    0.01                           clk (net)
                  0.09    0.00   10.06 ^ clkbuf_0_clk/A (sky130_fd_sc_hd__clkbuf_16)
                  0.07    0.22   10.28 ^ clkbuf_0_clk/X (sky130_fd_sc_hd__clkbuf_16)
     2    0.02                           clknet_0_clk (net)
                  0.07    0.00   10.28 ^ clkbuf_1_0__f_clk/A (sky130_fd_sc_hd__clkbuf_16)
                  0.06    0.20   10.47 ^ clkbuf_1_0__f_clk/X (sky130_fd_sc_hd__clkbuf_16)
     4    0.01                           clknet_1_0__leaf_clk (net)
                  0.06    0.00   10.47 ^ _50_/CLK (sky130_fd_sc_hd__dfrtp_1)
                         -0.25   10.22   clock uncertainty
                          0.05   10.27   clock reconvergence pessimism
                         -0.13   10.15   library setup time
                                 10.15   data required time
-----------------------------------------------------------------------------
                                 10.15   data required time
                                 -2.80   data arrival time
-----------------------------------------------------------------------------
                                  7.35   slack (MET)


Startpoint: _50_ (rising edge-triggered flip-flop clocked by clk)
Endpoint: _51_ (rising edge-triggered flip-flop clocked by clk)
Path Group: clk
Path Type: max
Corner: Slowest

Fanout     Cap    Slew   Delay    Time   Description
-----------------------------------------------------------------------------
                          0.00    0.00   clock clk (rise edge)
                          0.00    0.00   clock source latency
                  0.09    0.06    0.06 ^ clk (in)
     1    0.01                           clk (net)
                  0.09    0.00    0.06 ^ clkbuf_0_clk/A (sky130_fd_sc_hd__clkbuf_16)
                  0.07    0.24    0.30 ^ clkbuf_0_clk/X (sky130_fd_sc_hd__clkbuf_16)
     2    0.02                           clknet_0_clk (net)
                  0.07    0.00    0.31 ^ clkbuf_1_0__f_clk/A (sky130_fd_sc_hd__clkbuf_16)
                  0.06    0.22    0.52 ^ clkbuf_1_0__f_clk/X (sky130_fd_sc_hd__clkbuf_16)
     4    0.01                           clknet_1_0__leaf_clk (net)
                  0.06    0.00    0.52 ^ _50_/CLK (sky130_fd_sc_hd__dfrtp_1)
                  0.20    0.90    1.43 v _50_/Q (sky130_fd_sc_hd__dfrtp_1)
     6    0.02                           net2 (net)
                  0.20    0.00    1.43 v _27_/A (sky130_fd_sc_hd__or2_1)
                  0.13    0.62    2.05 v _27_/X (sky130_fd_sc_hd__or2_1)
     1    0.01                           _17_ (net)
                  0.13    0.00    2.05 v _28_/B (sky130_fd_sc_hd__and2_1)
                  0.08    0.38    2.43 v _28_/X (sky130_fd_sc_hd__and2_1)
     1    0.00                           _18_ (net)
                  0.08    0.00    2.43 v _29_/A (sky130_fd_sc_hd__clkbuf_1)
                  0.05    0.17    2.60 v _29_/X (sky130_fd_sc_hd__clkbuf_1)
     1    0.00                           _01_ (net)
                  0.05    0.00    2.60 v _51_/D (sky130_fd_sc_hd__dfrtp_1)
                                  2.60   data arrival time

                         10.00   10.00   clock clk (rise edge)
                          0.00   10.00   clock source latency
                  0.09    0.06   10.06 ^ clk (in)
     1    0.01                           clk (net)
                  0.09    0.00   10.06 ^ clkbuf_0_clk/A (sky130_fd_sc_hd__clkbuf_16)
                  0.07    0.22   10.28 ^ clkbuf_0_clk/X (sky130_fd_sc_hd__clkbuf_16)
     2    0.02                           clknet_0_clk (net)
                  0.07    0.00   10.28 ^ clkbuf_1_0__f_clk/A (sky130_fd_sc_hd__clkbuf_16)
                  0.06    0.20   10.47 ^ clkbuf_1_0__f_clk/X (sky130_fd_sc_hd__clkbuf_16)
     4    0.01                           clknet_1_0__leaf_clk (net)
                  0.06    0.00   10.47 ^ _51_/CLK (sky130_fd_sc_hd__dfrtp_1)
                         -0.25   10.22   clock uncertainty
                          0.05   10.27   clock reconvergence pessimism
                         -0.27   10.00   library setup time
                                 10.00   data required time
-----------------------------------------------------------------------------
                                 10.00   data required time
                                 -2.60   data arrival time
-----------------------------------------------------------------------------
                                  7.40   slack (MET)


Startpoint: rst (input port clocked by clk)
Endpoint: _51_ (recovery check against rising-edge clock clk)
Path Group: asynchronous
Path Type: max
Corner: Slowest

Fanout     Cap    Slew   Delay    Time   Description
-----------------------------------------------------------------------------
                          0.00    0.00   clock clk (rise edge)
                          0.00    0.00   clock network delay (propagated)
                          2.00    2.00 v input external delay
                  0.02    0.01    2.01 v rst (in)
     1    0.00                           rst (net)
                  0.02    0.00    2.01 v input1/A (sky130_fd_sc_hd__clkbuf_4)
                  0.17    0.34    2.35 v input1/X (sky130_fd_sc_hd__clkbuf_4)
     8    0.04                           net1 (net)
                  0.17    0.00    2.35 v _43_/A (sky130_fd_sc_hd__inv_2)
                  0.07    0.12    2.48 ^ _43_/Y (sky130_fd_sc_hd__inv_2)
     1    0.00                           _09_ (net)
                  0.07    0.00    2.48 ^ _51_/RESET_B (sky130_fd_sc_hd__dfrtp_1)
                                  2.48   data arrival time

                         10.00   10.00   clock clk (rise edge)
                          0.00   10.00   clock source latency
                  0.09    0.06   10.06 ^ clk (in)
     1    0.01                           clk (net)
                  0.09    0.00   10.06 ^ clkbuf_0_clk/A (sky130_fd_sc_hd__clkbuf_16)
                  0.07    0.22   10.28 ^ clkbuf_0_clk/X (sky130_fd_sc_hd__clkbuf_16)
     2    0.02                           clknet_0_clk (net)
                  0.07    0.00   10.28 ^ clkbuf_1_0__f_clk/A (sky130_fd_sc_hd__clkbuf_16)
                  0.06    0.20   10.47 ^ clkbuf_1_0__f_clk/X (sky130_fd_sc_hd__clkbuf_16)
     4    0.01                           clknet_1_0__leaf_clk (net)
                  0.06    0.00   10.47 ^ _51_/CLK (sky130_fd_sc_hd__dfrtp_1)
                         -0.25   10.22   clock uncertainty
                          0.00   10.22   clock reconvergence pessimism
                          0.46   10.68   library recovery time
                                 10.68   data required time
-----------------------------------------------------------------------------
                                 10.68   data required time
                                 -2.48   data arrival time
-----------------------------------------------------------------------------
                                  8.21   slack (MET)


Startpoint: rst (input port clocked by clk)
Endpoint: _50_ (recovery check against rising-edge clock clk)
Path Group: asynchronous
Path Type: max
Corner: Slowest

Fanout     Cap    Slew   Delay    Time   Description
-----------------------------------------------------------------------------
                          0.00    0.00   clock clk (rise edge)
                          0.00    0.00   clock network delay (propagated)
                          2.00    2.00 v input external delay
                  0.02    0.01    2.01 v rst (in)
     1    0.00                           rst (net)
                  0.02    0.00    2.01 v input1/A (sky130_fd_sc_hd__clkbuf_4)
                  0.17    0.34    2.35 v input1/X (sky130_fd_sc_hd__clkbuf_4)
     8    0.04                           net1 (net)
                  0.17    0.00    2.36 v _42_/A (sky130_fd_sc_hd__inv_2)
                  0.06    0.12    2.48 ^ _42_/Y (sky130_fd_sc_hd__inv_2)
     1    0.00                           _08_ (net)
                  0.06    0.00    2.48 ^ _50_/RESET_B (sky130_fd_sc_hd__dfrtp_1)
                                  2.48   data arrival time

                         10.00   10.00   clock clk (rise edge)
                          0.00   10.00   clock source latency
                  0.09    0.06   10.06 ^ clk (in)
     1    0.01                           clk (net)
                  0.09    0.00   10.06 ^ clkbuf_0_clk/A (sky130_fd_sc_hd__clkbuf_16)
                  0.07    0.22   10.28 ^ clkbuf_0_clk/X (sky130_fd_sc_hd__clkbuf_16)
     2    0.02                           clknet_0_clk (net)
                  0.07    0.00   10.28 ^ clkbuf_1_0__f_clk/A (sky130_fd_sc_hd__clkbuf_16)
                  0.06    0.20   10.47 ^ clkbuf_1_0__f_clk/X (sky130_fd_sc_hd__clkbuf_16)
     4    0.01                           clknet_1_0__leaf_clk (net)
                  0.06    0.00   10.47 ^ _50_/CLK (sky130_fd_sc_hd__dfrtp_1)
                         -0.25   10.22   clock uncertainty
                          0.00   10.22   clock reconvergence pessimism
                          0.46   10.69   library recovery time
                                 10.69   data required time
-----------------------------------------------------------------------------
                                 10.69   data required time
                                 -2.48   data arrival time
-----------------------------------------------------------------------------
                                  8.21   slack (MET)


Startpoint: rst (input port clocked by clk)
Endpoint: _57_ (recovery check against rising-edge clock clk)
Path Group: asynchronous
Path Type: max
Corner: Slowest

Fanout     Cap    Slew   Delay    Time   Description
-----------------------------------------------------------------------------
                          0.00    0.00   clock clk (rise edge)
                          0.00    0.00   clock network delay (propagated)
                          2.00    2.00 v input external delay
                  0.02    0.01    2.01 v rst (in)
     1    0.00                           rst (net)
                  0.02    0.00    2.01 v input1/A (sky130_fd_sc_hd__clkbuf_4)
                  0.17    0.34    2.35 v input1/X (sky130_fd_sc_hd__clkbuf_4)
     8    0.04                           net1 (net)
                  0.17    0.00    2.36 v _49_/A (sky130_fd_sc_hd__inv_2)
                  0.06    0.12    2.47 ^ _49_/Y (sky130_fd_sc_hd__inv_2)
     1    0.00                           _15_ (net)
                  0.06    0.00    2.48 ^ _57_/RESET_B (sky130_fd_sc_hd__dfrtp_1)
                                  2.48   data arrival time

                         10.00   10.00   clock clk (rise edge)
                          0.00   10.00   clock source latency
                  0.09    0.06   10.06 ^ clk (in)
     1    0.01                           clk (net)
                  0.09    0.00   10.06 ^ clkbuf_0_clk/A (sky130_fd_sc_hd__clkbuf_16)
                  0.07    0.22   10.28 ^ clkbuf_0_clk/X (sky130_fd_sc_hd__clkbuf_16)
     2    0.02                           clknet_0_clk (net)
                  0.07    0.00   10.28 ^ clkbuf_1_1__f_clk/A (sky130_fd_sc_hd__clkbuf_16)
                  0.06    0.20   10.47 ^ clkbuf_1_1__f_clk/X (sky130_fd_sc_hd__clkbuf_16)
     4    0.01                           clknet_1_1__leaf_clk (net)
                  0.06    0.00   10.47 ^ _57_/CLK (sky130_fd_sc_hd__dfrtp_1)
                         -0.25   10.22   clock uncertainty
                          0.00   10.22   clock reconvergence pessimism
                          0.46   10.69   library recovery time
                                 10.69   data required time
-----------------------------------------------------------------------------
                                 10.69   data required time
                                 -2.48   data arrival time
-----------------------------------------------------------------------------
                                  8.21   slack (MET)


Startpoint: rst (input port clocked by clk)
Endpoint: _52_ (recovery check against rising-edge clock clk)
Path Group: asynchronous
Path Type: max
Corner: Slowest

Fanout     Cap    Slew   Delay    Time   Description
-----------------------------------------------------------------------------
                          0.00    0.00   clock clk (rise edge)
                          0.00    0.00   clock network delay (propagated)
                          2.00    2.00 v input external delay
                  0.02    0.01    2.01 v rst (in)
     1    0.00                           rst (net)
                  0.02    0.00    2.01 v input1/A (sky130_fd_sc_hd__clkbuf_4)
                  0.17    0.34    2.35 v input1/X (sky130_fd_sc_hd__clkbuf_4)
     8    0.04                           net1 (net)
                  0.17    0.00    2.35 v _44_/A (sky130_fd_sc_hd__inv_2)
                  0.06    0.12    2.47 ^ _44_/Y (sky130_fd_sc_hd__inv_2)
     1    0.00                           _10_ (net)
                  0.06    0.00    2.47 ^ _52_/RESET_B (sky130_fd_sc_hd__dfrtp_1)
                                  2.47   data arrival time

                         10.00   10.00   clock clk (rise edge)
                          0.00   10.00   clock source latency
                  0.09    0.06   10.06 ^ clk (in)
     1    0.01                           clk (net)
                  0.09    0.00   10.06 ^ clkbuf_0_clk/A (sky130_fd_sc_hd__clkbuf_16)
                  0.07    0.22   10.28 ^ clkbuf_0_clk/X (sky130_fd_sc_hd__clkbuf_16)
     2    0.02                           clknet_0_clk (net)
                  0.07    0.00   10.28 ^ clkbuf_1_0__f_clk/A (sky130_fd_sc_hd__clkbuf_16)
                  0.06    0.20   10.47 ^ clkbuf_1_0__f_clk/X (sky130_fd_sc_hd__clkbuf_16)
     4    0.01                           clknet_1_0__leaf_clk (net)
                  0.06    0.00   10.47 ^ _52_/CLK (sky130_fd_sc_hd__dfrtp_1)
                         -0.25   10.22   clock uncertainty
                          0.00   10.22   clock reconvergence pessimism
                          0.46   10.69   library recovery time
                                 10.69   data required time
-----------------------------------------------------------------------------
                                 10.69   data required time
                                 -2.47   data arrival time
-----------------------------------------------------------------------------
                                  8.21   slack (MET)


Startpoint: rst (input port clocked by clk)
Endpoint: _53_ (recovery check against rising-edge clock clk)
Path Group: asynchronous
Path Type: max
Corner: Slowest

Fanout     Cap    Slew   Delay    Time   Description
-----------------------------------------------------------------------------
                          0.00    0.00   clock clk (rise edge)
                          0.00    0.00   clock network delay (propagated)
                          2.00    2.00 v input external delay
                  0.02    0.01    2.01 v rst (in)
     1    0.00                           rst (net)
                  0.02    0.00    2.01 v input1/A (sky130_fd_sc_hd__clkbuf_4)
                  0.17    0.34    2.35 v input1/X (sky130_fd_sc_hd__clkbuf_4)
     8    0.04                           net1 (net)
                  0.17    0.00    2.36 v _45_/A (sky130_fd_sc_hd__inv_2)
                  0.06    0.12    2.47 ^ _45_/Y (sky130_fd_sc_hd__inv_2)
     1    0.00                           _11_ (net)
                  0.06    0.00    2.47 ^ _53_/RESET_B (sky130_fd_sc_hd__dfrtp_1)
                                  2.47   data arrival time

                         10.00   10.00   clock clk (rise edge)
                          0.00   10.00   clock source latency
                  0.09    0.06   10.06 ^ clk (in)
     1    0.01                           clk (net)
                  0.09    0.00   10.06 ^ clkbuf_0_clk/A (sky130_fd_sc_hd__clkbuf_16)
                  0.07    0.22   10.28 ^ clkbuf_0_clk/X (sky130_fd_sc_hd__clkbuf_16)
     2    0.02                           clknet_0_clk (net)
                  0.07    0.00   10.28 ^ clkbuf_1_0__f_clk/A (sky130_fd_sc_hd__clkbuf_16)
                  0.06    0.20   10.47 ^ clkbuf_1_0__f_clk/X (sky130_fd_sc_hd__clkbuf_16)
     4    0.01                           clknet_1_0__leaf_clk (net)
                  0.06    0.00   10.47 ^ _53_/CLK (sky130_fd_sc_hd__dfrtp_1)
                         -0.25   10.22   clock uncertainty
                          0.00   10.22   clock reconvergence pessimism
                          0.46   10.69   library recovery time
                                 10.69   data required time
-----------------------------------------------------------------------------
                                 10.69   data required time
                                 -2.47   data arrival time
-----------------------------------------------------------------------------
                                  8.21   slack (MET)


Startpoint: rst (input port clocked by clk)
Endpoint: _55_ (recovery check against rising-edge clock clk)
Path Group: asynchronous
Path Type: max
Corner: Slowest

Fanout     Cap    Slew   Delay    Time   Description
-----------------------------------------------------------------------------
                          0.00    0.00   clock clk (rise edge)
                          0.00    0.00   clock network delay (propagated)
                          2.00    2.00 v input external delay
                  0.02    0.01    2.01 v rst (in)
     1    0.00                           rst (net)
                  0.02    0.00    2.01 v input1/A (sky130_fd_sc_hd__clkbuf_4)
                  0.17    0.34    2.35 v input1/X (sky130_fd_sc_hd__clkbuf_4)
     8    0.04                           net1 (net)
                  0.17    0.00    2.36 v _47_/A (sky130_fd_sc_hd__inv_2)
                  0.06    0.11    2.47 ^ _47_/Y (sky130_fd_sc_hd__inv_2)
     1    0.00                           _13_ (net)
                  0.06    0.00    2.47 ^ _55_/RESET_B (sky130_fd_sc_hd__dfrtp_1)
                                  2.47   data arrival time

                         10.00   10.00   clock clk (rise edge)
                          0.00   10.00   clock source latency
                  0.09    0.06   10.06 ^ clk (in)
     1    0.01                           clk (net)
                  0.09    0.00   10.06 ^ clkbuf_0_clk/A (sky130_fd_sc_hd__clkbuf_16)
                  0.07    0.22   10.28 ^ clkbuf_0_clk/X (sky130_fd_sc_hd__clkbuf_16)
     2    0.02                           clknet_0_clk (net)
                  0.07    0.00   10.28 ^ clkbuf_1_1__f_clk/A (sky130_fd_sc_hd__clkbuf_16)
                  0.06    0.20   10.47 ^ clkbuf_1_1__f_clk/X (sky130_fd_sc_hd__clkbuf_16)
     4    0.01                           clknet_1_1__leaf_clk (net)
                  0.06    0.00   10.47 ^ _55_/CLK (sky130_fd_sc_hd__dfrtp_1)
                         -0.25   10.22   clock uncertainty
                          0.00   10.22   clock reconvergence pessimism
                          0.46   10.69   library recovery time
                                 10.69   data required time
-----------------------------------------------------------------------------
                                 10.69   data required time
                                 -2.47   data arrival time
-----------------------------------------------------------------------------
                                  8.22   slack (MET)


Startpoint: rst (input port clocked by clk)
Endpoint: _54_ (recovery check against rising-edge clock clk)
Path Group: asynchronous
Path Type: max
Corner: Slowest

Fanout     Cap    Slew   Delay    Time   Description
-----------------------------------------------------------------------------
                          0.00    0.00   clock clk (rise edge)
                          0.00    0.00   clock network delay (propagated)
                          2.00    2.00 v input external delay
                  0.02    0.01    2.01 v rst (in)
     1    0.00                           rst (net)
                  0.02    0.00    2.01 v input1/A (sky130_fd_sc_hd__clkbuf_4)
                  0.17    0.34    2.35 v input1/X (sky130_fd_sc_hd__clkbuf_4)
     8    0.04                           net1 (net)
                  0.17    0.00    2.36 v _46_/A (sky130_fd_sc_hd__inv_2)
                  0.06    0.11    2.47 ^ _46_/Y (sky130_fd_sc_hd__inv_2)
     1    0.00                           _12_ (net)
                  0.06    0.00    2.47 ^ _54_/RESET_B (sky130_fd_sc_hd__dfrtp_1)
                                  2.47   data arrival time

                         10.00   10.00   clock clk (rise edge)
                          0.00   10.00   clock source latency
                  0.09    0.06   10.06 ^ clk (in)
     1    0.01                           clk (net)
                  0.09    0.00   10.06 ^ clkbuf_0_clk/A (sky130_fd_sc_hd__clkbuf_16)
                  0.07    0.22   10.28 ^ clkbuf_0_clk/X (sky130_fd_sc_hd__clkbuf_16)
     2    0.02                           clknet_0_clk (net)
                  0.07    0.00   10.28 ^ clkbuf_1_1__f_clk/A (sky130_fd_sc_hd__clkbuf_16)
                  0.06    0.20   10.47 ^ clkbuf_1_1__f_clk/X (sky130_fd_sc_hd__clkbuf_16)
     4    0.01                           clknet_1_1__leaf_clk (net)
                  0.06    0.00   10.47 ^ _54_/CLK (sky130_fd_sc_hd__dfrtp_1)
                         -0.25   10.22   clock uncertainty
                          0.00   10.22   clock reconvergence pessimism
                          0.46   10.69   library recovery time
                                 10.69   data required time
-----------------------------------------------------------------------------
                                 10.69   data required time
                                 -2.47   data arrival time
-----------------------------------------------------------------------------
                                  8.22   slack (MET)


Startpoint: rst (input port clocked by clk)
Endpoint: _56_ (recovery check against rising-edge clock clk)
Path Group: asynchronous
Path Type: max
Corner: Slowest

Fanout     Cap    Slew   Delay    Time   Description
-----------------------------------------------------------------------------
                          0.00    0.00   clock clk (rise edge)
                          0.00    0.00   clock network delay (propagated)
                          2.00    2.00 v input external delay
                  0.02    0.01    2.01 v rst (in)
     1    0.00                           rst (net)
                  0.02    0.00    2.01 v input1/A (sky130_fd_sc_hd__clkbuf_4)
                  0.17    0.34    2.35 v input1/X (sky130_fd_sc_hd__clkbuf_4)
     8    0.04                           net1 (net)
                  0.17    0.00    2.36 v _48_/A (sky130_fd_sc_hd__inv_2)
                  0.06    0.11    2.47 ^ _48_/Y (sky130_fd_sc_hd__inv_2)
     1    0.00                           _14_ (net)
                  0.06    0.00    2.47 ^ _56_/RESET_B (sky130_fd_sc_hd__dfrtp_1)
                                  2.47   data arrival time

                         10.00   10.00   clock clk (rise edge)
                          0.00   10.00   clock source latency
                  0.09    0.06   10.06 ^ clk (in)
     1    0.01                           clk (net)
                  0.09    0.00   10.06 ^ clkbuf_0_clk/A (sky130_fd_sc_hd__clkbuf_16)
                  0.07    0.22   10.28 ^ clkbuf_0_clk/X (sky130_fd_sc_hd__clkbuf_16)
     2    0.02                           clknet_0_clk (net)
                  0.07    0.00   10.28 ^ clkbuf_1_1__f_clk/A (sky130_fd_sc_hd__clkbuf_16)
                  0.06    0.20   10.47 ^ clkbuf_1_1__f_clk/X (sky130_fd_sc_hd__clkbuf_16)
     4    0.01                           clknet_1_1__leaf_clk (net)
                  0.06    0.00   10.47 ^ _56_/CLK (sky130_fd_sc_hd__dfrtp_1)
                         -0.25   10.22   clock uncertainty
                          0.00   10.22   clock reconvergence pessimism
                          0.46   10.69   library recovery time
                                 10.69   data required time
-----------------------------------------------------------------------------
                                 10.69   data required time
                                 -2.47   data arrival time
-----------------------------------------------------------------------------
                                  8.22   slack (MET)



======================= Typical Corner ===================================

Startpoint: _51_ (rising edge-triggered flip-flop clocked by clk)
Endpoint: debug_out[1] (output port clocked by clk)
Path Group: clk
Path Type: max
Corner: Typical

Fanout     Cap    Slew   Delay    Time   Description
-----------------------------------------------------------------------------
                          0.00    0.00   clock clk (rise edge)
                          0.00    0.00   clock source latency
                  0.06    0.04    0.04 ^ clk (in)
     1    0.01                           clk (net)
                  0.06    0.00    0.04 ^ clkbuf_0_clk/A (sky130_fd_sc_hd__clkbuf_16)
                  0.04    0.14    0.18 ^ clkbuf_0_clk/X (sky130_fd_sc_hd__clkbuf_16)
     2    0.02                           clknet_0_clk (net)
                  0.04    0.00    0.18 ^ clkbuf_1_0__f_clk/A (sky130_fd_sc_hd__clkbuf_16)
                  0.03    0.12    0.30 ^ clkbuf_1_0__f_clk/X (sky130_fd_sc_hd__clkbuf_16)
     4    0.01                           clknet_1_0__leaf_clk (net)
                  0.03    0.00    0.30 ^ _51_/CLK (sky130_fd_sc_hd__dfrtp_1)
                  0.18    0.44    0.74 ^ _51_/Q (sky130_fd_sc_hd__dfrtp_1)
     5    0.02                           net3 (net)
                  0.18    0.00    0.74 ^ output3/A (sky130_fd_sc_hd__buf_2)
                  0.17    0.26    1.00 ^ output3/X (sky130_fd_sc_hd__buf_2)
     1    0.03                           debug_out[1] (net)
                  0.17    0.00    1.00 ^ debug_out[1] (out)
                                  1.00   data arrival time

                         10.00   10.00   clock clk (rise edge)
                          0.00   10.00   clock network delay (propagated)
                         -0.25    9.75   clock uncertainty
                          0.00    9.75   clock reconvergence pessimism
                         -2.00    7.75   output external delay
                                  7.75   data required time
-----------------------------------------------------------------------------
                                  7.75   data required time
                                 -1.00   data arrival time
-----------------------------------------------------------------------------
                                  6.75   slack (MET)


Startpoint: _50_ (rising edge-triggered flip-flop clocked by clk)
Endpoint: debug_out[0] (output port clocked by clk)
Path Group: clk
Path Type: max
Corner: Typical

Fanout     Cap    Slew   Delay    Time   Description
-----------------------------------------------------------------------------
                          0.00    0.00   clock clk (rise edge)
                          0.00    0.00   clock source latency
                  0.06    0.04    0.04 ^ clk (in)
     1    0.01                           clk (net)
                  0.06    0.00    0.04 ^ clkbuf_0_clk/A (sky130_fd_sc_hd__clkbuf_16)
                  0.04    0.14    0.18 ^ clkbuf_0_clk/X (sky130_fd_sc_hd__clkbuf_16)
     2    0.02                           clknet_0_clk (net)
                  0.04    0.00    0.18 ^ clkbuf_1_0__f_clk/A (sky130_fd_sc_hd__clkbuf_16)
                  0.03    0.12    0.30 ^ clkbuf_1_0__f_clk/X (sky130_fd_sc_hd__clkbuf_16)
     4    0.01                           clknet_1_0__leaf_clk (net)
                  0.03    0.00    0.30 ^ _50_/CLK (sky130_fd_sc_hd__dfrtp_1)
                  0.18    0.43    0.74 ^ _50_/Q (sky130_fd_sc_hd__dfrtp_1)
     6    0.02                           net2 (net)
                  0.18    0.00    0.74 ^ output2/A (sky130_fd_sc_hd__clkbuf_4)
                  0.13    0.25    0.99 ^ output2/X (sky130_fd_sc_hd__clkbuf_4)
     1    0.04                           debug_out[0] (net)
                  0.13    0.00    0.99 ^ debug_out[0] (out)
                                  0.99   data arrival time

                         10.00   10.00   clock clk (rise edge)
                          0.00   10.00   clock network delay (propagated)
                         -0.25    9.75   clock uncertainty
                          0.00    9.75   clock reconvergence pessimism
                         -2.00    7.75   output external delay
                                  7.75   data required time
-----------------------------------------------------------------------------
                                  7.75   data required time
                                 -0.99   data arrival time
-----------------------------------------------------------------------------
                                  6.76   slack (MET)


Startpoint: _55_ (rising edge-triggered flip-flop clocked by clk)
Endpoint: debug_out[5] (output port clocked by clk)
Path Group: clk
Path Type: max
Corner: Typical

Fanout     Cap    Slew   Delay    Time   Description
-----------------------------------------------------------------------------
                          0.00    0.00   clock clk (rise edge)
                          0.00    0.00   clock source latency
                  0.06    0.04    0.04 ^ clk (in)
     1    0.01                           clk (net)
                  0.06    0.00    0.04 ^ clkbuf_0_clk/A (sky130_fd_sc_hd__clkbuf_16)
                  0.04    0.14    0.18 ^ clkbuf_0_clk/X (sky130_fd_sc_hd__clkbuf_16)
     2    0.02                           clknet_0_clk (net)
                  0.04    0.00    0.18 ^ clkbuf_1_1__f_clk/A (sky130_fd_sc_hd__clkbuf_16)
                  0.03    0.12    0.30 ^ clkbuf_1_1__f_clk/X (sky130_fd_sc_hd__clkbuf_16)
     4    0.01                           clknet_1_1__leaf_clk (net)
                  0.03    0.00    0.30 ^ _55_/CLK (sky130_fd_sc_hd__dfrtp_1)
                  0.09    0.42    0.72 v _55_/Q (sky130_fd_sc_hd__dfrtp_1)
     4    0.01                           net7 (net)
                  0.09    0.00    0.73 v output7/A (sky130_fd_sc_hd__clkbuf_4)
                  0.08    0.21    0.94 v output7/X (sky130_fd_sc_hd__clkbuf_4)
     1    0.03                           debug_out[5] (net)
                  0.08    0.00    0.94 v debug_out[5] (out)
                                  0.94   data arrival time

                         10.00   10.00   clock clk (rise edge)
                          0.00   10.00   clock network delay (propagated)
                         -0.25    9.75   clock uncertainty
                          0.00    9.75   clock reconvergence pessimism
                         -2.00    7.75   output external delay
                                  7.75   data required time
-----------------------------------------------------------------------------
                                  7.75   data required time
                                 -0.94   data arrival time
-----------------------------------------------------------------------------
                                  6.81   slack (MET)


Startpoint: _52_ (rising edge-triggered flip-flop clocked by clk)
Endpoint: debug_out[2] (output port clocked by clk)
Path Group: clk
Path Type: max
Corner: Typical

Fanout     Cap    Slew   Delay    Time   Description
-----------------------------------------------------------------------------
                          0.00    0.00   clock clk (rise edge)
                          0.00    0.00   clock source latency
                  0.06    0.04    0.04 ^ clk (in)
     1    0.01                           clk (net)
                  0.06    0.00    0.04 ^ clkbuf_0_clk/A (sky130_fd_sc_hd__clkbuf_16)
                  0.04    0.14    0.18 ^ clkbuf_0_clk/X (sky130_fd_sc_hd__clkbuf_16)
     2    0.02                           clknet_0_clk (net)
                  0.04    0.00    0.18 ^ clkbuf_1_0__f_clk/A (sky130_fd_sc_hd__clkbuf_16)
                  0.03    0.12    0.30 ^ clkbuf_1_0__f_clk/X (sky130_fd_sc_hd__clkbuf_16)
     4    0.01                           clknet_1_0__leaf_clk (net)
                  0.03    0.00    0.30 ^ _52_/CLK (sky130_fd_sc_hd__dfrtp_1)
                  0.08    0.41    0.71 v _52_/Q (sky130_fd_sc_hd__dfrtp_1)
     4    0.01                           net4 (net)
                  0.08    0.00    0.71 v output4/A (sky130_fd_sc_hd__clkbuf_4)
                  0.08    0.21    0.92 v output4/X (sky130_fd_sc_hd__clkbuf_4)
     1    0.04                           debug_out[2] (net)
                  0.08    0.00    0.92 v debug_out[2] (out)
                                  0.92   data arrival time

                         10.00   10.00   clock clk (rise edge)
                          0.00   10.00   clock network delay (propagated)
                         -0.25    9.75   clock uncertainty
                          0.00    9.75   clock reconvergence pessimism
                         -2.00    7.75   output external delay
                                  7.75   data required time
-----------------------------------------------------------------------------
                                  7.75   data required time
                                 -0.92   data arrival time
-----------------------------------------------------------------------------
                                  6.83   slack (MET)


Startpoint: _54_ (rising edge-triggered flip-flop clocked by clk)
Endpoint: debug_out[4] (output port clocked by clk)
Path Group: clk
Path Type: max
Corner: Typical

Fanout     Cap    Slew   Delay    Time   Description
-----------------------------------------------------------------------------
                          0.00    0.00   clock clk (rise edge)
                          0.00    0.00   clock source latency
                  0.06    0.04    0.04 ^ clk (in)
     1    0.01                           clk (net)
                  0.06    0.00    0.04 ^ clkbuf_0_clk/A (sky130_fd_sc_hd__clkbuf_16)
                  0.04    0.14    0.18 ^ clkbuf_0_clk/X (sky130_fd_sc_hd__clkbuf_16)
     2    0.02                           clknet_0_clk (net)
                  0.04    0.00    0.18 ^ clkbuf_1_1__f_clk/A (sky130_fd_sc_hd__clkbuf_16)
                  0.03    0.12    0.30 ^ clkbuf_1_1__f_clk/X (sky130_fd_sc_hd__clkbuf_16)
     4    0.01                           clknet_1_1__leaf_clk (net)
                  0.03    0.00    0.30 ^ _54_/CLK (sky130_fd_sc_hd__dfrtp_1)
                  0.08    0.41    0.71 v _54_/Q (sky130_fd_sc_hd__dfrtp_1)
     4    0.01                           net6 (net)
                  0.08    0.00    0.71 v output6/A (sky130_fd_sc_hd__clkbuf_4)
                  0.08    0.21    0.92 v output6/X (sky130_fd_sc_hd__clkbuf_4)
     1    0.04                           debug_out[4] (net)
                  0.08    0.00    0.92 v debug_out[4] (out)
                                  0.92   data arrival time

                         10.00   10.00   clock clk (rise edge)
                          0.00   10.00   clock network delay (propagated)
                         -0.25    9.75   clock uncertainty
                          0.00    9.75   clock reconvergence pessimism
                         -2.00    7.75   output external delay
                                  7.75   data required time
-----------------------------------------------------------------------------
                                  7.75   data required time
                                 -0.92   data arrival time
-----------------------------------------------------------------------------
                                  6.83   slack (MET)


Startpoint: _53_ (rising edge-triggered flip-flop clocked by clk)
Endpoint: debug_out[3] (output port clocked by clk)
Path Group: clk
Path Type: max
Corner: Typical

Fanout     Cap    Slew   Delay    Time   Description
-----------------------------------------------------------------------------
                          0.00    0.00   clock clk (rise edge)
                          0.00    0.00   clock source latency
                  0.06    0.04    0.04 ^ clk (in)
     1    0.01                           clk (net)
                  0.06    0.00    0.04 ^ clkbuf_0_clk/A (sky130_fd_sc_hd__clkbuf_16)
                  0.04    0.14    0.18 ^ clkbuf_0_clk/X (sky130_fd_sc_hd__clkbuf_16)
     2    0.02                           clknet_0_clk (net)
                  0.04    0.00    0.18 ^ clkbuf_1_0__f_clk/A (sky130_fd_sc_hd__clkbuf_16)
                  0.03    0.12    0.30 ^ clkbuf_1_0__f_clk/X (sky130_fd_sc_hd__clkbuf_16)
     4    0.01                           clknet_1_0__leaf_clk (net)
                  0.03    0.00    0.30 ^ _53_/CLK (sky130_fd_sc_hd__dfrtp_1)
                  0.07    0.41    0.71 v _53_/Q (sky130_fd_sc_hd__dfrtp_1)
     3    0.01                           net5 (net)
                  0.07    0.00    0.71 v output5/A (sky130_fd_sc_hd__clkbuf_4)
                  0.08    0.20    0.91 v output5/X (sky130_fd_sc_hd__clkbuf_4)
     1    0.03                           debug_out[3] (net)
                  0.08    0.00    0.92 v debug_out[3] (out)
                                  0.92   data arrival time

                         10.00   10.00   clock clk (rise edge)
                          0.00   10.00   clock network delay (propagated)
                         -0.25    9.75   clock uncertainty
                          0.00    9.75   clock reconvergence pessimism
                         -2.00    7.75   output external delay
                                  7.75   data required time
-----------------------------------------------------------------------------
                                  7.75   data required time
                                 -0.92   data arrival time
-----------------------------------------------------------------------------
                                  6.83   slack (MET)


Startpoint: _56_ (rising edge-triggered flip-flop clocked by clk)
Endpoint: debug_out[6] (output port clocked by clk)
Path Group: clk
Path Type: max
Corner: Typical

Fanout     Cap    Slew   Delay    Time   Description
-----------------------------------------------------------------------------
                          0.00    0.00   clock clk (rise edge)
                          0.00    0.00   clock source latency
                  0.06    0.04    0.04 ^ clk (in)
     1    0.01                           clk (net)
                  0.06    0.00    0.04 ^ clkbuf_0_clk/A (sky130_fd_sc_hd__clkbuf_16)
                  0.04    0.14    0.18 ^ clkbuf_0_clk/X (sky130_fd_sc_hd__clkbuf_16)
     2    0.02                           clknet_0_clk (net)
                  0.04    0.00    0.18 ^ clkbuf_1_1__f_clk/A (sky130_fd_sc_hd__clkbuf_16)
                  0.03    0.12    0.30 ^ clkbuf_1_1__f_clk/X (sky130_fd_sc_hd__clkbuf_16)
     4    0.01                           clknet_1_1__leaf_clk (net)
                  0.03    0.00    0.30 ^ _56_/CLK (sky130_fd_sc_hd__dfrtp_1)
                  0.07    0.40    0.70 v _56_/Q (sky130_fd_sc_hd__dfrtp_1)
     3    0.01                           net8 (net)
                  0.07    0.00    0.70 v output8/A (sky130_fd_sc_hd__clkbuf_4)
                  0.08    0.20    0.90 v output8/X (sky130_fd_sc_hd__clkbuf_4)
     1    0.03                           debug_out[6] (net)
                  0.08    0.00    0.90 v debug_out[6] (out)
                                  0.90   data arrival time

                         10.00   10.00   clock clk (rise edge)
                          0.00   10.00   clock network delay (propagated)
                         -0.25    9.75   clock uncertainty
                          0.00    9.75   clock reconvergence pessimism
                         -2.00    7.75   output external delay
                                  7.75   data required time
-----------------------------------------------------------------------------
                                  7.75   data required time
                                 -0.90   data arrival time
-----------------------------------------------------------------------------
                                  6.85   slack (MET)


Startpoint: _57_ (rising edge-triggered flip-flop clocked by clk)
Endpoint: debug_out[7] (output port clocked by clk)
Path Group: clk
Path Type: max
Corner: Typical

Fanout     Cap    Slew   Delay    Time   Description
-----------------------------------------------------------------------------
                          0.00    0.00   clock clk (rise edge)
                          0.00    0.00   clock source latency
                  0.06    0.04    0.04 ^ clk (in)
     1    0.01                           clk (net)
                  0.06    0.00    0.04 ^ clkbuf_0_clk/A (sky130_fd_sc_hd__clkbuf_16)
                  0.04    0.14    0.18 ^ clkbuf_0_clk/X (sky130_fd_sc_hd__clkbuf_16)
     2    0.02                           clknet_0_clk (net)
                  0.04    0.00    0.18 ^ clkbuf_1_1__f_clk/A (sky130_fd_sc_hd__clkbuf_16)
                  0.03    0.12    0.30 ^ clkbuf_1_1__f_clk/X (sky130_fd_sc_hd__clkbuf_16)
     4    0.01                           clknet_1_1__leaf_clk (net)
                  0.03    0.00    0.30 ^ _57_/CLK (sky130_fd_sc_hd__dfrtp_1)
                  0.06    0.39    0.69 v _57_/Q (sky130_fd_sc_hd__dfrtp_1)
     2    0.01                           net9 (net)
                  0.06    0.00    0.69 v output9/A (sky130_fd_sc_hd__clkbuf_4)
                  0.08    0.20    0.89 v output9/X (sky130_fd_sc_hd__clkbuf_4)
     1    0.04                           debug_out[7] (net)
                  0.08    0.00    0.89 v debug_out[7] (out)
                                  0.89   data arrival time

                         10.00   10.00   clock clk (rise edge)
                          0.00   10.00   clock network delay (propagated)
                         -0.25    9.75   clock uncertainty
                          0.00    9.75   clock reconvergence pessimism
                         -2.00    7.75   output external delay
                                  7.75   data required time
-----------------------------------------------------------------------------
                                  7.75   data required time
                                 -0.89   data arrival time
-----------------------------------------------------------------------------
                                  6.86   slack (MET)


Startpoint: rst (input port clocked by clk)
Endpoint: _51_ (recovery check against rising-edge clock clk)
Path Group: asynchronous
Path Type: max
Corner: Typical

Fanout     Cap    Slew   Delay    Time   Description
-----------------------------------------------------------------------------
                          0.00    0.00   clock clk (rise edge)
                          0.00    0.00   clock network delay (propagated)
                          2.00    2.00 v input external delay
                  0.01    0.01    2.01 v rst (in)
     1    0.00                           rst (net)
                  0.01    0.00    2.01 v input1/A (sky130_fd_sc_hd__clkbuf_4)
                  0.10    0.19    2.19 v input1/X (sky130_fd_sc_hd__clkbuf_4)
     8    0.04                           net1 (net)
                  0.10    0.00    2.20 v _43_/A (sky130_fd_sc_hd__inv_2)
                  0.04    0.07    2.27 ^ _43_/Y (sky130_fd_sc_hd__inv_2)
     1    0.01                           _09_ (net)
                  0.04    0.00    2.27 ^ _51_/RESET_B (sky130_fd_sc_hd__dfrtp_1)
                                  2.27   data arrival time

                         10.00   10.00   clock clk (rise edge)
                          0.00   10.00   clock source latency
                  0.06    0.04   10.04 ^ clk (in)
     1    0.01                           clk (net)
                  0.06    0.00   10.04 ^ clkbuf_0_clk/A (sky130_fd_sc_hd__clkbuf_16)
                  0.04    0.12   10.16 ^ clkbuf_0_clk/X (sky130_fd_sc_hd__clkbuf_16)
     2    0.02                           clknet_0_clk (net)
                  0.04    0.00   10.16 ^ clkbuf_1_0__f_clk/A (sky130_fd_sc_hd__clkbuf_16)
                  0.03    0.11   10.27 ^ clkbuf_1_0__f_clk/X (sky130_fd_sc_hd__clkbuf_16)
     4    0.01                           clknet_1_0__leaf_clk (net)
                  0.03    0.00   10.27 ^ _51_/CLK (sky130_fd_sc_hd__dfrtp_1)
                         -0.25   10.02   clock uncertainty
                          0.00   10.02   clock reconvergence pessimism
                          0.23   10.25   library recovery time
                                 10.25   data required time
-----------------------------------------------------------------------------
                                 10.25   data required time
                                 -2.27   data arrival time
-----------------------------------------------------------------------------
                                  7.98   slack (MET)


Startpoint: rst (input port clocked by clk)
Endpoint: _50_ (recovery check against rising-edge clock clk)
Path Group: asynchronous
Path Type: max
Corner: Typical

Fanout     Cap    Slew   Delay    Time   Description
-----------------------------------------------------------------------------
                          0.00    0.00   clock clk (rise edge)
                          0.00    0.00   clock network delay (propagated)
                          2.00    2.00 v input external delay
                  0.01    0.01    2.01 v rst (in)
     1    0.00                           rst (net)
                  0.01    0.00    2.01 v input1/A (sky130_fd_sc_hd__clkbuf_4)
                  0.10    0.19    2.19 v input1/X (sky130_fd_sc_hd__clkbuf_4)
     8    0.04                           net1 (net)
                  0.10    0.00    2.20 v _42_/A (sky130_fd_sc_hd__inv_2)
                  0.04    0.07    2.27 ^ _42_/Y (sky130_fd_sc_hd__inv_2)
     1    0.00                           _08_ (net)
                  0.04    0.00    2.27 ^ _50_/RESET_B (sky130_fd_sc_hd__dfrtp_1)
                                  2.27   data arrival time

                         10.00   10.00   clock clk (rise edge)
                          0.00   10.00   clock source latency
                  0.06    0.04   10.04 ^ clk (in)
     1    0.01                           clk (net)
                  0.06    0.00   10.04 ^ clkbuf_0_clk/A (sky130_fd_sc_hd__clkbuf_16)
                  0.04    0.12   10.16 ^ clkbuf_0_clk/X (sky130_fd_sc_hd__clkbuf_16)
     2    0.02                           clknet_0_clk (net)
                  0.04    0.00   10.16 ^ clkbuf_1_0__f_clk/A (sky130_fd_sc_hd__clkbuf_16)
                  0.03    0.11   10.27 ^ clkbuf_1_0__f_clk/X (sky130_fd_sc_hd__clkbuf_16)
     4    0.01                           clknet_1_0__leaf_clk (net)
                  0.03    0.00   10.27 ^ _50_/CLK (sky130_fd_sc_hd__dfrtp_1)
                         -0.25   10.02   clock uncertainty
                          0.00   10.02   clock reconvergence pessimism
                          0.23   10.25   library recovery time
                                 10.25   data required time
-----------------------------------------------------------------------------
                                 10.25   data required time
                                 -2.27   data arrival time
-----------------------------------------------------------------------------
                                  7.98   slack (MET)


Startpoint: rst (input port clocked by clk)
Endpoint: _57_ (recovery check against rising-edge clock clk)
Path Group: asynchronous
Path Type: max
Corner: Typical

Fanout     Cap    Slew   Delay    Time   Description
-----------------------------------------------------------------------------
                          0.00    0.00   clock clk (rise edge)
                          0.00    0.00   clock network delay (propagated)
                          2.00    2.00 v input external delay
                  0.01    0.01    2.01 v rst (in)
     1    0.00                           rst (net)
                  0.01    0.00    2.01 v input1/A (sky130_fd_sc_hd__clkbuf_4)
                  0.10    0.19    2.19 v input1/X (sky130_fd_sc_hd__clkbuf_4)
     8    0.04                           net1 (net)
                  0.10    0.00    2.20 v _49_/A (sky130_fd_sc_hd__inv_2)
                  0.04    0.07    2.27 ^ _49_/Y (sky130_fd_sc_hd__inv_2)
     1    0.00                           _15_ (net)
                  0.04    0.00    2.27 ^ _57_/RESET_B (sky130_fd_sc_hd__dfrtp_1)
                                  2.27   data arrival time

                         10.00   10.00   clock clk (rise edge)
                          0.00   10.00   clock source latency
                  0.06    0.04   10.04 ^ clk (in)
     1    0.01                           clk (net)
                  0.06    0.00   10.04 ^ clkbuf_0_clk/A (sky130_fd_sc_hd__clkbuf_16)
                  0.04    0.12   10.16 ^ clkbuf_0_clk/X (sky130_fd_sc_hd__clkbuf_16)
     2    0.02                           clknet_0_clk (net)
                  0.04    0.00   10.16 ^ clkbuf_1_1__f_clk/A (sky130_fd_sc_hd__clkbuf_16)
                  0.03    0.11   10.27 ^ clkbuf_1_1__f_clk/X (sky130_fd_sc_hd__clkbuf_16)
     4    0.01                           clknet_1_1__leaf_clk (net)
                  0.03    0.00   10.27 ^ _57_/CLK (sky130_fd_sc_hd__dfrtp_1)
                         -0.25   10.02   clock uncertainty
                          0.00   10.02   clock reconvergence pessimism
                          0.23   10.25   library recovery time
                                 10.25   data required time
-----------------------------------------------------------------------------
                                 10.25   data required time
                                 -2.27   data arrival time
-----------------------------------------------------------------------------
                                  7.98   slack (MET)


Startpoint: rst (input port clocked by clk)
Endpoint: _53_ (recovery check against rising-edge clock clk)
Path Group: asynchronous
Path Type: max
Corner: Typical

Fanout     Cap    Slew   Delay    Time   Description
-----------------------------------------------------------------------------
                          0.00    0.00   clock clk (rise edge)
                          0.00    0.00   clock network delay (propagated)
                          2.00    2.00 v input external delay
                  0.01    0.01    2.01 v rst (in)
     1    0.00                           rst (net)
                  0.01    0.00    2.01 v input1/A (sky130_fd_sc_hd__clkbuf_4)
                  0.10    0.19    2.19 v input1/X (sky130_fd_sc_hd__clkbuf_4)
     8    0.04                           net1 (net)
                  0.10    0.00    2.20 v _45_/A (sky130_fd_sc_hd__inv_2)
                  0.04    0.07    2.27 ^ _45_/Y (sky130_fd_sc_hd__inv_2)
     1    0.00                           _11_ (net)
                  0.04    0.00    2.27 ^ _53_/RESET_B (sky130_fd_sc_hd__dfrtp_1)
                                  2.27   data arrival time

                         10.00   10.00   clock clk (rise edge)
                          0.00   10.00   clock source latency
                  0.06    0.04   10.04 ^ clk (in)
     1    0.01                           clk (net)
                  0.06    0.00   10.04 ^ clkbuf_0_clk/A (sky130_fd_sc_hd__clkbuf_16)
                  0.04    0.12   10.16 ^ clkbuf_0_clk/X (sky130_fd_sc_hd__clkbuf_16)
     2    0.02                           clknet_0_clk (net)
                  0.04    0.00   10.16 ^ clkbuf_1_0__f_clk/A (sky130_fd_sc_hd__clkbuf_16)
                  0.03    0.11   10.27 ^ clkbuf_1_0__f_clk/X (sky130_fd_sc_hd__clkbuf_16)
     4    0.01                           clknet_1_0__leaf_clk (net)
                  0.03    0.00   10.27 ^ _53_/CLK (sky130_fd_sc_hd__dfrtp_1)
                         -0.25   10.02   clock uncertainty
                          0.00   10.02   clock reconvergence pessimism
                          0.23   10.25   library recovery time
                                 10.25   data required time
-----------------------------------------------------------------------------
                                 10.25   data required time
                                 -2.27   data arrival time
-----------------------------------------------------------------------------
                                  7.98   slack (MET)


Startpoint: rst (input port clocked by clk)
Endpoint: _52_ (recovery check against rising-edge clock clk)
Path Group: asynchronous
Path Type: max
Corner: Typical

Fanout     Cap    Slew   Delay    Time   Description
-----------------------------------------------------------------------------
                          0.00    0.00   clock clk (rise edge)
                          0.00    0.00   clock network delay (propagated)
                          2.00    2.00 v input external delay
                  0.01    0.01    2.01 v rst (in)
     1    0.00                           rst (net)
                  0.01    0.00    2.01 v input1/A (sky130_fd_sc_hd__clkbuf_4)
                  0.10    0.19    2.19 v input1/X (sky130_fd_sc_hd__clkbuf_4)
     8    0.04                           net1 (net)
                  0.10    0.00    2.20 v _44_/A (sky130_fd_sc_hd__inv_2)
                  0.04    0.07    2.27 ^ _44_/Y (sky130_fd_sc_hd__inv_2)
     1    0.00                           _10_ (net)
                  0.04    0.00    2.27 ^ _52_/RESET_B (sky130_fd_sc_hd__dfrtp_1)
                                  2.27   data arrival time

                         10.00   10.00   clock clk (rise edge)
                          0.00   10.00   clock source latency
                  0.06    0.04   10.04 ^ clk (in)
     1    0.01                           clk (net)
                  0.06    0.00   10.04 ^ clkbuf_0_clk/A (sky130_fd_sc_hd__clkbuf_16)
                  0.04    0.12   10.16 ^ clkbuf_0_clk/X (sky130_fd_sc_hd__clkbuf_16)
     2    0.02                           clknet_0_clk (net)
                  0.04    0.00   10.16 ^ clkbuf_1_0__f_clk/A (sky130_fd_sc_hd__clkbuf_16)
                  0.03    0.11   10.27 ^ clkbuf_1_0__f_clk/X (sky130_fd_sc_hd__clkbuf_16)
     4    0.01                           clknet_1_0__leaf_clk (net)
                  0.03    0.00   10.27 ^ _52_/CLK (sky130_fd_sc_hd__dfrtp_1)
                         -0.25   10.02   clock uncertainty
                          0.00   10.02   clock reconvergence pessimism
                          0.23   10.25   library recovery time
                                 10.25   data required time
-----------------------------------------------------------------------------
                                 10.25   data required time
                                 -2.27   data arrival time
-----------------------------------------------------------------------------
                                  7.98   slack (MET)


Startpoint: rst (input port clocked by clk)
Endpoint: _56_ (recovery check against rising-edge clock clk)
Path Group: asynchronous
Path Type: max
Corner: Typical

Fanout     Cap    Slew   Delay    Time   Description
-----------------------------------------------------------------------------
                          0.00    0.00   clock clk (rise edge)
                          0.00    0.00   clock network delay (propagated)
                          2.00    2.00 v input external delay
                  0.01    0.01    2.01 v rst (in)
     1    0.00                           rst (net)
                  0.01    0.00    2.01 v input1/A (sky130_fd_sc_hd__clkbuf_4)
                  0.10    0.19    2.19 v input1/X (sky130_fd_sc_hd__clkbuf_4)
     8    0.04                           net1 (net)
                  0.10    0.00    2.20 v _48_/A (sky130_fd_sc_hd__inv_2)
                  0.04    0.07    2.27 ^ _48_/Y (sky130_fd_sc_hd__inv_2)
     1    0.00                           _14_ (net)
                  0.04    0.00    2.27 ^ _56_/RESET_B (sky130_fd_sc_hd__dfrtp_1)
                                  2.27   data arrival time

                         10.00   10.00   clock clk (rise edge)
                          0.00   10.00   clock source latency
                  0.06    0.04   10.04 ^ clk (in)
     1    0.01                           clk (net)
                  0.06    0.00   10.04 ^ clkbuf_0_clk/A (sky130_fd_sc_hd__clkbuf_16)
                  0.04    0.12   10.16 ^ clkbuf_0_clk/X (sky130_fd_sc_hd__clkbuf_16)
     2    0.02                           clknet_0_clk (net)
                  0.04    0.00   10.16 ^ clkbuf_1_1__f_clk/A (sky130_fd_sc_hd__clkbuf_16)
                  0.03    0.11   10.27 ^ clkbuf_1_1__f_clk/X (sky130_fd_sc_hd__clkbuf_16)
     4    0.01                           clknet_1_1__leaf_clk (net)
                  0.03    0.00   10.27 ^ _56_/CLK (sky130_fd_sc_hd__dfrtp_1)
                         -0.25   10.02   clock uncertainty
                          0.00   10.02   clock reconvergence pessimism
                          0.23   10.25   library recovery time
                                 10.25   data required time
-----------------------------------------------------------------------------
                                 10.25   data required time
                                 -2.27   data arrival time
-----------------------------------------------------------------------------
                                  7.99   slack (MET)


Startpoint: rst (input port clocked by clk)
Endpoint: _54_ (recovery check against rising-edge clock clk)
Path Group: asynchronous
Path Type: max
Corner: Typical

Fanout     Cap    Slew   Delay    Time   Description
-----------------------------------------------------------------------------
                          0.00    0.00   clock clk (rise edge)
                          0.00    0.00   clock network delay (propagated)
                          2.00    2.00 v input external delay
                  0.01    0.01    2.01 v rst (in)
     1    0.00                           rst (net)
                  0.01    0.00    2.01 v input1/A (sky130_fd_sc_hd__clkbuf_4)
                  0.10    0.19    2.19 v input1/X (sky130_fd_sc_hd__clkbuf_4)
     8    0.04                           net1 (net)
                  0.10    0.00    2.20 v _46_/A (sky130_fd_sc_hd__inv_2)
                  0.04    0.07    2.27 ^ _46_/Y (sky130_fd_sc_hd__inv_2)
     1    0.00                           _12_ (net)
                  0.04    0.00    2.27 ^ _54_/RESET_B (sky130_fd_sc_hd__dfrtp_1)
                                  2.27   data arrival time

                         10.00   10.00   clock clk (rise edge)
                          0.00   10.00   clock source latency
                  0.06    0.04   10.04 ^ clk (in)
     1    0.01                           clk (net)
                  0.06    0.00   10.04 ^ clkbuf_0_clk/A (sky130_fd_sc_hd__clkbuf_16)
                  0.04    0.12   10.16 ^ clkbuf_0_clk/X (sky130_fd_sc_hd__clkbuf_16)
     2    0.02                           clknet_0_clk (net)
                  0.04    0.00   10.16 ^ clkbuf_1_1__f_clk/A (sky130_fd_sc_hd__clkbuf_16)
                  0.03    0.11   10.27 ^ clkbuf_1_1__f_clk/X (sky130_fd_sc_hd__clkbuf_16)
     4    0.01                           clknet_1_1__leaf_clk (net)
                  0.03    0.00   10.27 ^ _54_/CLK (sky130_fd_sc_hd__dfrtp_1)
                         -0.25   10.02   clock uncertainty
                          0.00   10.02   clock reconvergence pessimism
                          0.23   10.25   library recovery time
                                 10.25   data required time
-----------------------------------------------------------------------------
                                 10.25   data required time
                                 -2.27   data arrival time
-----------------------------------------------------------------------------
                                  7.99   slack (MET)


Startpoint: rst (input port clocked by clk)
Endpoint: _55_ (recovery check against rising-edge clock clk)
Path Group: asynchronous
Path Type: max
Corner: Typical

Fanout     Cap    Slew   Delay    Time   Description
-----------------------------------------------------------------------------
                          0.00    0.00   clock clk (rise edge)
                          0.00    0.00   clock network delay (propagated)
                          2.00    2.00 v input external delay
                  0.01    0.01    2.01 v rst (in)
     1    0.00                           rst (net)
                  0.01    0.00    2.01 v input1/A (sky130_fd_sc_hd__clkbuf_4)
                  0.10    0.19    2.19 v input1/X (sky130_fd_sc_hd__clkbuf_4)
     8    0.04                           net1 (net)
                  0.10    0.00    2.20 v _47_/A (sky130_fd_sc_hd__inv_2)
                  0.04    0.07    2.27 ^ _47_/Y (sky130_fd_sc_hd__inv_2)
     1    0.00                           _13_ (net)
                  0.04    0.00    2.27 ^ _55_/RESET_B (sky130_fd_sc_hd__dfrtp_1)
                                  2.27   data arrival time

                         10.00   10.00   clock clk (rise edge)
                          0.00   10.00   clock source latency
                  0.06    0.04   10.04 ^ clk (in)
     1    0.01                           clk (net)
                  0.06    0.00   10.04 ^ clkbuf_0_clk/A (sky130_fd_sc_hd__clkbuf_16)
                  0.04    0.12   10.16 ^ clkbuf_0_clk/X (sky130_fd_sc_hd__clkbuf_16)
     2    0.02                           clknet_0_clk (net)
                  0.04    0.00   10.16 ^ clkbuf_1_1__f_clk/A (sky130_fd_sc_hd__clkbuf_16)
                  0.03    0.11   10.27 ^ clkbuf_1_1__f_clk/X (sky130_fd_sc_hd__clkbuf_16)
     4    0.01                           clknet_1_1__leaf_clk (net)
                  0.03    0.00   10.27 ^ _55_/CLK (sky130_fd_sc_hd__dfrtp_1)
                         -0.25   10.02   clock uncertainty
                          0.00   10.02   clock reconvergence pessimism
                          0.23   10.25   library recovery time
                                 10.25   data required time
-----------------------------------------------------------------------------
                                 10.25   data required time
                                 -2.27   data arrival time
-----------------------------------------------------------------------------
                                  7.99   slack (MET)


Startpoint: _54_ (rising edge-triggered flip-flop clocked by clk)
Endpoint: _55_ (rising edge-triggered flip-flop clocked by clk)
Path Group: clk
Path Type: max
Corner: Typical

Fanout     Cap    Slew   Delay    Time   Description
-----------------------------------------------------------------------------
                          0.00    0.00   clock clk (rise edge)
                          0.00    0.00   clock source latency
                  0.06    0.04    0.04 ^ clk (in)
     1    0.01                           clk (net)
                  0.06    0.00    0.04 ^ clkbuf_0_clk/A (sky130_fd_sc_hd__clkbuf_16)
                  0.04    0.14    0.18 ^ clkbuf_0_clk/X (sky130_fd_sc_hd__clkbuf_16)
     2    0.02                           clknet_0_clk (net)
                  0.04    0.00    0.18 ^ clkbuf_1_1__f_clk/A (sky130_fd_sc_hd__clkbuf_16)
                  0.03    0.12    0.30 ^ clkbuf_1_1__f_clk/X (sky130_fd_sc_hd__clkbuf_16)
     4    0.01                           clknet_1_1__leaf_clk (net)
                  0.03    0.00    0.30 ^ _54_/CLK (sky130_fd_sc_hd__dfrtp_1)
                  0.08    0.41    0.71 v _54_/Q (sky130_fd_sc_hd__dfrtp_1)
     4    0.01                           net6 (net)
                  0.08    0.00    0.71 v hold5/A (sky130_fd_sc_hd__dlygate4sd3_1)
                  0.08    0.62    1.34 v hold5/X (sky130_fd_sc_hd__dlygate4sd3_1)
     2    0.01                           net14 (net)
                  0.08    0.00    1.34 v _37_/A1 (sky130_fd_sc_hd__a21oi_1)
                  0.12    0.15    1.49 ^ _37_/Y (sky130_fd_sc_hd__a21oi_1)
     1    0.00                           _23_ (net)
                  0.12    0.00    1.49 ^ _38_/B (sky130_fd_sc_hd__nor2_1)
                  0.04    0.06    1.55 v _38_/Y (sky130_fd_sc_hd__nor2_1)
     1    0.00                           _05_ (net)
                  0.04    0.00    1.55 v _55_/D (sky130_fd_sc_hd__dfrtp_1)
                                  1.55   data arrival time

                         10.00   10.00   clock clk (rise edge)
                          0.00   10.00   clock source latency
                  0.06    0.04   10.04 ^ clk (in)
     1    0.01                           clk (net)
                  0.06    0.00   10.04 ^ clkbuf_0_clk/A (sky130_fd_sc_hd__clkbuf_16)
                  0.04    0.12   10.16 ^ clkbuf_0_clk/X (sky130_fd_sc_hd__clkbuf_16)
     2    0.02                           clknet_0_clk (net)
                  0.04    0.00   10.16 ^ clkbuf_1_1__f_clk/A (sky130_fd_sc_hd__clkbuf_16)
                  0.03    0.11   10.27 ^ clkbuf_1_1__f_clk/X (sky130_fd_sc_hd__clkbuf_16)
     4    0.01                           clknet_1_1__leaf_clk (net)
                  0.03    0.00   10.27 ^ _55_/CLK (sky130_fd_sc_hd__dfrtp_1)
                         -0.25   10.02   clock uncertainty
                          0.03   10.05   clock reconvergence pessimism
                         -0.11    9.94   library setup time
                                  9.94   data required time
-----------------------------------------------------------------------------
                                  9.94   data required time
                                 -1.55   data arrival time
-----------------------------------------------------------------------------
                                  8.39   slack (MET)


Startpoint: _54_ (rising edge-triggered flip-flop clocked by clk)
Endpoint: _54_ (rising edge-triggered flip-flop clocked by clk)
Path Group: clk
Path Type: max
Corner: Typical

Fanout     Cap    Slew   Delay    Time   Description
-----------------------------------------------------------------------------
                          0.00    0.00   clock clk (rise edge)
                          0.00    0.00   clock source latency
                  0.06    0.04    0.04 ^ clk (in)
     1    0.01                           clk (net)
                  0.06    0.00    0.04 ^ clkbuf_0_clk/A (sky130_fd_sc_hd__clkbuf_16)
                  0.04    0.14    0.18 ^ clkbuf_0_clk/X (sky130_fd_sc_hd__clkbuf_16)
     2    0.02                           clknet_0_clk (net)
                  0.04    0.00    0.18 ^ clkbuf_1_1__f_clk/A (sky130_fd_sc_hd__clkbuf_16)
                  0.03    0.12    0.30 ^ clkbuf_1_1__f_clk/X (sky130_fd_sc_hd__clkbuf_16)
     4    0.01                           clknet_1_1__leaf_clk (net)
                  0.03    0.00    0.30 ^ _54_/CLK (sky130_fd_sc_hd__dfrtp_1)
                  0.08    0.41    0.71 v _54_/Q (sky130_fd_sc_hd__dfrtp_1)
     4    0.01                           net6 (net)
                  0.08    0.00    0.71 v hold5/A (sky130_fd_sc_hd__dlygate4sd3_1)
                  0.08    0.62    1.34 v hold5/X (sky130_fd_sc_hd__dlygate4sd3_1)
     2    0.01                           net14 (net)
                  0.08    0.00    1.34 v _35_/A (sky130_fd_sc_hd__xor2_1)
                  0.05    0.17    1.51 v _35_/X (sky130_fd_sc_hd__xor2_1)
     1    0.00                           _04_ (net)
                  0.05    0.00    1.51 v _54_/D (sky130_fd_sc_hd__dfrtp_1)
                                  1.51   data arrival time

                         10.00   10.00   clock clk (rise edge)
                          0.00   10.00   clock source latency
                  0.06    0.04   10.04 ^ clk (in)
     1    0.01                           clk (net)
                  0.06    0.00   10.04 ^ clkbuf_0_clk/A (sky130_fd_sc_hd__clkbuf_16)
                  0.04    0.12   10.16 ^ clkbuf_0_clk/X (sky130_fd_sc_hd__clkbuf_16)
     2    0.02                           clknet_0_clk (net)
                  0.04    0.00   10.16 ^ clkbuf_1_1__f_clk/A (sky130_fd_sc_hd__clkbuf_16)
                  0.03    0.11   10.27 ^ clkbuf_1_1__f_clk/X (sky130_fd_sc_hd__clkbuf_16)
     4    0.01                           clknet_1_1__leaf_clk (net)
                  0.03    0.00   10.27 ^ _54_/CLK (sky130_fd_sc_hd__dfrtp_1)
                         -0.25   10.02   clock uncertainty
                          0.03   10.05   clock reconvergence pessimism
                         -0.12    9.93   library setup time
                                  9.93   data required time
-----------------------------------------------------------------------------
                                  9.93   data required time
                                 -1.51   data arrival time
-----------------------------------------------------------------------------
                                  8.42   slack (MET)


Startpoint: _56_ (rising edge-triggered flip-flop clocked by clk)
Endpoint: _56_ (rising edge-triggered flip-flop clocked by clk)
Path Group: clk
Path Type: max
Corner: Typical

Fanout     Cap    Slew   Delay    Time   Description
-----------------------------------------------------------------------------
                          0.00    0.00   clock clk (rise edge)
                          0.00    0.00   clock source latency
                  0.06    0.04    0.04 ^ clk (in)
     1    0.01                           clk (net)
                  0.06    0.00    0.04 ^ clkbuf_0_clk/A (sky130_fd_sc_hd__clkbuf_16)
                  0.04    0.14    0.18 ^ clkbuf_0_clk/X (sky130_fd_sc_hd__clkbuf_16)
     2    0.02                           clknet_0_clk (net)
                  0.04    0.00    0.18 ^ clkbuf_1_1__f_clk/A (sky130_fd_sc_hd__clkbuf_16)
                  0.03    0.12    0.30 ^ clkbuf_1_1__f_clk/X (sky130_fd_sc_hd__clkbuf_16)
     4    0.01                           clknet_1_1__leaf_clk (net)
                  0.03    0.00    0.30 ^ _56_/CLK (sky130_fd_sc_hd__dfrtp_1)
                  0.07    0.40    0.70 v _56_/Q (sky130_fd_sc_hd__dfrtp_1)
     3    0.01                           net8 (net)
                  0.07    0.00    0.70 v hold3/A (sky130_fd_sc_hd__dlygate4sd3_1)
                  0.07    0.61    1.31 v hold3/X (sky130_fd_sc_hd__dlygate4sd3_1)
     1    0.01                           net12 (net)
                  0.07    0.00    1.31 v _39_/A (sky130_fd_sc_hd__xor2_1)
                  0.05    0.17    1.48 v _39_/X (sky130_fd_sc_hd__xor2_1)
     1    0.00                           _06_ (net)
                  0.05    0.00    1.48 v _56_/D (sky130_fd_sc_hd__dfrtp_1)
                                  1.48   data arrival time

                         10.00   10.00   clock clk (rise edge)
                          0.00   10.00   clock source latency
                  0.06    0.04   10.04 ^ clk (in)
     1    0.01                           clk (net)
                  0.06    0.00   10.04 ^ clkbuf_0_clk/A (sky130_fd_sc_hd__clkbuf_16)
                  0.04    0.12   10.16 ^ clkbuf_0_clk/X (sky130_fd_sc_hd__clkbuf_16)
     2    0.02                           clknet_0_clk (net)
                  0.04    0.00   10.16 ^ clkbuf_1_1__f_clk/A (sky130_fd_sc_hd__clkbuf_16)
                  0.03    0.11   10.27 ^ clkbuf_1_1__f_clk/X (sky130_fd_sc_hd__clkbuf_16)
     4    0.01                           clknet_1_1__leaf_clk (net)
                  0.03    0.00   10.27 ^ _56_/CLK (sky130_fd_sc_hd__dfrtp_1)
                         -0.25   10.02   clock uncertainty
                          0.03   10.05   clock reconvergence pessimism
                         -0.12    9.93   library setup time
                                  9.93   data required time
-----------------------------------------------------------------------------
                                  9.93   data required time
                                 -1.48   data arrival time
-----------------------------------------------------------------------------
                                  8.46   slack (MET)


Startpoint: _52_ (rising edge-triggered flip-flop clocked by clk)
Endpoint: _52_ (rising edge-triggered flip-flop clocked by clk)
Path Group: clk
Path Type: max
Corner: Typical

Fanout     Cap    Slew   Delay    Time   Description
-----------------------------------------------------------------------------
                          0.00    0.00   clock clk (rise edge)
                          0.00    0.00   clock source latency
                  0.06    0.04    0.04 ^ clk (in)
     1    0.01                           clk (net)
                  0.06    0.00    0.04 ^ clkbuf_0_clk/A (sky130_fd_sc_hd__clkbuf_16)
                  0.04    0.14    0.18 ^ clkbuf_0_clk/X (sky130_fd_sc_hd__clkbuf_16)
     2    0.02                           clknet_0_clk (net)
                  0.04    0.00    0.18 ^ clkbuf_1_0__f_clk/A (sky130_fd_sc_hd__clkbuf_16)
                  0.03    0.12    0.30 ^ clkbuf_1_0__f_clk/X (sky130_fd_sc_hd__clkbuf_16)
     4    0.01                           clknet_1_0__leaf_clk (net)
                  0.03    0.00    0.30 ^ _52_/CLK (sky130_fd_sc_hd__dfrtp_1)
                  0.08    0.41    0.71 v _52_/Q (sky130_fd_sc_hd__dfrtp_1)
     4    0.01                           net4 (net)
                  0.08    0.00    0.71 v hold4/A (sky130_fd_sc_hd__dlygate4sd3_1)
                  0.07    0.61    1.32 v hold4/X (sky130_fd_sc_hd__dlygate4sd3_1)
     1    0.01                           net13 (net)
                  0.07    0.00    1.32 v _30_/A (sky130_fd_sc_hd__xnor2_1)
                  0.04    0.13    1.46 v _30_/Y (sky130_fd_sc_hd__xnor2_1)
     1    0.00                           _02_ (net)
                  0.04    0.00    1.46 v _52_/D (sky130_fd_sc_hd__dfrtp_1)
                                  1.46   data arrival time

                         10.00   10.00   clock clk (rise edge)
                          0.00   10.00   clock source latency
                  0.06    0.04   10.04 ^ clk (in)
     1    0.01                           clk (net)
                  0.06    0.00   10.04 ^ clkbuf_0_clk/A (sky130_fd_sc_hd__clkbuf_16)
                  0.04    0.12   10.16 ^ clkbuf_0_clk/X (sky130_fd_sc_hd__clkbuf_16)
     2    0.02                           clknet_0_clk (net)
                  0.04    0.00   10.16 ^ clkbuf_1_0__f_clk/A (sky130_fd_sc_hd__clkbuf_16)
                  0.03    0.11   10.27 ^ clkbuf_1_0__f_clk/X (sky130_fd_sc_hd__clkbuf_16)
     4    0.01                           clknet_1_0__leaf_clk (net)
                  0.03    0.00   10.27 ^ _52_/CLK (sky130_fd_sc_hd__dfrtp_1)
                         -0.25   10.02   clock uncertainty
                          0.03   10.05   clock reconvergence pessimism
                         -0.12    9.93   library setup time
                                  9.93   data required time
-----------------------------------------------------------------------------
                                  9.93   data required time
                                 -1.46   data arrival time
-----------------------------------------------------------------------------
                                  8.48   slack (MET)


Startpoint: _57_ (rising edge-triggered flip-flop clocked by clk)
Endpoint: _57_ (rising edge-triggered flip-flop clocked by clk)
Path Group: clk
Path Type: max
Corner: Typical

Fanout     Cap    Slew   Delay    Time   Description
-----------------------------------------------------------------------------
                          0.00    0.00   clock clk (rise edge)
                          0.00    0.00   clock source latency
                  0.06    0.04    0.04 ^ clk (in)
     1    0.01                           clk (net)
                  0.06    0.00    0.04 ^ clkbuf_0_clk/A (sky130_fd_sc_hd__clkbuf_16)
                  0.04    0.14    0.18 ^ clkbuf_0_clk/X (sky130_fd_sc_hd__clkbuf_16)
     2    0.02                           clknet_0_clk (net)
                  0.04    0.00    0.18 ^ clkbuf_1_1__f_clk/A (sky130_fd_sc_hd__clkbuf_16)
                  0.03    0.12    0.30 ^ clkbuf_1_1__f_clk/X (sky130_fd_sc_hd__clkbuf_16)
     4    0.01                           clknet_1_1__leaf_clk (net)
                  0.03    0.00    0.30 ^ _57_/CLK (sky130_fd_sc_hd__dfrtp_1)
                  0.06    0.39    0.69 v _57_/Q (sky130_fd_sc_hd__dfrtp_1)
     2    0.01                           net9 (net)
                  0.06    0.00    0.69 v hold2/A (sky130_fd_sc_hd__dlygate4sd3_1)
                  0.06    0.59    1.28 v hold2/X (sky130_fd_sc_hd__dlygate4sd3_1)
     1    0.00                           net11 (net)
                  0.06    0.00    1.28 v _41_/A (sky130_fd_sc_hd__xor2_1)
                  0.05    0.17    1.45 v _41_/X (sky130_fd_sc_hd__xor2_1)
     1    0.00                           _07_ (net)
                  0.05    0.00    1.45 v _57_/D (sky130_fd_sc_hd__dfrtp_1)
                                  1.45   data arrival time

                         10.00   10.00   clock clk (rise edge)
                          0.00   10.00   clock source latency
                  0.06    0.04   10.04 ^ clk (in)
     1    0.01                           clk (net)
                  0.06    0.00   10.04 ^ clkbuf_0_clk/A (sky130_fd_sc_hd__clkbuf_16)
                  0.04    0.12   10.16 ^ clkbuf_0_clk/X (sky130_fd_sc_hd__clkbuf_16)
     2    0.02                           clknet_0_clk (net)
                  0.04    0.00   10.16 ^ clkbuf_1_1__f_clk/A (sky130_fd_sc_hd__clkbuf_16)
                  0.03    0.11   10.27 ^ clkbuf_1_1__f_clk/X (sky130_fd_sc_hd__clkbuf_16)
     4    0.01                           clknet_1_1__leaf_clk (net)
                  0.03    0.00   10.27 ^ _57_/CLK (sky130_fd_sc_hd__dfrtp_1)
                         -0.25   10.02   clock uncertainty
                          0.03   10.05   clock reconvergence pessimism
                         -0.12    9.93   library setup time
                                  9.93   data required time
-----------------------------------------------------------------------------
                                  9.93   data required time
                                 -1.45   data arrival time
-----------------------------------------------------------------------------
                                  8.48   slack (MET)


Startpoint: _50_ (rising edge-triggered flip-flop clocked by clk)
Endpoint: _50_ (rising edge-triggered flip-flop clocked by clk)
Path Group: clk
Path Type: max
Corner: Typical

Fanout     Cap    Slew   Delay    Time   Description
-----------------------------------------------------------------------------
                          0.00    0.00   clock clk (rise edge)
                          0.00    0.00   clock source latency
                  0.06    0.04    0.04 ^ clk (in)
     1    0.01                           clk (net)
                  0.06    0.00    0.04 ^ clkbuf_0_clk/A (sky130_fd_sc_hd__clkbuf_16)
                  0.04    0.14    0.18 ^ clkbuf_0_clk/X (sky130_fd_sc_hd__clkbuf_16)
     2    0.02                           clknet_0_clk (net)
                  0.04    0.00    0.18 ^ clkbuf_1_0__f_clk/A (sky130_fd_sc_hd__clkbuf_16)
                  0.03    0.12    0.30 ^ clkbuf_1_0__f_clk/X (sky130_fd_sc_hd__clkbuf_16)
     4    0.01                           clknet_1_0__leaf_clk (net)
                  0.03    0.00    0.30 ^ _50_/CLK (sky130_fd_sc_hd__dfrtp_1)
                  0.18    0.43    0.74 ^ _50_/Q (sky130_fd_sc_hd__dfrtp_1)
     6    0.02                           net2 (net)
                  0.18    0.00    0.74 ^ hold1/A (sky130_fd_sc_hd__dlygate4sd3_1)
                  0.07    0.62    1.35 ^ hold1/X (sky130_fd_sc_hd__dlygate4sd3_1)
     1    0.01                           net10 (net)
                  0.07    0.00    1.35 ^ _25_/A (sky130_fd_sc_hd__inv_2)
                  0.02    0.03    1.38 v _25_/Y (sky130_fd_sc_hd__inv_2)
     1    0.00                           _00_ (net)
                  0.02    0.00    1.38 v _50_/D (sky130_fd_sc_hd__dfrtp_1)
                                  1.38   data arrival time

                         10.00   10.00   clock clk (rise edge)
                          0.00   10.00   clock source latency
                  0.06    0.04   10.04 ^ clk (in)
     1    0.01                           clk (net)
                  0.06    0.00   10.04 ^ clkbuf_0_clk/A (sky130_fd_sc_hd__clkbuf_16)
                  0.04    0.12   10.16 ^ clkbuf_0_clk/X (sky130_fd_sc_hd__clkbuf_16)
     2    0.02                           clknet_0_clk (net)
                  0.04    0.00   10.16 ^ clkbuf_1_0__f_clk/A (sky130_fd_sc_hd__clkbuf_16)
                  0.03    0.11   10.27 ^ clkbuf_1_0__f_clk/X (sky130_fd_sc_hd__clkbuf_16)
     4    0.01                           clknet_1_0__leaf_clk (net)
                  0.03    0.00   10.27 ^ _50_/CLK (sky130_fd_sc_hd__dfrtp_1)
                         -0.25   10.02   clock uncertainty
                          0.03   10.05   clock reconvergence pessimism
                         -0.11    9.95   library setup time
                                  9.95   data required time
-----------------------------------------------------------------------------
                                  9.95   data required time
                                 -1.38   data arrival time
-----------------------------------------------------------------------------
                                  8.56   slack (MET)


Startpoint: _51_ (rising edge-triggered flip-flop clocked by clk)
Endpoint: _53_ (rising edge-triggered flip-flop clocked by clk)
Path Group: clk
Path Type: max
Corner: Typical

Fanout     Cap    Slew   Delay    Time   Description
-----------------------------------------------------------------------------
                          0.00    0.00   clock clk (rise edge)
                          0.00    0.00   clock source latency
                  0.06    0.04    0.04 ^ clk (in)
     1    0.01                           clk (net)
                  0.06    0.00    0.04 ^ clkbuf_0_clk/A (sky130_fd_sc_hd__clkbuf_16)
                  0.04    0.14    0.18 ^ clkbuf_0_clk/X (sky130_fd_sc_hd__clkbuf_16)
     2    0.02                           clknet_0_clk (net)
                  0.04    0.00    0.18 ^ clkbuf_1_0__f_clk/A (sky130_fd_sc_hd__clkbuf_16)
                  0.03    0.12    0.30 ^ clkbuf_1_0__f_clk/X (sky130_fd_sc_hd__clkbuf_16)
     4    0.01                           clknet_1_0__leaf_clk (net)
                  0.03    0.00    0.30 ^ _51_/CLK (sky130_fd_sc_hd__dfrtp_1)
                  0.18    0.44    0.74 ^ _51_/Q (sky130_fd_sc_hd__dfrtp_1)
     5    0.02                           net3 (net)
                  0.18    0.00    0.74 ^ _31_/B (sky130_fd_sc_hd__and4_2)
                  0.13    0.33    1.07 ^ _31_/X (sky130_fd_sc_hd__and4_2)
     5    0.02                           _19_ (net)
                  0.13    0.00    1.07 ^ _33_/A_N (sky130_fd_sc_hd__and2b_1)
                  0.03    0.20    1.28 v _33_/X (sky130_fd_sc_hd__and2b_1)
     1    0.00                           _21_ (net)
                  0.03    0.00    1.28 v _34_/A (sky130_fd_sc_hd__clkbuf_1)
                  0.03    0.09    1.36 v _34_/X (sky130_fd_sc_hd__clkbuf_1)
     1    0.00                           _03_ (net)
                  0.03    0.00    1.36 v _53_/D (sky130_fd_sc_hd__dfrtp_1)
                                  1.36   data arrival time

                         10.00   10.00   clock clk (rise edge)
                          0.00   10.00   clock source latency
                  0.06    0.04   10.04 ^ clk (in)
     1    0.01                           clk (net)
                  0.06    0.00   10.04 ^ clkbuf_0_clk/A (sky130_fd_sc_hd__clkbuf_16)
                  0.04    0.12   10.16 ^ clkbuf_0_clk/X (sky130_fd_sc_hd__clkbuf_16)
     2    0.02                           clknet_0_clk (net)
                  0.04    0.00   10.16 ^ clkbuf_1_0__f_clk/A (sky130_fd_sc_hd__clkbuf_16)
                  0.03    0.11   10.27 ^ clkbuf_1_0__f_clk/X (sky130_fd_sc_hd__clkbuf_16)
     4    0.01                           clknet_1_0__leaf_clk (net)
                  0.03    0.00   10.27 ^ _53_/CLK (sky130_fd_sc_hd__dfrtp_1)
                         -0.25   10.02   clock uncertainty
                          0.03   10.05   clock reconvergence pessimism
                         -0.11    9.94   library setup time
                                  9.94   data required time
-----------------------------------------------------------------------------
                                  9.94   data required time
                                 -1.36   data arrival time
-----------------------------------------------------------------------------
                                  8.58   slack (MET)


Startpoint: _50_ (rising edge-triggered flip-flop clocked by clk)
Endpoint: _51_ (rising edge-triggered flip-flop clocked by clk)
Path Group: clk
Path Type: max
Corner: Typical

Fanout     Cap    Slew   Delay    Time   Description
-----------------------------------------------------------------------------
                          0.00    0.00   clock clk (rise edge)
                          0.00    0.00   clock source latency
                  0.06    0.04    0.04 ^ clk (in)
     1    0.01                           clk (net)
                  0.06    0.00    0.04 ^ clkbuf_0_clk/A (sky130_fd_sc_hd__clkbuf_16)
                  0.04    0.14    0.18 ^ clkbuf_0_clk/X (sky130_fd_sc_hd__clkbuf_16)
     2    0.02                           clknet_0_clk (net)
                  0.04    0.00    0.18 ^ clkbuf_1_0__f_clk/A (sky130_fd_sc_hd__clkbuf_16)
                  0.03    0.12    0.30 ^ clkbuf_1_0__f_clk/X (sky130_fd_sc_hd__clkbuf_16)
     4    0.01                           clknet_1_0__leaf_clk (net)
                  0.03    0.00    0.30 ^ _50_/CLK (sky130_fd_sc_hd__dfrtp_1)
                  0.11    0.44    0.74 v _50_/Q (sky130_fd_sc_hd__dfrtp_1)
     6    0.02                           net2 (net)
                  0.11    0.00    0.74 v _27_/A (sky130_fd_sc_hd__or2_1)
                  0.07    0.28    1.02 v _27_/X (sky130_fd_sc_hd__or2_1)
     1    0.01                           _17_ (net)
                  0.07    0.00    1.02 v _28_/B (sky130_fd_sc_hd__and2_1)
                  0.04    0.17    1.20 v _28_/X (sky130_fd_sc_hd__and2_1)
     1    0.00                           _18_ (net)
                  0.04    0.00    1.20 v _29_/A (sky130_fd_sc_hd__clkbuf_1)
                  0.03    0.09    1.29 v _29_/X (sky130_fd_sc_hd__clkbuf_1)
     1    0.00                           _01_ (net)
                  0.03    0.00    1.29 v _51_/D (sky130_fd_sc_hd__dfrtp_1)
                                  1.29   data arrival time

                         10.00   10.00   clock clk (rise edge)
                          0.00   10.00   clock source latency
                  0.06    0.04   10.04 ^ clk (in)
     1    0.01                           clk (net)
                  0.06    0.00   10.04 ^ clkbuf_0_clk/A (sky130_fd_sc_hd__clkbuf_16)
                  0.04    0.12   10.16 ^ clkbuf_0_clk/X (sky130_fd_sc_hd__clkbuf_16)
     2    0.02                           clknet_0_clk (net)
                  0.04    0.00   10.16 ^ clkbuf_1_0__f_clk/A (sky130_fd_sc_hd__clkbuf_16)
                  0.03    0.11   10.27 ^ clkbuf_1_0__f_clk/X (sky130_fd_sc_hd__clkbuf_16)
     4    0.01                           clknet_1_0__leaf_clk (net)
                  0.03    0.00   10.27 ^ _51_/CLK (sky130_fd_sc_hd__dfrtp_1)
                         -0.25   10.02   clock uncertainty
                          0.03   10.05   clock reconvergence pessimism
                         -0.11    9.94   library setup time
                                  9.94   data required time
-----------------------------------------------------------------------------
                                  9.94   data required time
                                 -1.29   data arrival time
-----------------------------------------------------------------------------
                                  8.65   slack (MET)



