OpenROAD 41a51eaf4ca2171c92ff38afb91eb37bbd3f36da 
This program is licensed under the BSD-3 license. See the LICENSE file for details.
Components of this program may be licensed under more restrictive licenses which must be honored.
[INFO]: Reading ODB at '/openlane/designs/noc_router/runs/RUN_2026.05.30_11.05.29/results/cts/noc_top.odb'…
define_corners Typical
read_liberty -corner Typical /home/puvvadakarthikchowdary/.volare/sky130A/libs.ref/sky130_fd_sc_hd/lib/sky130_fd_sc_hd__tt_025C_1v80.lib
Using 1e-12 for capacitance...
Using 1e+03 for resistance...
Using 1e-09 for time...
Using 1e+00 for voltage...
Using 1e-03 for current...
Using 1e-09 for power...
Using 1e-06 for distance...
Reading design constraints file at '/openlane/designs/noc_router/runs/RUN_2026.05.30_11.05.29/results/cts/noc_top.sdc'…
[INFO]: Setting RC values...
min_report

===========================================================================
report_checks -path_delay min (Hold)
============================================================================
======================= Typical Corner ===================================

Startpoint: _50_ (rising edge-triggered flip-flop clocked by clk)
Endpoint: _50_ (rising edge-triggered flip-flop clocked by clk)
Path Group: clk
Path Type: min

Fanout     Cap    Slew   Delay    Time   Description
-----------------------------------------------------------------------------
                          0.00    0.00   clock clk (rise edge)
                          0.00    0.00   clock source latency
                  0.06    0.04    0.04 ^ clk (in)
     1    0.01                           clk (net)
                  0.06    0.00    0.04 ^ clkbuf_0_clk/A (sky130_fd_sc_hd__clkbuf_16)
                  0.04    0.12    0.16 ^ clkbuf_0_clk/X (sky130_fd_sc_hd__clkbuf_16)
     2    0.02                           clknet_0_clk (net)
                  0.04    0.00    0.16 ^ clkbuf_1_0__f_clk/A (sky130_fd_sc_hd__clkbuf_16)
                  0.03    0.11    0.26 ^ clkbuf_1_0__f_clk/X (sky130_fd_sc_hd__clkbuf_16)
     4    0.01                           clknet_1_0__leaf_clk (net)
                  0.03    0.00    0.26 ^ _50_/CLK (sky130_fd_sc_hd__dfrtp_2)
                  0.10    0.37    0.63 ^ _50_/Q (sky130_fd_sc_hd__dfrtp_2)
     6    0.02                           net2 (net)
                  0.10    0.00    0.63 ^ _25_/A (sky130_fd_sc_hd__inv_2)
                  0.02    0.03    0.66 v _25_/Y (sky130_fd_sc_hd__inv_2)
     1    0.00                           _00_ (net)
                  0.02    0.00    0.66 v _50_/D (sky130_fd_sc_hd__dfrtp_2)
                                  0.66   data arrival time

                          0.00    0.00   clock clk (rise edge)
                          0.00    0.00   clock source latency
                  0.06    0.04    0.04 ^ clk (in)
     1    0.01                           clk (net)
                  0.06    0.00    0.04 ^ clkbuf_0_clk/A (sky130_fd_sc_hd__clkbuf_16)
                  0.04    0.13    0.17 ^ clkbuf_0_clk/X (sky130_fd_sc_hd__clkbuf_16)
     2    0.02                           clknet_0_clk (net)
                  0.04    0.00    0.17 ^ clkbuf_1_0__f_clk/A (sky130_fd_sc_hd__clkbuf_16)
                  0.03    0.12    0.29 ^ clkbuf_1_0__f_clk/X (sky130_fd_sc_hd__clkbuf_16)
     4    0.01                           clknet_1_0__leaf_clk (net)
                  0.03    0.00    0.29 ^ _50_/CLK (sky130_fd_sc_hd__dfrtp_2)
                          0.25    0.54   clock uncertainty
                         -0.03    0.51   clock reconvergence pessimism
                         -0.04    0.48   library hold time
                                  0.48   data required time
-----------------------------------------------------------------------------
                                  0.48   data required time
                                 -0.66   data arrival time
-----------------------------------------------------------------------------
                                  0.18   slack (MET)


Startpoint: _57_ (rising edge-triggered flip-flop clocked by clk)
Endpoint: _57_ (rising edge-triggered flip-flop clocked by clk)
Path Group: clk
Path Type: min

Fanout     Cap    Slew   Delay    Time   Description
-----------------------------------------------------------------------------
                          0.00    0.00   clock clk (rise edge)
                          0.00    0.00   clock source latency
                  0.06    0.04    0.04 ^ clk (in)
     1    0.01                           clk (net)
                  0.06    0.00    0.04 ^ clkbuf_0_clk/A (sky130_fd_sc_hd__clkbuf_16)
                  0.04    0.12    0.16 ^ clkbuf_0_clk/X (sky130_fd_sc_hd__clkbuf_16)
     2    0.02                           clknet_0_clk (net)
                  0.04    0.00    0.16 ^ clkbuf_1_1__f_clk/A (sky130_fd_sc_hd__clkbuf_16)
                  0.03    0.11    0.26 ^ clkbuf_1_1__f_clk/X (sky130_fd_sc_hd__clkbuf_16)
     4    0.01                           clknet_1_1__leaf_clk (net)
                  0.03    0.00    0.26 ^ _57_/CLK (sky130_fd_sc_hd__dfrtp_1)
                  0.08    0.33    0.59 ^ _57_/Q (sky130_fd_sc_hd__dfrtp_1)
     2    0.01                           net9 (net)
                  0.08    0.00    0.59 ^ _41_/A (sky130_fd_sc_hd__xor2_1)
                  0.04    0.06    0.65 v _41_/X (sky130_fd_sc_hd__xor2_1)
     1    0.00                           _07_ (net)
                  0.04    0.00    0.65 v _57_/D (sky130_fd_sc_hd__dfrtp_1)
                                  0.65   data arrival time

                          0.00    0.00   clock clk (rise edge)
                          0.00    0.00   clock source latency
                  0.06    0.04    0.04 ^ clk (in)
     1    0.01                           clk (net)
                  0.06    0.00    0.04 ^ clkbuf_0_clk/A (sky130_fd_sc_hd__clkbuf_16)
                  0.04    0.13    0.17 ^ clkbuf_0_clk/X (sky130_fd_sc_hd__clkbuf_16)
     2    0.02                           clknet_0_clk (net)
                  0.04    0.00    0.17 ^ clkbuf_1_1__f_clk/A (sky130_fd_sc_hd__clkbuf_16)
                  0.03    0.12    0.29 ^ clkbuf_1_1__f_clk/X (sky130_fd_sc_hd__clkbuf_16)
     4    0.01                           clknet_1_1__leaf_clk (net)
                  0.03    0.00    0.29 ^ _57_/CLK (sky130_fd_sc_hd__dfrtp_1)
                          0.25    0.54   clock uncertainty
                         -0.03    0.51   clock reconvergence pessimism
                         -0.04    0.47   library hold time
                                  0.47   data required time
-----------------------------------------------------------------------------
                                  0.47   data required time
                                 -0.65   data arrival time
-----------------------------------------------------------------------------
                                  0.18   slack (MET)


Startpoint: _56_ (rising edge-triggered flip-flop clocked by clk)
Endpoint: _56_ (rising edge-triggered flip-flop clocked by clk)
Path Group: clk
Path Type: min

Fanout     Cap    Slew   Delay    Time   Description
-----------------------------------------------------------------------------
                          0.00    0.00   clock clk (rise edge)
                          0.00    0.00   clock source latency
                  0.06    0.04    0.04 ^ clk (in)
     1    0.01                           clk (net)
                  0.06    0.00    0.04 ^ clkbuf_0_clk/A (sky130_fd_sc_hd__clkbuf_16)
                  0.04    0.12    0.16 ^ clkbuf_0_clk/X (sky130_fd_sc_hd__clkbuf_16)
     2    0.02                           clknet_0_clk (net)
                  0.04    0.00    0.16 ^ clkbuf_1_1__f_clk/A (sky130_fd_sc_hd__clkbuf_16)
                  0.03    0.11    0.26 ^ clkbuf_1_1__f_clk/X (sky130_fd_sc_hd__clkbuf_16)
     4    0.01                           clknet_1_1__leaf_clk (net)
                  0.03    0.00    0.26 ^ _56_/CLK (sky130_fd_sc_hd__dfrtp_1)
                  0.09    0.33    0.60 ^ _56_/Q (sky130_fd_sc_hd__dfrtp_1)
     3    0.01                           net8 (net)
                  0.09    0.00    0.60 ^ _39_/A (sky130_fd_sc_hd__xor2_1)
                  0.03    0.07    0.66 v _39_/X (sky130_fd_sc_hd__xor2_1)
     1    0.00                           _06_ (net)
                  0.03    0.00    0.66 v _56_/D (sky130_fd_sc_hd__dfrtp_1)
                                  0.66   data arrival time

                          0.00    0.00   clock clk (rise edge)
                          0.00    0.00   clock source latency
                  0.06    0.04    0.04 ^ clk (in)
     1    0.01                           clk (net)
                  0.06    0.00    0.04 ^ clkbuf_0_clk/A (sky130_fd_sc_hd__clkbuf_16)
                  0.04    0.13    0.17 ^ clkbuf_0_clk/X (sky130_fd_sc_hd__clkbuf_16)
     2    0.02                           clknet_0_clk (net)
                  0.04    0.00    0.17 ^ clkbuf_1_1__f_clk/A (sky130_fd_sc_hd__clkbuf_16)
                  0.03    0.12    0.29 ^ clkbuf_1_1__f_clk/X (sky130_fd_sc_hd__clkbuf_16)
     4    0.01                           clknet_1_1__leaf_clk (net)
                  0.03    0.00    0.29 ^ _56_/CLK (sky130_fd_sc_hd__dfrtp_1)
                          0.25    0.54   clock uncertainty
                         -0.03    0.51   clock reconvergence pessimism
                         -0.04    0.47   library hold time
                                  0.47   data required time
-----------------------------------------------------------------------------
                                  0.47   data required time
                                 -0.66   data arrival time
-----------------------------------------------------------------------------
                                  0.19   slack (MET)


Startpoint: _52_ (rising edge-triggered flip-flop clocked by clk)
Endpoint: _52_ (rising edge-triggered flip-flop clocked by clk)
Path Group: clk
Path Type: min

Fanout     Cap    Slew   Delay    Time   Description
-----------------------------------------------------------------------------
                          0.00    0.00   clock clk (rise edge)
                          0.00    0.00   clock source latency
                  0.06    0.04    0.04 ^ clk (in)
     1    0.01                           clk (net)
                  0.06    0.00    0.04 ^ clkbuf_0_clk/A (sky130_fd_sc_hd__clkbuf_16)
                  0.04    0.12    0.16 ^ clkbuf_0_clk/X (sky130_fd_sc_hd__clkbuf_16)
     2    0.02                           clknet_0_clk (net)
                  0.04    0.00    0.16 ^ clkbuf_1_0__f_clk/A (sky130_fd_sc_hd__clkbuf_16)
                  0.03    0.11    0.26 ^ clkbuf_1_0__f_clk/X (sky130_fd_sc_hd__clkbuf_16)
     4    0.01                           clknet_1_0__leaf_clk (net)
                  0.03    0.00    0.26 ^ _52_/CLK (sky130_fd_sc_hd__dfrtp_1)
                  0.12    0.36    0.62 ^ _52_/Q (sky130_fd_sc_hd__dfrtp_1)
     4    0.01                           net4 (net)
                  0.12    0.00    0.62 ^ _30_/A (sky130_fd_sc_hd__xnor2_1)
                  0.03    0.08    0.70 v _30_/Y (sky130_fd_sc_hd__xnor2_1)
     1    0.00                           _02_ (net)
                  0.03    0.00    0.70 v _52_/D (sky130_fd_sc_hd__dfrtp_1)
                                  0.70   data arrival time

                          0.00    0.00   clock clk (rise edge)
                          0.00    0.00   clock source latency
                  0.06    0.04    0.04 ^ clk (in)
     1    0.01                           clk (net)
                  0.06    0.00    0.04 ^ clkbuf_0_clk/A (sky130_fd_sc_hd__clkbuf_16)
                  0.04    0.13    0.17 ^ clkbuf_0_clk/X (sky130_fd_sc_hd__clkbuf_16)
     2    0.02                           clknet_0_clk (net)
                  0.04    0.00    0.17 ^ clkbuf_1_0__f_clk/A (sky130_fd_sc_hd__clkbuf_16)
                  0.03    0.12    0.29 ^ clkbuf_1_0__f_clk/X (sky130_fd_sc_hd__clkbuf_16)
     4    0.01                           clknet_1_0__leaf_clk (net)
                  0.03    0.00    0.29 ^ _52_/CLK (sky130_fd_sc_hd__dfrtp_1)
                          0.25    0.54   clock uncertainty
                         -0.03    0.51   clock reconvergence pessimism
                         -0.04    0.47   library hold time
                                  0.47   data required time
-----------------------------------------------------------------------------
                                  0.47   data required time
                                 -0.70   data arrival time
-----------------------------------------------------------------------------
                                  0.23   slack (MET)


Startpoint: _54_ (rising edge-triggered flip-flop clocked by clk)
Endpoint: _54_ (rising edge-triggered flip-flop clocked by clk)
Path Group: clk
Path Type: min

Fanout     Cap    Slew   Delay    Time   Description
-----------------------------------------------------------------------------
                          0.00    0.00   clock clk (rise edge)
                          0.00    0.00   clock source latency
                  0.06    0.04    0.04 ^ clk (in)
     1    0.01                           clk (net)
                  0.06    0.00    0.04 ^ clkbuf_0_clk/A (sky130_fd_sc_hd__clkbuf_16)
                  0.04    0.12    0.16 ^ clkbuf_0_clk/X (sky130_fd_sc_hd__clkbuf_16)
     2    0.02                           clknet_0_clk (net)
                  0.04    0.00    0.16 ^ clkbuf_1_1__f_clk/A (sky130_fd_sc_hd__clkbuf_16)
                  0.03    0.11    0.26 ^ clkbuf_1_1__f_clk/X (sky130_fd_sc_hd__clkbuf_16)
     4    0.01                           clknet_1_1__leaf_clk (net)
                  0.03    0.00    0.26 ^ _54_/CLK (sky130_fd_sc_hd__dfrtp_1)
                  0.13    0.36    0.63 ^ _54_/Q (sky130_fd_sc_hd__dfrtp_1)
     5    0.01                           net6 (net)
                  0.13    0.00    0.63 ^ _35_/A (sky130_fd_sc_hd__xor2_1)
                  0.03    0.07    0.70 v _35_/X (sky130_fd_sc_hd__xor2_1)
     1    0.00                           _04_ (net)
                  0.03    0.00    0.70 v _54_/D (sky130_fd_sc_hd__dfrtp_1)
                                  0.70   data arrival time

                          0.00    0.00   clock clk (rise edge)
                          0.00    0.00   clock source latency
                  0.06    0.04    0.04 ^ clk (in)
     1    0.01                           clk (net)
                  0.06    0.00    0.04 ^ clkbuf_0_clk/A (sky130_fd_sc_hd__clkbuf_16)
                  0.04    0.13    0.17 ^ clkbuf_0_clk/X (sky130_fd_sc_hd__clkbuf_16)
     2    0.02                           clknet_0_clk (net)
                  0.04    0.00    0.17 ^ clkbuf_1_1__f_clk/A (sky130_fd_sc_hd__clkbuf_16)
                  0.03    0.12    0.29 ^ clkbuf_1_1__f_clk/X (sky130_fd_sc_hd__clkbuf_16)
     4    0.01                           clknet_1_1__leaf_clk (net)
                  0.03    0.00    0.29 ^ _54_/CLK (sky130_fd_sc_hd__dfrtp_1)
                          0.25    0.54   clock uncertainty
                         -0.03    0.51   clock reconvergence pessimism
                         -0.04    0.47   library hold time
                                  0.47   data required time
-----------------------------------------------------------------------------
                                  0.47   data required time
                                 -0.70   data arrival time
-----------------------------------------------------------------------------
                                  0.23   slack (MET)


Startpoint: _55_ (rising edge-triggered flip-flop clocked by clk)
Endpoint: _55_ (rising edge-triggered flip-flop clocked by clk)
Path Group: clk
Path Type: min

Fanout     Cap    Slew   Delay    Time   Description
-----------------------------------------------------------------------------
                          0.00    0.00   clock clk (rise edge)
                          0.00    0.00   clock source latency
                  0.06    0.04    0.04 ^ clk (in)
     1    0.01                           clk (net)
                  0.06    0.00    0.04 ^ clkbuf_0_clk/A (sky130_fd_sc_hd__clkbuf_16)
                  0.04    0.12    0.16 ^ clkbuf_0_clk/X (sky130_fd_sc_hd__clkbuf_16)
     2    0.02                           clknet_0_clk (net)
                  0.04    0.00    0.16 ^ clkbuf_1_1__f_clk/A (sky130_fd_sc_hd__clkbuf_16)
                  0.03    0.11    0.26 ^ clkbuf_1_1__f_clk/X (sky130_fd_sc_hd__clkbuf_16)
     4    0.01                           clknet_1_1__leaf_clk (net)
                  0.03    0.00    0.26 ^ _55_/CLK (sky130_fd_sc_hd__dfrtp_1)
                  0.10    0.34    0.61 ^ _55_/Q (sky130_fd_sc_hd__dfrtp_1)
     4    0.01                           net7 (net)
                  0.10    0.00    0.61 ^ _37_/B1 (sky130_fd_sc_hd__a21oi_1)
                  0.04    0.05    0.65 v _37_/Y (sky130_fd_sc_hd__a21oi_1)
     1    0.00                           _23_ (net)
                  0.04    0.00    0.65 v _38_/B (sky130_fd_sc_hd__nor2_1)
                  0.07    0.07    0.72 ^ _38_/Y (sky130_fd_sc_hd__nor2_1)
     1    0.00                           _05_ (net)
                  0.07    0.00    0.72 ^ _55_/D (sky130_fd_sc_hd__dfrtp_1)
                                  0.72   data arrival time

                          0.00    0.00   clock clk (rise edge)
                          0.00    0.00   clock source latency
                  0.06    0.04    0.04 ^ clk (in)
     1    0.01                           clk (net)
                  0.06    0.00    0.04 ^ clkbuf_0_clk/A (sky130_fd_sc_hd__clkbuf_16)
                  0.04    0.13    0.17 ^ clkbuf_0_clk/X (sky130_fd_sc_hd__clkbuf_16)
     2    0.02                           clknet_0_clk (net)
                  0.04    0.00    0.17 ^ clkbuf_1_1__f_clk/A (sky130_fd_sc_hd__clkbuf_16)
                  0.03    0.12    0.29 ^ clkbuf_1_1__f_clk/X (sky130_fd_sc_hd__clkbuf_16)
     4    0.01                           clknet_1_1__leaf_clk (net)
                  0.03    0.00    0.29 ^ _55_/CLK (sky130_fd_sc_hd__dfrtp_1)
                          0.25    0.54   clock uncertainty
                         -0.03    0.51   clock reconvergence pessimism
                         -0.04    0.47   library hold time
                                  0.47   data required time
-----------------------------------------------------------------------------
                                  0.47   data required time
                                 -0.72   data arrival time
-----------------------------------------------------------------------------
                                  0.25   slack (MET)


Startpoint: _53_ (rising edge-triggered flip-flop clocked by clk)
Endpoint: _53_ (rising edge-triggered flip-flop clocked by clk)
Path Group: clk
Path Type: min

Fanout     Cap    Slew   Delay    Time   Description
-----------------------------------------------------------------------------
                          0.00    0.00   clock clk (rise edge)
                          0.00    0.00   clock source latency
                  0.06    0.04    0.04 ^ clk (in)
     1    0.01                           clk (net)
                  0.06    0.00    0.04 ^ clkbuf_0_clk/A (sky130_fd_sc_hd__clkbuf_16)
                  0.04    0.12    0.16 ^ clkbuf_0_clk/X (sky130_fd_sc_hd__clkbuf_16)
     2    0.02                           clknet_0_clk (net)
                  0.04    0.00    0.16 ^ clkbuf_1_0__f_clk/A (sky130_fd_sc_hd__clkbuf_16)
                  0.03    0.11    0.26 ^ clkbuf_1_0__f_clk/X (sky130_fd_sc_hd__clkbuf_16)
     4    0.01                           clknet_1_0__leaf_clk (net)
                  0.03    0.00    0.26 ^ _53_/CLK (sky130_fd_sc_hd__dfrtp_1)
                  0.08    0.33    0.59 ^ _53_/Q (sky130_fd_sc_hd__dfrtp_1)
     3    0.01                           net5 (net)
                  0.08    0.00    0.59 ^ _32_/B1 (sky130_fd_sc_hd__a31o_1)
                  0.04    0.09    0.68 ^ _32_/X (sky130_fd_sc_hd__a31o_1)
     1    0.00                           _20_ (net)
                  0.04    0.00    0.68 ^ _33_/B (sky130_fd_sc_hd__and2b_1)
                  0.04    0.10    0.78 ^ _33_/X (sky130_fd_sc_hd__and2b_1)
     1    0.00                           _21_ (net)
                  0.04    0.00    0.78 ^ _34_/A (sky130_fd_sc_hd__clkbuf_1)
                  0.04    0.07    0.85 ^ _34_/X (sky130_fd_sc_hd__clkbuf_1)
     1    0.00                           _03_ (net)
                  0.04    0.00    0.85 ^ _53_/D (sky130_fd_sc_hd__dfrtp_1)
                                  0.85   data arrival time

                          0.00    0.00   clock clk (rise edge)
                          0.00    0.00   clock source latency
                  0.06    0.04    0.04 ^ clk (in)
     1    0.01                           clk (net)
                  0.06    0.00    0.04 ^ clkbuf_0_clk/A (sky130_fd_sc_hd__clkbuf_16)
                  0.04    0.13    0.17 ^ clkbuf_0_clk/X (sky130_fd_sc_hd__clkbuf_16)
     2    0.02                           clknet_0_clk (net)
                  0.04    0.00    0.17 ^ clkbuf_1_0__f_clk/A (sky130_fd_sc_hd__clkbuf_16)
                  0.03    0.12    0.29 ^ clkbuf_1_0__f_clk/X (sky130_fd_sc_hd__clkbuf_16)
     4    0.01                           clknet_1_0__leaf_clk (net)
                  0.03    0.00    0.29 ^ _53_/CLK (sky130_fd_sc_hd__dfrtp_1)
                          0.25    0.54   clock uncertainty
                         -0.03    0.51   clock reconvergence pessimism
                         -0.04    0.48   library hold time
                                  0.48   data required time
-----------------------------------------------------------------------------
                                  0.48   data required time
                                 -0.85   data arrival time
-----------------------------------------------------------------------------
                                  0.37   slack (MET)


Startpoint: _50_ (rising edge-triggered flip-flop clocked by clk)
Endpoint: _51_ (rising edge-triggered flip-flop clocked by clk)
Path Group: clk
Path Type: min

Fanout     Cap    Slew   Delay    Time   Description
-----------------------------------------------------------------------------
                          0.00    0.00   clock clk (rise edge)
                          0.00    0.00   clock source latency
                  0.06    0.04    0.04 ^ clk (in)
     1    0.01                           clk (net)
                  0.06    0.00    0.04 ^ clkbuf_0_clk/A (sky130_fd_sc_hd__clkbuf_16)
                  0.04    0.12    0.16 ^ clkbuf_0_clk/X (sky130_fd_sc_hd__clkbuf_16)
     2    0.02                           clknet_0_clk (net)
                  0.04    0.00    0.16 ^ clkbuf_1_0__f_clk/A (sky130_fd_sc_hd__clkbuf_16)
                  0.03    0.11    0.26 ^ clkbuf_1_0__f_clk/X (sky130_fd_sc_hd__clkbuf_16)
     4    0.01                           clknet_1_0__leaf_clk (net)
                  0.03    0.00    0.26 ^ _50_/CLK (sky130_fd_sc_hd__dfrtp_2)
                  0.10    0.37    0.63 ^ _50_/Q (sky130_fd_sc_hd__dfrtp_2)
     6    0.02                           net2 (net)
                  0.10    0.00    0.63 ^ _27_/A (sky130_fd_sc_hd__or2_1)
                  0.04    0.10    0.73 ^ _27_/X (sky130_fd_sc_hd__or2_1)
     1    0.00                           _17_ (net)
                  0.04    0.00    0.73 ^ _28_/B (sky130_fd_sc_hd__and2_1)
                  0.05    0.11    0.84 ^ _28_/X (sky130_fd_sc_hd__and2_1)
     1    0.00                           _18_ (net)
                  0.05    0.00    0.84 ^ _29_/A (sky130_fd_sc_hd__clkbuf_1)
                  0.04    0.07    0.91 ^ _29_/X (sky130_fd_sc_hd__clkbuf_1)
     1    0.00                           _01_ (net)
                  0.04    0.00    0.91 ^ _51_/D (sky130_fd_sc_hd__dfrtp_1)
                                  0.91   data arrival time

                          0.00    0.00   clock clk (rise edge)
                          0.00    0.00   clock source latency
                  0.06    0.04    0.04 ^ clk (in)
     1    0.01                           clk (net)
                  0.06    0.00    0.04 ^ clkbuf_0_clk/A (sky130_fd_sc_hd__clkbuf_16)
                  0.04    0.13    0.17 ^ clkbuf_0_clk/X (sky130_fd_sc_hd__clkbuf_16)
     2    0.02                           clknet_0_clk (net)
                  0.04    0.00    0.17 ^ clkbuf_1_0__f_clk/A (sky130_fd_sc_hd__clkbuf_16)
                  0.03    0.12    0.29 ^ clkbuf_1_0__f_clk/X (sky130_fd_sc_hd__clkbuf_16)
     4    0.01                           clknet_1_0__leaf_clk (net)
                  0.03    0.00    0.29 ^ _51_/CLK (sky130_fd_sc_hd__dfrtp_1)
                          0.25    0.54   clock uncertainty
                         -0.03    0.51   clock reconvergence pessimism
                         -0.04    0.48   library hold time
                                  0.48   data required time
-----------------------------------------------------------------------------
                                  0.48   data required time
                                 -0.91   data arrival time
-----------------------------------------------------------------------------
                                  0.43   slack (MET)


Startpoint: rst (input port clocked by clk)
Endpoint: _52_ (removal check against rising-edge clock clk)
Path Group: asynchronous
Path Type: min

Fanout     Cap    Slew   Delay    Time   Description
-----------------------------------------------------------------------------
                          0.00    0.00   clock clk (rise edge)
                          0.00    0.00   clock network delay (propagated)
                          2.00    2.00 v input external delay
                  0.01    0.00    2.00 v rst (in)
     1    0.00                           rst (net)
                  0.01    0.00    2.00 v input1/A (sky130_fd_sc_hd__clkbuf_4)
                  0.09    0.17    2.17 v input1/X (sky130_fd_sc_hd__clkbuf_4)
     8    0.04                           net1 (net)
                  0.09    0.00    2.17 v _44_/A (sky130_fd_sc_hd__inv_2)
                  0.04    0.06    2.23 ^ _44_/Y (sky130_fd_sc_hd__inv_2)
     1    0.00                           _10_ (net)
                  0.04    0.00    2.23 ^ _52_/RESET_B (sky130_fd_sc_hd__dfrtp_1)
                                  2.23   data arrival time

                          0.00    0.00   clock clk (rise edge)
                          0.00    0.00   clock source latency
                  0.06    0.04    0.04 ^ clk (in)
     1    0.01                           clk (net)
                  0.06    0.00    0.04 ^ clkbuf_0_clk/A (sky130_fd_sc_hd__clkbuf_16)
                  0.04    0.13    0.17 ^ clkbuf_0_clk/X (sky130_fd_sc_hd__clkbuf_16)
     2    0.02                           clknet_0_clk (net)
                  0.04    0.00    0.17 ^ clkbuf_1_0__f_clk/A (sky130_fd_sc_hd__clkbuf_16)
                  0.03    0.12    0.29 ^ clkbuf_1_0__f_clk/X (sky130_fd_sc_hd__clkbuf_16)
     4    0.01                           clknet_1_0__leaf_clk (net)
                  0.03    0.00    0.29 ^ _52_/CLK (sky130_fd_sc_hd__dfrtp_1)
                          0.25    0.54   clock uncertainty
                          0.00    0.54   clock reconvergence pessimism
                          0.31    0.86   library removal time
                                  0.86   data required time
-----------------------------------------------------------------------------
                                  0.86   data required time
                                 -2.23   data arrival time
-----------------------------------------------------------------------------
                                  1.37   slack (MET)


Startpoint: rst (input port clocked by clk)
Endpoint: _54_ (removal check against rising-edge clock clk)
Path Group: asynchronous
Path Type: min

Fanout     Cap    Slew   Delay    Time   Description
-----------------------------------------------------------------------------
                          0.00    0.00   clock clk (rise edge)
                          0.00    0.00   clock network delay (propagated)
                          2.00    2.00 v input external delay
                  0.01    0.00    2.00 v rst (in)
     1    0.00                           rst (net)
                  0.01    0.00    2.00 v input1/A (sky130_fd_sc_hd__clkbuf_4)
                  0.09    0.17    2.17 v input1/X (sky130_fd_sc_hd__clkbuf_4)
     8    0.04                           net1 (net)
                  0.09    0.00    2.17 v _46_/A (sky130_fd_sc_hd__inv_2)
                  0.04    0.06    2.23 ^ _46_/Y (sky130_fd_sc_hd__inv_2)
     1    0.00                           _12_ (net)
                  0.04    0.00    2.23 ^ _54_/RESET_B (sky130_fd_sc_hd__dfrtp_1)
                                  2.23   data arrival time

                          0.00    0.00   clock clk (rise edge)
                          0.00    0.00   clock source latency
                  0.06    0.04    0.04 ^ clk (in)
     1    0.01                           clk (net)
                  0.06    0.00    0.04 ^ clkbuf_0_clk/A (sky130_fd_sc_hd__clkbuf_16)
                  0.04    0.13    0.17 ^ clkbuf_0_clk/X (sky130_fd_sc_hd__clkbuf_16)
     2    0.02                           clknet_0_clk (net)
                  0.04    0.00    0.17 ^ clkbuf_1_1__f_clk/A (sky130_fd_sc_hd__clkbuf_16)
                  0.03    0.12    0.29 ^ clkbuf_1_1__f_clk/X (sky130_fd_sc_hd__clkbuf_16)
     4    0.01                           clknet_1_1__leaf_clk (net)
                  0.03    0.00    0.29 ^ _54_/CLK (sky130_fd_sc_hd__dfrtp_1)
                          0.25    0.54   clock uncertainty
                          0.00    0.54   clock reconvergence pessimism
                          0.31    0.86   library removal time
                                  0.86   data required time
-----------------------------------------------------------------------------
                                  0.86   data required time
                                 -2.23   data arrival time
-----------------------------------------------------------------------------
                                  1.37   slack (MET)


Startpoint: rst (input port clocked by clk)
Endpoint: _51_ (removal check against rising-edge clock clk)
Path Group: asynchronous
Path Type: min

Fanout     Cap    Slew   Delay    Time   Description
-----------------------------------------------------------------------------
                          0.00    0.00   clock clk (rise edge)
                          0.00    0.00   clock network delay (propagated)
                          2.00    2.00 v input external delay
                  0.01    0.00    2.00 v rst (in)
     1    0.00                           rst (net)
                  0.01    0.00    2.00 v input1/A (sky130_fd_sc_hd__clkbuf_4)
                  0.09    0.17    2.17 v input1/X (sky130_fd_sc_hd__clkbuf_4)
     8    0.04                           net1 (net)
                  0.09    0.00    2.17 v _43_/A (sky130_fd_sc_hd__inv_2)
                  0.04    0.06    2.23 ^ _43_/Y (sky130_fd_sc_hd__inv_2)
     1    0.00                           _09_ (net)
                  0.04    0.00    2.23 ^ _51_/RESET_B (sky130_fd_sc_hd__dfrtp_1)
                                  2.23   data arrival time

                          0.00    0.00   clock clk (rise edge)
                          0.00    0.00   clock source latency
                  0.06    0.04    0.04 ^ clk (in)
     1    0.01                           clk (net)
                  0.06    0.00    0.04 ^ clkbuf_0_clk/A (sky130_fd_sc_hd__clkbuf_16)
                  0.04    0.13    0.17 ^ clkbuf_0_clk/X (sky130_fd_sc_hd__clkbuf_16)
     2    0.02                           clknet_0_clk (net)
                  0.04    0.00    0.17 ^ clkbuf_1_0__f_clk/A (sky130_fd_sc_hd__clkbuf_16)
                  0.03    0.12    0.29 ^ clkbuf_1_0__f_clk/X (sky130_fd_sc_hd__clkbuf_16)
     4    0.01                           clknet_1_0__leaf_clk (net)
                  0.03    0.00    0.29 ^ _51_/CLK (sky130_fd_sc_hd__dfrtp_1)
                          0.25    0.54   clock uncertainty
                          0.00    0.54   clock reconvergence pessimism
                          0.31    0.86   library removal time
                                  0.86   data required time
-----------------------------------------------------------------------------
                                  0.86   data required time
                                 -2.23   data arrival time
-----------------------------------------------------------------------------
                                  1.37   slack (MET)


Startpoint: rst (input port clocked by clk)
Endpoint: _55_ (removal check against rising-edge clock clk)
Path Group: asynchronous
Path Type: min

Fanout     Cap    Slew   Delay    Time   Description
-----------------------------------------------------------------------------
                          0.00    0.00   clock clk (rise edge)
                          0.00    0.00   clock network delay (propagated)
                          2.00    2.00 v input external delay
                  0.01    0.00    2.00 v rst (in)
     1    0.00                           rst (net)
                  0.01    0.00    2.00 v input1/A (sky130_fd_sc_hd__clkbuf_4)
                  0.09    0.17    2.17 v input1/X (sky130_fd_sc_hd__clkbuf_4)
     8    0.04                           net1 (net)
                  0.09    0.00    2.17 v _47_/A (sky130_fd_sc_hd__inv_2)
                  0.04    0.06    2.23 ^ _47_/Y (sky130_fd_sc_hd__inv_2)
     1    0.00                           _13_ (net)
                  0.04    0.00    2.23 ^ _55_/RESET_B (sky130_fd_sc_hd__dfrtp_1)
                                  2.23   data arrival time

                          0.00    0.00   clock clk (rise edge)
                          0.00    0.00   clock source latency
                  0.06    0.04    0.04 ^ clk (in)
     1    0.01                           clk (net)
                  0.06    0.00    0.04 ^ clkbuf_0_clk/A (sky130_fd_sc_hd__clkbuf_16)
                  0.04    0.13    0.17 ^ clkbuf_0_clk/X (sky130_fd_sc_hd__clkbuf_16)
     2    0.02                           clknet_0_clk (net)
                  0.04    0.00    0.17 ^ clkbuf_1_1__f_clk/A (sky130_fd_sc_hd__clkbuf_16)
                  0.03    0.12    0.29 ^ clkbuf_1_1__f_clk/X (sky130_fd_sc_hd__clkbuf_16)
     4    0.01                           clknet_1_1__leaf_clk (net)
                  0.03    0.00    0.29 ^ _55_/CLK (sky130_fd_sc_hd__dfrtp_1)
                          0.25    0.54   clock uncertainty
                          0.00    0.54   clock reconvergence pessimism
                          0.31    0.86   library removal time
                                  0.86   data required time
-----------------------------------------------------------------------------
                                  0.86   data required time
                                 -2.23   data arrival time
-----------------------------------------------------------------------------
                                  1.37   slack (MET)


Startpoint: rst (input port clocked by clk)
Endpoint: _56_ (removal check against rising-edge clock clk)
Path Group: asynchronous
Path Type: min

Fanout     Cap    Slew   Delay    Time   Description
-----------------------------------------------------------------------------
                          0.00    0.00   clock clk (rise edge)
                          0.00    0.00   clock network delay (propagated)
                          2.00    2.00 v input external delay
                  0.01    0.00    2.00 v rst (in)
     1    0.00                           rst (net)
                  0.01    0.00    2.00 v input1/A (sky130_fd_sc_hd__clkbuf_4)
                  0.09    0.17    2.17 v input1/X (sky130_fd_sc_hd__clkbuf_4)
     8    0.04                           net1 (net)
                  0.09    0.00    2.17 v _48_/A (sky130_fd_sc_hd__inv_2)
                  0.04    0.06    2.23 ^ _48_/Y (sky130_fd_sc_hd__inv_2)
     1    0.00                           _14_ (net)
                  0.04    0.00    2.23 ^ _56_/RESET_B (sky130_fd_sc_hd__dfrtp_1)
                                  2.23   data arrival time

                          0.00    0.00   clock clk (rise edge)
                          0.00    0.00   clock source latency
                  0.06    0.04    0.04 ^ clk (in)
     1    0.01                           clk (net)
                  0.06    0.00    0.04 ^ clkbuf_0_clk/A (sky130_fd_sc_hd__clkbuf_16)
                  0.04    0.13    0.17 ^ clkbuf_0_clk/X (sky130_fd_sc_hd__clkbuf_16)
     2    0.02                           clknet_0_clk (net)
                  0.04    0.00    0.17 ^ clkbuf_1_1__f_clk/A (sky130_fd_sc_hd__clkbuf_16)
                  0.03    0.12    0.29 ^ clkbuf_1_1__f_clk/X (sky130_fd_sc_hd__clkbuf_16)
     4    0.01                           clknet_1_1__leaf_clk (net)
                  0.03    0.00    0.29 ^ _56_/CLK (sky130_fd_sc_hd__dfrtp_1)
                          0.25    0.54   clock uncertainty
                          0.00    0.54   clock reconvergence pessimism
                          0.31    0.86   library removal time
                                  0.86   data required time
-----------------------------------------------------------------------------
                                  0.86   data required time
                                 -2.23   data arrival time
-----------------------------------------------------------------------------
                                  1.37   slack (MET)


Startpoint: rst (input port clocked by clk)
Endpoint: _53_ (removal check against rising-edge clock clk)
Path Group: asynchronous
Path Type: min

Fanout     Cap    Slew   Delay    Time   Description
-----------------------------------------------------------------------------
                          0.00    0.00   clock clk (rise edge)
                          0.00    0.00   clock network delay (propagated)
                          2.00    2.00 v input external delay
                  0.01    0.00    2.00 v rst (in)
     1    0.00                           rst (net)
                  0.01    0.00    2.00 v input1/A (sky130_fd_sc_hd__clkbuf_4)
                  0.09    0.17    2.17 v input1/X (sky130_fd_sc_hd__clkbuf_4)
     8    0.04                           net1 (net)
                  0.09    0.00    2.17 v _45_/A (sky130_fd_sc_hd__inv_2)
                  0.04    0.06    2.23 ^ _45_/Y (sky130_fd_sc_hd__inv_2)
     1    0.00                           _11_ (net)
                  0.04    0.00    2.23 ^ _53_/RESET_B (sky130_fd_sc_hd__dfrtp_1)
                                  2.23   data arrival time

                          0.00    0.00   clock clk (rise edge)
                          0.00    0.00   clock source latency
                  0.06    0.04    0.04 ^ clk (in)
     1    0.01                           clk (net)
                  0.06    0.00    0.04 ^ clkbuf_0_clk/A (sky130_fd_sc_hd__clkbuf_16)
                  0.04    0.13    0.17 ^ clkbuf_0_clk/X (sky130_fd_sc_hd__clkbuf_16)
     2    0.02                           clknet_0_clk (net)
                  0.04    0.00    0.17 ^ clkbuf_1_0__f_clk/A (sky130_fd_sc_hd__clkbuf_16)
                  0.03    0.12    0.29 ^ clkbuf_1_0__f_clk/X (sky130_fd_sc_hd__clkbuf_16)
     4    0.01                           clknet_1_0__leaf_clk (net)
                  0.03    0.00    0.29 ^ _53_/CLK (sky130_fd_sc_hd__dfrtp_1)
                          0.25    0.54   clock uncertainty
                          0.00    0.54   clock reconvergence pessimism
                          0.31    0.86   library removal time
                                  0.86   data required time
-----------------------------------------------------------------------------
                                  0.86   data required time
                                 -2.23   data arrival time
-----------------------------------------------------------------------------
                                  1.37   slack (MET)


Startpoint: rst (input port clocked by clk)
Endpoint: _50_ (removal check against rising-edge clock clk)
Path Group: asynchronous
Path Type: min

Fanout     Cap    Slew   Delay    Time   Description
-----------------------------------------------------------------------------
                          0.00    0.00   clock clk (rise edge)
                          0.00    0.00   clock network delay (propagated)
                          2.00    2.00 v input external delay
                  0.01    0.00    2.00 v rst (in)
     1    0.00                           rst (net)
                  0.01    0.00    2.00 v input1/A (sky130_fd_sc_hd__clkbuf_4)
                  0.09    0.17    2.17 v input1/X (sky130_fd_sc_hd__clkbuf_4)
     8    0.04                           net1 (net)
                  0.09    0.00    2.17 v _42_/A (sky130_fd_sc_hd__inv_2)
                  0.04    0.06    2.23 ^ _42_/Y (sky130_fd_sc_hd__inv_2)
     1    0.00                           _08_ (net)
                  0.04    0.00    2.23 ^ _50_/RESET_B (sky130_fd_sc_hd__dfrtp_2)
                                  2.23   data arrival time

                          0.00    0.00   clock clk (rise edge)
                          0.00    0.00   clock source latency
                  0.06    0.04    0.04 ^ clk (in)
     1    0.01                           clk (net)
                  0.06    0.00    0.04 ^ clkbuf_0_clk/A (sky130_fd_sc_hd__clkbuf_16)
                  0.04    0.13    0.17 ^ clkbuf_0_clk/X (sky130_fd_sc_hd__clkbuf_16)
     2    0.02                           clknet_0_clk (net)
                  0.04    0.00    0.17 ^ clkbuf_1_0__f_clk/A (sky130_fd_sc_hd__clkbuf_16)
                  0.03    0.12    0.29 ^ clkbuf_1_0__f_clk/X (sky130_fd_sc_hd__clkbuf_16)
     4    0.01                           clknet_1_0__leaf_clk (net)
                  0.03    0.00    0.29 ^ _50_/CLK (sky130_fd_sc_hd__dfrtp_2)
                          0.25    0.54   clock uncertainty
                          0.00    0.54   clock reconvergence pessimism
                          0.31    0.86   library removal time
                                  0.86   data required time
-----------------------------------------------------------------------------
                                  0.86   data required time
                                 -2.23   data arrival time
-----------------------------------------------------------------------------
                                  1.37   slack (MET)


Startpoint: rst (input port clocked by clk)
Endpoint: _57_ (removal check against rising-edge clock clk)
Path Group: asynchronous
Path Type: min

Fanout     Cap    Slew   Delay    Time   Description
-----------------------------------------------------------------------------
                          0.00    0.00   clock clk (rise edge)
                          0.00    0.00   clock network delay (propagated)
                          2.00    2.00 v input external delay
                  0.01    0.00    2.00 v rst (in)
     1    0.00                           rst (net)
                  0.01    0.00    2.00 v input1/A (sky130_fd_sc_hd__clkbuf_4)
                  0.09    0.17    2.17 v input1/X (sky130_fd_sc_hd__clkbuf_4)
     8    0.04                           net1 (net)
                  0.09    0.00    2.17 v _49_/A (sky130_fd_sc_hd__inv_2)
                  0.04    0.06    2.23 ^ _49_/Y (sky130_fd_sc_hd__inv_2)
     1    0.00                           _15_ (net)
                  0.04    0.00    2.23 ^ _57_/RESET_B (sky130_fd_sc_hd__dfrtp_1)
                                  2.23   data arrival time

                          0.00    0.00   clock clk (rise edge)
                          0.00    0.00   clock source latency
                  0.06    0.04    0.04 ^ clk (in)
     1    0.01                           clk (net)
                  0.06    0.00    0.04 ^ clkbuf_0_clk/A (sky130_fd_sc_hd__clkbuf_16)
                  0.04    0.13    0.17 ^ clkbuf_0_clk/X (sky130_fd_sc_hd__clkbuf_16)
     2    0.02                           clknet_0_clk (net)
                  0.04    0.00    0.17 ^ clkbuf_1_1__f_clk/A (sky130_fd_sc_hd__clkbuf_16)
                  0.03    0.12    0.29 ^ clkbuf_1_1__f_clk/X (sky130_fd_sc_hd__clkbuf_16)
     4    0.01                           clknet_1_1__leaf_clk (net)
                  0.03    0.00    0.29 ^ _57_/CLK (sky130_fd_sc_hd__dfrtp_1)
                          0.25    0.54   clock uncertainty
                          0.00    0.54   clock reconvergence pessimism
                          0.31    0.86   library removal time
                                  0.86   data required time
-----------------------------------------------------------------------------
                                  0.86   data required time
                                 -2.23   data arrival time
-----------------------------------------------------------------------------
                                  1.37   slack (MET)


Startpoint: _57_ (rising edge-triggered flip-flop clocked by clk)
Endpoint: debug_out[7] (output port clocked by clk)
Path Group: clk
Path Type: min

Fanout     Cap    Slew   Delay    Time   Description
-----------------------------------------------------------------------------
                          0.00    0.00   clock clk (rise edge)
                          0.00    0.00   clock source latency
                  0.06    0.04    0.04 ^ clk (in)
     1    0.01                           clk (net)
                  0.06    0.00    0.04 ^ clkbuf_0_clk/A (sky130_fd_sc_hd__clkbuf_16)
                  0.04    0.12    0.16 ^ clkbuf_0_clk/X (sky130_fd_sc_hd__clkbuf_16)
     2    0.02                           clknet_0_clk (net)
                  0.04    0.00    0.16 ^ clkbuf_1_1__f_clk/A (sky130_fd_sc_hd__clkbuf_16)
                  0.03    0.11    0.26 ^ clkbuf_1_1__f_clk/X (sky130_fd_sc_hd__clkbuf_16)
     4    0.01                           clknet_1_1__leaf_clk (net)
                  0.03    0.00    0.26 ^ _57_/CLK (sky130_fd_sc_hd__dfrtp_1)
                  0.08    0.33    0.59 ^ _57_/Q (sky130_fd_sc_hd__dfrtp_1)
     2    0.01                           net9 (net)
                  0.08    0.00    0.59 ^ output9/A (sky130_fd_sc_hd__clkbuf_4)
                  0.11    0.19    0.78 ^ output9/X (sky130_fd_sc_hd__clkbuf_4)
     1    0.03                           debug_out[7] (net)
                  0.11    0.00    0.78 ^ debug_out[7] (out)
                                  0.78   data arrival time

                          0.00    0.00   clock clk (rise edge)
                          0.00    0.00   clock network delay (propagated)
                          0.25    0.25   clock uncertainty
                          0.00    0.25   clock reconvergence pessimism
                         -2.00   -1.75   output external delay
                                 -1.75   data required time
-----------------------------------------------------------------------------
                                 -1.75   data required time
                                 -0.78   data arrival time
-----------------------------------------------------------------------------
                                  2.53   slack (MET)


Startpoint: _53_ (rising edge-triggered flip-flop clocked by clk)
Endpoint: debug_out[3] (output port clocked by clk)
Path Group: clk
Path Type: min

Fanout     Cap    Slew   Delay    Time   Description
-----------------------------------------------------------------------------
                          0.00    0.00   clock clk (rise edge)
                          0.00    0.00   clock source latency
                  0.06    0.04    0.04 ^ clk (in)
     1    0.01                           clk (net)
                  0.06    0.00    0.04 ^ clkbuf_0_clk/A (sky130_fd_sc_hd__clkbuf_16)
                  0.04    0.12    0.16 ^ clkbuf_0_clk/X (sky130_fd_sc_hd__clkbuf_16)
     2    0.02                           clknet_0_clk (net)
                  0.04    0.00    0.16 ^ clkbuf_1_0__f_clk/A (sky130_fd_sc_hd__clkbuf_16)
                  0.03    0.11    0.26 ^ clkbuf_1_0__f_clk/X (sky130_fd_sc_hd__clkbuf_16)
     4    0.01                           clknet_1_0__leaf_clk (net)
                  0.03    0.00    0.26 ^ _53_/CLK (sky130_fd_sc_hd__dfrtp_1)
                  0.08    0.33    0.59 ^ _53_/Q (sky130_fd_sc_hd__dfrtp_1)
     3    0.01                           net5 (net)
                  0.08    0.00    0.59 ^ output5/A (sky130_fd_sc_hd__buf_2)
                  0.17    0.20    0.79 ^ output5/X (sky130_fd_sc_hd__buf_2)
     1    0.03                           debug_out[3] (net)
                  0.17    0.00    0.79 ^ debug_out[3] (out)
                                  0.79   data arrival time

                          0.00    0.00   clock clk (rise edge)
                          0.00    0.00   clock network delay (propagated)
                          0.25    0.25   clock uncertainty
                          0.00    0.25   clock reconvergence pessimism
                         -2.00   -1.75   output external delay
                                 -1.75   data required time
-----------------------------------------------------------------------------
                                 -1.75   data required time
                                 -0.79   data arrival time
-----------------------------------------------------------------------------
                                  2.54   slack (MET)


Startpoint: _56_ (rising edge-triggered flip-flop clocked by clk)
Endpoint: debug_out[6] (output port clocked by clk)
Path Group: clk
Path Type: min

Fanout     Cap    Slew   Delay    Time   Description
-----------------------------------------------------------------------------
                          0.00    0.00   clock clk (rise edge)
                          0.00    0.00   clock source latency
                  0.06    0.04    0.04 ^ clk (in)
     1    0.01                           clk (net)
                  0.06    0.00    0.04 ^ clkbuf_0_clk/A (sky130_fd_sc_hd__clkbuf_16)
                  0.04    0.12    0.16 ^ clkbuf_0_clk/X (sky130_fd_sc_hd__clkbuf_16)
     2    0.02                           clknet_0_clk (net)
                  0.04    0.00    0.16 ^ clkbuf_1_1__f_clk/A (sky130_fd_sc_hd__clkbuf_16)
                  0.03    0.11    0.26 ^ clkbuf_1_1__f_clk/X (sky130_fd_sc_hd__clkbuf_16)
     4    0.01                           clknet_1_1__leaf_clk (net)
                  0.03    0.00    0.26 ^ _56_/CLK (sky130_fd_sc_hd__dfrtp_1)
                  0.09    0.33    0.60 ^ _56_/Q (sky130_fd_sc_hd__dfrtp_1)
     3    0.01                           net8 (net)
                  0.09    0.00    0.60 ^ output8/A (sky130_fd_sc_hd__buf_2)
                  0.17    0.20    0.80 ^ output8/X (sky130_fd_sc_hd__buf_2)
     1    0.03                           debug_out[6] (net)
                  0.17    0.00    0.80 ^ debug_out[6] (out)
                                  0.80   data arrival time

                          0.00    0.00   clock clk (rise edge)
                          0.00    0.00   clock network delay (propagated)
                          0.25    0.25   clock uncertainty
                          0.00    0.25   clock reconvergence pessimism
                         -2.00   -1.75   output external delay
                                 -1.75   data required time
-----------------------------------------------------------------------------
                                 -1.75   data required time
                                 -0.80   data arrival time
-----------------------------------------------------------------------------
                                  2.55   slack (MET)


Startpoint: _55_ (rising edge-triggered flip-flop clocked by clk)
Endpoint: debug_out[5] (output port clocked by clk)
Path Group: clk
Path Type: min

Fanout     Cap    Slew   Delay    Time   Description
-----------------------------------------------------------------------------
                          0.00    0.00   clock clk (rise edge)
                          0.00    0.00   clock source latency
                  0.06    0.04    0.04 ^ clk (in)
     1    0.01                           clk (net)
                  0.06    0.00    0.04 ^ clkbuf_0_clk/A (sky130_fd_sc_hd__clkbuf_16)
                  0.04    0.12    0.16 ^ clkbuf_0_clk/X (sky130_fd_sc_hd__clkbuf_16)
     2    0.02                           clknet_0_clk (net)
                  0.04    0.00    0.16 ^ clkbuf_1_1__f_clk/A (sky130_fd_sc_hd__clkbuf_16)
                  0.03    0.11    0.26 ^ clkbuf_1_1__f_clk/X (sky130_fd_sc_hd__clkbuf_16)
     4    0.01                           clknet_1_1__leaf_clk (net)
                  0.03    0.00    0.26 ^ _55_/CLK (sky130_fd_sc_hd__dfrtp_1)
                  0.07    0.37    0.63 v _55_/Q (sky130_fd_sc_hd__dfrtp_1)
     4    0.01                           net7 (net)
                  0.07    0.00    0.63 v output7/A (sky130_fd_sc_hd__buf_2)
                  0.09    0.18    0.81 v output7/X (sky130_fd_sc_hd__buf_2)
     1    0.03                           debug_out[5] (net)
                  0.09    0.00    0.81 v debug_out[5] (out)
                                  0.81   data arrival time

                          0.00    0.00   clock clk (rise edge)
                          0.00    0.00   clock network delay (propagated)
                          0.25    0.25   clock uncertainty
                          0.00    0.25   clock reconvergence pessimism
                         -2.00   -1.75   output external delay
                                 -1.75   data required time
-----------------------------------------------------------------------------
                                 -1.75   data required time
                                 -0.81   data arrival time
-----------------------------------------------------------------------------
                                  2.56   slack (MET)


Startpoint: _52_ (rising edge-triggered flip-flop clocked by clk)
Endpoint: debug_out[2] (output port clocked by clk)
Path Group: clk
Path Type: min

Fanout     Cap    Slew   Delay    Time   Description
-----------------------------------------------------------------------------
                          0.00    0.00   clock clk (rise edge)
                          0.00    0.00   clock source latency
                  0.06    0.04    0.04 ^ clk (in)
     1    0.01                           clk (net)
                  0.06    0.00    0.04 ^ clkbuf_0_clk/A (sky130_fd_sc_hd__clkbuf_16)
                  0.04    0.12    0.16 ^ clkbuf_0_clk/X (sky130_fd_sc_hd__clkbuf_16)
     2    0.02                           clknet_0_clk (net)
                  0.04    0.00    0.16 ^ clkbuf_1_0__f_clk/A (sky130_fd_sc_hd__clkbuf_16)
                  0.03    0.11    0.26 ^ clkbuf_1_0__f_clk/X (sky130_fd_sc_hd__clkbuf_16)
     4    0.01                           clknet_1_0__leaf_clk (net)
                  0.03    0.00    0.26 ^ _52_/CLK (sky130_fd_sc_hd__dfrtp_1)
                  0.12    0.36    0.62 ^ _52_/Q (sky130_fd_sc_hd__dfrtp_1)
     4    0.01                           net4 (net)
                  0.12    0.00    0.62 ^ output4/A (sky130_fd_sc_hd__clkbuf_4)
                  0.11    0.20    0.83 ^ output4/X (sky130_fd_sc_hd__clkbuf_4)
     1    0.03                           debug_out[2] (net)
                  0.11    0.00    0.83 ^ debug_out[2] (out)
                                  0.83   data arrival time

                          0.00    0.00   clock clk (rise edge)
                          0.00    0.00   clock network delay (propagated)
                          0.25    0.25   clock uncertainty
                          0.00    0.25   clock reconvergence pessimism
                         -2.00   -1.75   output external delay
                                 -1.75   data required time
-----------------------------------------------------------------------------
                                 -1.75   data required time
                                 -0.83   data arrival time
-----------------------------------------------------------------------------
                                  2.58   slack (MET)


Startpoint: _50_ (rising edge-triggered flip-flop clocked by clk)
Endpoint: debug_out[0] (output port clocked by clk)
Path Group: clk
Path Type: min

Fanout     Cap    Slew   Delay    Time   Description
-----------------------------------------------------------------------------
                          0.00    0.00   clock clk (rise edge)
                          0.00    0.00   clock source latency
                  0.06    0.04    0.04 ^ clk (in)
     1    0.01                           clk (net)
                  0.06    0.00    0.04 ^ clkbuf_0_clk/A (sky130_fd_sc_hd__clkbuf_16)
                  0.04    0.12    0.16 ^ clkbuf_0_clk/X (sky130_fd_sc_hd__clkbuf_16)
     2    0.02                           clknet_0_clk (net)
                  0.04    0.00    0.16 ^ clkbuf_1_0__f_clk/A (sky130_fd_sc_hd__clkbuf_16)
                  0.03    0.11    0.26 ^ clkbuf_1_0__f_clk/X (sky130_fd_sc_hd__clkbuf_16)
     4    0.01                           clknet_1_0__leaf_clk (net)
                  0.03    0.00    0.26 ^ _50_/CLK (sky130_fd_sc_hd__dfrtp_2)
                  0.10    0.37    0.63 ^ _50_/Q (sky130_fd_sc_hd__dfrtp_2)
     6    0.02                           net2 (net)
                  0.10    0.00    0.63 ^ output2/A (sky130_fd_sc_hd__clkbuf_4)
                  0.12    0.20    0.83 ^ output2/X (sky130_fd_sc_hd__clkbuf_4)
     1    0.04                           debug_out[0] (net)
                  0.12    0.00    0.83 ^ debug_out[0] (out)
                                  0.83   data arrival time

                          0.00    0.00   clock clk (rise edge)
                          0.00    0.00   clock network delay (propagated)
                          0.25    0.25   clock uncertainty
                          0.00    0.25   clock reconvergence pessimism
                         -2.00   -1.75   output external delay
                                 -1.75   data required time
-----------------------------------------------------------------------------
                                 -1.75   data required time
                                 -0.83   data arrival time
-----------------------------------------------------------------------------
                                  2.58   slack (MET)


Startpoint: _54_ (rising edge-triggered flip-flop clocked by clk)
Endpoint: debug_out[4] (output port clocked by clk)
Path Group: clk
Path Type: min

Fanout     Cap    Slew   Delay    Time   Description
-----------------------------------------------------------------------------
                          0.00    0.00   clock clk (rise edge)
                          0.00    0.00   clock source latency
                  0.06    0.04    0.04 ^ clk (in)
     1    0.01                           clk (net)
                  0.06    0.00    0.04 ^ clkbuf_0_clk/A (sky130_fd_sc_hd__clkbuf_16)
                  0.04    0.12    0.16 ^ clkbuf_0_clk/X (sky130_fd_sc_hd__clkbuf_16)
     2    0.02                           clknet_0_clk (net)
                  0.04    0.00    0.16 ^ clkbuf_1_1__f_clk/A (sky130_fd_sc_hd__clkbuf_16)
                  0.03    0.11    0.26 ^ clkbuf_1_1__f_clk/X (sky130_fd_sc_hd__clkbuf_16)
     4    0.01                           clknet_1_1__leaf_clk (net)
                  0.03    0.00    0.26 ^ _54_/CLK (sky130_fd_sc_hd__dfrtp_1)
                  0.08    0.38    0.64 v _54_/Q (sky130_fd_sc_hd__dfrtp_1)
     5    0.01                           net6 (net)
                  0.08    0.00    0.64 v output6/A (sky130_fd_sc_hd__buf_2)
                  0.09    0.19    0.83 v output6/X (sky130_fd_sc_hd__buf_2)
     1    0.03                           debug_out[4] (net)
                  0.09    0.00    0.83 v debug_out[4] (out)
                                  0.83   data arrival time

                          0.00    0.00   clock clk (rise edge)
                          0.00    0.00   clock network delay (propagated)
                          0.25    0.25   clock uncertainty
                          0.00    0.25   clock reconvergence pessimism
                         -2.00   -1.75   output external delay
                                 -1.75   data required time
-----------------------------------------------------------------------------
                                 -1.75   data required time
                                 -0.83   data arrival time
-----------------------------------------------------------------------------
                                  2.58   slack (MET)


Startpoint: _51_ (rising edge-triggered flip-flop clocked by clk)
Endpoint: debug_out[1] (output port clocked by clk)
Path Group: clk
Path Type: min

Fanout     Cap    Slew   Delay    Time   Description
-----------------------------------------------------------------------------
                          0.00    0.00   clock clk (rise edge)
                          0.00    0.00   clock source latency
                  0.06    0.04    0.04 ^ clk (in)
     1    0.01                           clk (net)
                  0.06    0.00    0.04 ^ clkbuf_0_clk/A (sky130_fd_sc_hd__clkbuf_16)
                  0.04    0.12    0.16 ^ clkbuf_0_clk/X (sky130_fd_sc_hd__clkbuf_16)
     2    0.02                           clknet_0_clk (net)
                  0.04    0.00    0.16 ^ clkbuf_1_0__f_clk/A (sky130_fd_sc_hd__clkbuf_16)
                  0.03    0.11    0.26 ^ clkbuf_1_0__f_clk/X (sky130_fd_sc_hd__clkbuf_16)
     4    0.01                           clknet_1_0__leaf_clk (net)
                  0.03    0.00    0.26 ^ _51_/CLK (sky130_fd_sc_hd__dfrtp_1)
                  0.13    0.36    0.63 ^ _51_/Q (sky130_fd_sc_hd__dfrtp_1)
     5    0.01                           net3 (net)
                  0.13    0.00    0.63 ^ output3/A (sky130_fd_sc_hd__clkbuf_4)
                  0.11    0.21    0.83 ^ output3/X (sky130_fd_sc_hd__clkbuf_4)
     1    0.03                           debug_out[1] (net)
                  0.11    0.00    0.83 ^ debug_out[1] (out)
                                  0.83   data arrival time

                          0.00    0.00   clock clk (rise edge)
                          0.00    0.00   clock network delay (propagated)
                          0.25    0.25   clock uncertainty
                          0.00    0.25   clock reconvergence pessimism
                         -2.00   -1.75   output external delay
                                 -1.75   data required time
-----------------------------------------------------------------------------
                                 -1.75   data required time
                                 -0.83   data arrival time
-----------------------------------------------------------------------------
                                  2.58   slack (MET)



min_report_end
max_report

===========================================================================
report_checks -path_delay max (Setup)
============================================================================
======================= Typical Corner ===================================

Startpoint: _50_ (rising edge-triggered flip-flop clocked by clk)
Endpoint: debug_out[0] (output port clocked by clk)
Path Group: clk
Path Type: max

Fanout     Cap    Slew   Delay    Time   Description
-----------------------------------------------------------------------------
                          0.00    0.00   clock clk (rise edge)
                          0.00    0.00   clock source latency
                  0.06    0.04    0.04 ^ clk (in)
     1    0.01                           clk (net)
                  0.06    0.00    0.04 ^ clkbuf_0_clk/A (sky130_fd_sc_hd__clkbuf_16)
                  0.04    0.13    0.17 ^ clkbuf_0_clk/X (sky130_fd_sc_hd__clkbuf_16)
     2    0.02                           clknet_0_clk (net)
                  0.04    0.00    0.17 ^ clkbuf_1_0__f_clk/A (sky130_fd_sc_hd__clkbuf_16)
                  0.03    0.12    0.29 ^ clkbuf_1_0__f_clk/X (sky130_fd_sc_hd__clkbuf_16)
     4    0.01                           clknet_1_0__leaf_clk (net)
                  0.03    0.00    0.29 ^ _50_/CLK (sky130_fd_sc_hd__dfrtp_2)
                  0.07    0.44    0.73 v _50_/Q (sky130_fd_sc_hd__dfrtp_2)
     6    0.02                           net2 (net)
                  0.07    0.00    0.73 v output2/A (sky130_fd_sc_hd__clkbuf_4)
                  0.08    0.21    0.94 v output2/X (sky130_fd_sc_hd__clkbuf_4)
     1    0.04                           debug_out[0] (net)
                  0.08    0.00    0.94 v debug_out[0] (out)
                                  0.94   data arrival time

                         10.00   10.00   clock clk (rise edge)
                          0.00   10.00   clock network delay (propagated)
                         -0.25    9.75   clock uncertainty
                          0.00    9.75   clock reconvergence pessimism
                         -2.00    7.75   output external delay
                                  7.75   data required time
-----------------------------------------------------------------------------
                                  7.75   data required time
                                 -0.94   data arrival time
-----------------------------------------------------------------------------
                                  6.81   slack (MET)


Startpoint: _54_ (rising edge-triggered flip-flop clocked by clk)
Endpoint: debug_out[4] (output port clocked by clk)
Path Group: clk
Path Type: max

Fanout     Cap    Slew   Delay    Time   Description
-----------------------------------------------------------------------------
                          0.00    0.00   clock clk (rise edge)
                          0.00    0.00   clock source latency
                  0.06    0.04    0.04 ^ clk (in)
     1    0.01                           clk (net)
                  0.06    0.00    0.04 ^ clkbuf_0_clk/A (sky130_fd_sc_hd__clkbuf_16)
                  0.04    0.13    0.17 ^ clkbuf_0_clk/X (sky130_fd_sc_hd__clkbuf_16)
     2    0.02                           clknet_0_clk (net)
                  0.04    0.00    0.17 ^ clkbuf_1_1__f_clk/A (sky130_fd_sc_hd__clkbuf_16)
                  0.03    0.12    0.29 ^ clkbuf_1_1__f_clk/X (sky130_fd_sc_hd__clkbuf_16)
     4    0.01                           clknet_1_1__leaf_clk (net)
                  0.03    0.00    0.29 ^ _54_/CLK (sky130_fd_sc_hd__dfrtp_1)
                  0.13    0.40    0.69 ^ _54_/Q (sky130_fd_sc_hd__dfrtp_1)
     5    0.01                           net6 (net)
                  0.13    0.00    0.69 ^ output6/A (sky130_fd_sc_hd__buf_2)
                  0.17    0.24    0.93 ^ output6/X (sky130_fd_sc_hd__buf_2)
     1    0.03                           debug_out[4] (net)
                  0.17    0.00    0.93 ^ debug_out[4] (out)
                                  0.93   data arrival time

                         10.00   10.00   clock clk (rise edge)
                          0.00   10.00   clock network delay (propagated)
                         -0.25    9.75   clock uncertainty
                          0.00    9.75   clock reconvergence pessimism
                         -2.00    7.75   output external delay
                                  7.75   data required time
-----------------------------------------------------------------------------
                                  7.75   data required time
                                 -0.93   data arrival time
-----------------------------------------------------------------------------
                                  6.82   slack (MET)


Startpoint: _51_ (rising edge-triggered flip-flop clocked by clk)
Endpoint: debug_out[1] (output port clocked by clk)
Path Group: clk
Path Type: max

Fanout     Cap    Slew   Delay    Time   Description
-----------------------------------------------------------------------------
                          0.00    0.00   clock clk (rise edge)
                          0.00    0.00   clock source latency
                  0.06    0.04    0.04 ^ clk (in)
     1    0.01                           clk (net)
                  0.06    0.00    0.04 ^ clkbuf_0_clk/A (sky130_fd_sc_hd__clkbuf_16)
                  0.04    0.13    0.17 ^ clkbuf_0_clk/X (sky130_fd_sc_hd__clkbuf_16)
     2    0.02                           clknet_0_clk (net)
                  0.04    0.00    0.17 ^ clkbuf_1_0__f_clk/A (sky130_fd_sc_hd__clkbuf_16)
                  0.03    0.12    0.29 ^ clkbuf_1_0__f_clk/X (sky130_fd_sc_hd__clkbuf_16)
     4    0.01                           clknet_1_0__leaf_clk (net)
                  0.03    0.00    0.29 ^ _51_/CLK (sky130_fd_sc_hd__dfrtp_1)
                  0.08    0.42    0.71 v _51_/Q (sky130_fd_sc_hd__dfrtp_1)
     5    0.01                           net3 (net)
                  0.08    0.00    0.71 v output3/A (sky130_fd_sc_hd__clkbuf_4)
                  0.08    0.21    0.92 v output3/X (sky130_fd_sc_hd__clkbuf_4)
     1    0.03                           debug_out[1] (net)
                  0.08    0.00    0.92 v debug_out[1] (out)
                                  0.92   data arrival time

                         10.00   10.00   clock clk (rise edge)
                          0.00   10.00   clock network delay (propagated)
                         -0.25    9.75   clock uncertainty
                          0.00    9.75   clock reconvergence pessimism
                         -2.00    7.75   output external delay
                                  7.75   data required time
-----------------------------------------------------------------------------
                                  7.75   data required time
                                 -0.92   data arrival time
-----------------------------------------------------------------------------
                                  6.83   slack (MET)


Startpoint: _52_ (rising edge-triggered flip-flop clocked by clk)
Endpoint: debug_out[2] (output port clocked by clk)
Path Group: clk
Path Type: max

Fanout     Cap    Slew   Delay    Time   Description
-----------------------------------------------------------------------------
                          0.00    0.00   clock clk (rise edge)
                          0.00    0.00   clock source latency
                  0.06    0.04    0.04 ^ clk (in)
     1    0.01                           clk (net)
                  0.06    0.00    0.04 ^ clkbuf_0_clk/A (sky130_fd_sc_hd__clkbuf_16)
                  0.04    0.13    0.17 ^ clkbuf_0_clk/X (sky130_fd_sc_hd__clkbuf_16)
     2    0.02                           clknet_0_clk (net)
                  0.04    0.00    0.17 ^ clkbuf_1_0__f_clk/A (sky130_fd_sc_hd__clkbuf_16)
                  0.03    0.12    0.29 ^ clkbuf_1_0__f_clk/X (sky130_fd_sc_hd__clkbuf_16)
     4    0.01                           clknet_1_0__leaf_clk (net)
                  0.03    0.00    0.29 ^ _52_/CLK (sky130_fd_sc_hd__dfrtp_1)
                  0.08    0.41    0.71 v _52_/Q (sky130_fd_sc_hd__dfrtp_1)
     4    0.01                           net4 (net)
                  0.08    0.00    0.71 v output4/A (sky130_fd_sc_hd__clkbuf_4)
                  0.08    0.21    0.92 v output4/X (sky130_fd_sc_hd__clkbuf_4)
     1    0.03                           debug_out[2] (net)
                  0.08    0.00    0.92 v debug_out[2] (out)
                                  0.92   data arrival time

                         10.00   10.00   clock clk (rise edge)
                          0.00   10.00   clock network delay (propagated)
                         -0.25    9.75   clock uncertainty
                          0.00    9.75   clock reconvergence pessimism
                         -2.00    7.75   output external delay
                                  7.75   data required time
-----------------------------------------------------------------------------
                                  7.75   data required time
                                 -0.92   data arrival time
-----------------------------------------------------------------------------
                                  6.83   slack (MET)


Startpoint: _55_ (rising edge-triggered flip-flop clocked by clk)
Endpoint: debug_out[5] (output port clocked by clk)
Path Group: clk
Path Type: max

Fanout     Cap    Slew   Delay    Time   Description
-----------------------------------------------------------------------------
                          0.00    0.00   clock clk (rise edge)
                          0.00    0.00   clock source latency
                  0.06    0.04    0.04 ^ clk (in)
     1    0.01                           clk (net)
                  0.06    0.00    0.04 ^ clkbuf_0_clk/A (sky130_fd_sc_hd__clkbuf_16)
                  0.04    0.13    0.17 ^ clkbuf_0_clk/X (sky130_fd_sc_hd__clkbuf_16)
     2    0.02                           clknet_0_clk (net)
                  0.04    0.00    0.17 ^ clkbuf_1_1__f_clk/A (sky130_fd_sc_hd__clkbuf_16)
                  0.03    0.12    0.29 ^ clkbuf_1_1__f_clk/X (sky130_fd_sc_hd__clkbuf_16)
     4    0.01                           clknet_1_1__leaf_clk (net)
                  0.03    0.00    0.29 ^ _55_/CLK (sky130_fd_sc_hd__dfrtp_1)
                  0.10    0.38    0.67 ^ _55_/Q (sky130_fd_sc_hd__dfrtp_1)
     4    0.01                           net7 (net)
                  0.10    0.00    0.67 ^ output7/A (sky130_fd_sc_hd__buf_2)
                  0.17    0.23    0.90 ^ output7/X (sky130_fd_sc_hd__buf_2)
     1    0.03                           debug_out[5] (net)
                  0.17    0.00    0.90 ^ debug_out[5] (out)
                                  0.90   data arrival time

                         10.00   10.00   clock clk (rise edge)
                          0.00   10.00   clock network delay (propagated)
                         -0.25    9.75   clock uncertainty
                          0.00    9.75   clock reconvergence pessimism
                         -2.00    7.75   output external delay
                                  7.75   data required time
-----------------------------------------------------------------------------
                                  7.75   data required time
                                 -0.90   data arrival time
-----------------------------------------------------------------------------
                                  6.85   slack (MET)


Startpoint: _56_ (rising edge-triggered flip-flop clocked by clk)
Endpoint: debug_out[6] (output port clocked by clk)
Path Group: clk
Path Type: max

Fanout     Cap    Slew   Delay    Time   Description
-----------------------------------------------------------------------------
                          0.00    0.00   clock clk (rise edge)
                          0.00    0.00   clock source latency
                  0.06    0.04    0.04 ^ clk (in)
     1    0.01                           clk (net)
                  0.06    0.00    0.04 ^ clkbuf_0_clk/A (sky130_fd_sc_hd__clkbuf_16)
                  0.04    0.13    0.17 ^ clkbuf_0_clk/X (sky130_fd_sc_hd__clkbuf_16)
     2    0.02                           clknet_0_clk (net)
                  0.04    0.00    0.17 ^ clkbuf_1_1__f_clk/A (sky130_fd_sc_hd__clkbuf_16)
                  0.03    0.12    0.29 ^ clkbuf_1_1__f_clk/X (sky130_fd_sc_hd__clkbuf_16)
     4    0.01                           clknet_1_1__leaf_clk (net)
                  0.03    0.00    0.29 ^ _56_/CLK (sky130_fd_sc_hd__dfrtp_1)
                  0.07    0.40    0.69 v _56_/Q (sky130_fd_sc_hd__dfrtp_1)
     3    0.01                           net8 (net)
                  0.07    0.00    0.69 v output8/A (sky130_fd_sc_hd__buf_2)
                  0.09    0.20    0.89 v output8/X (sky130_fd_sc_hd__buf_2)
     1    0.03                           debug_out[6] (net)
                  0.09    0.00    0.89 v debug_out[6] (out)
                                  0.89   data arrival time

                         10.00   10.00   clock clk (rise edge)
                          0.00   10.00   clock network delay (propagated)
                         -0.25    9.75   clock uncertainty
                          0.00    9.75   clock reconvergence pessimism
                         -2.00    7.75   output external delay
                                  7.75   data required time
-----------------------------------------------------------------------------
                                  7.75   data required time
                                 -0.89   data arrival time
-----------------------------------------------------------------------------
                                  6.86   slack (MET)


Startpoint: _57_ (rising edge-triggered flip-flop clocked by clk)
Endpoint: debug_out[7] (output port clocked by clk)
Path Group: clk
Path Type: max

Fanout     Cap    Slew   Delay    Time   Description
-----------------------------------------------------------------------------
                          0.00    0.00   clock clk (rise edge)
                          0.00    0.00   clock source latency
                  0.06    0.04    0.04 ^ clk (in)
     1    0.01                           clk (net)
                  0.06    0.00    0.04 ^ clkbuf_0_clk/A (sky130_fd_sc_hd__clkbuf_16)
                  0.04    0.13    0.17 ^ clkbuf_0_clk/X (sky130_fd_sc_hd__clkbuf_16)
     2    0.02                           clknet_0_clk (net)
                  0.04    0.00    0.17 ^ clkbuf_1_1__f_clk/A (sky130_fd_sc_hd__clkbuf_16)
                  0.03    0.12    0.29 ^ clkbuf_1_1__f_clk/X (sky130_fd_sc_hd__clkbuf_16)
     4    0.01                           clknet_1_1__leaf_clk (net)
                  0.03    0.00    0.29 ^ _57_/CLK (sky130_fd_sc_hd__dfrtp_1)
                  0.06    0.39    0.68 v _57_/Q (sky130_fd_sc_hd__dfrtp_1)
     2    0.01                           net9 (net)
                  0.06    0.00    0.68 v output9/A (sky130_fd_sc_hd__clkbuf_4)
                  0.08    0.20    0.88 v output9/X (sky130_fd_sc_hd__clkbuf_4)
     1    0.03                           debug_out[7] (net)
                  0.08    0.00    0.88 v debug_out[7] (out)
                                  0.88   data arrival time

                         10.00   10.00   clock clk (rise edge)
                          0.00   10.00   clock network delay (propagated)
                         -0.25    9.75   clock uncertainty
                          0.00    9.75   clock reconvergence pessimism
                         -2.00    7.75   output external delay
                                  7.75   data required time
-----------------------------------------------------------------------------
                                  7.75   data required time
                                 -0.88   data arrival time
-----------------------------------------------------------------------------
                                  6.87   slack (MET)


Startpoint: _53_ (rising edge-triggered flip-flop clocked by clk)
Endpoint: debug_out[3] (output port clocked by clk)
Path Group: clk
Path Type: max

Fanout     Cap    Slew   Delay    Time   Description
-----------------------------------------------------------------------------
                          0.00    0.00   clock clk (rise edge)
                          0.00    0.00   clock source latency
                  0.06    0.04    0.04 ^ clk (in)
     1    0.01                           clk (net)
                  0.06    0.00    0.04 ^ clkbuf_0_clk/A (sky130_fd_sc_hd__clkbuf_16)
                  0.04    0.13    0.17 ^ clkbuf_0_clk/X (sky130_fd_sc_hd__clkbuf_16)
     2    0.02                           clknet_0_clk (net)
                  0.04    0.00    0.17 ^ clkbuf_1_0__f_clk/A (sky130_fd_sc_hd__clkbuf_16)
                  0.03    0.12    0.29 ^ clkbuf_1_0__f_clk/X (sky130_fd_sc_hd__clkbuf_16)
     4    0.01                           clknet_1_0__leaf_clk (net)
                  0.03    0.00    0.29 ^ _53_/CLK (sky130_fd_sc_hd__dfrtp_1)
                  0.06    0.39    0.68 v _53_/Q (sky130_fd_sc_hd__dfrtp_1)
     3    0.01                           net5 (net)
                  0.06    0.00    0.68 v output5/A (sky130_fd_sc_hd__buf_2)
                  0.09    0.19    0.88 v output5/X (sky130_fd_sc_hd__buf_2)
     1    0.03                           debug_out[3] (net)
                  0.09    0.00    0.88 v debug_out[3] (out)
                                  0.88   data arrival time

                         10.00   10.00   clock clk (rise edge)
                          0.00   10.00   clock network delay (propagated)
                         -0.25    9.75   clock uncertainty
                          0.00    9.75   clock reconvergence pessimism
                         -2.00    7.75   output external delay
                                  7.75   data required time
-----------------------------------------------------------------------------
                                  7.75   data required time
                                 -0.88   data arrival time
-----------------------------------------------------------------------------
                                  6.87   slack (MET)


Startpoint: rst (input port clocked by clk)
Endpoint: _50_ (recovery check against rising-edge clock clk)
Path Group: asynchronous
Path Type: max

Fanout     Cap    Slew   Delay    Time   Description
-----------------------------------------------------------------------------
                          0.00    0.00   clock clk (rise edge)
                          0.00    0.00   clock network delay (propagated)
                          2.00    2.00 v input external delay
                  0.01    0.00    2.00 v rst (in)
     1    0.00                           rst (net)
                  0.01    0.00    2.00 v input1/A (sky130_fd_sc_hd__clkbuf_4)
                  0.09    0.18    2.19 v input1/X (sky130_fd_sc_hd__clkbuf_4)
     8    0.04                           net1 (net)
                  0.09    0.00    2.19 v _42_/A (sky130_fd_sc_hd__inv_2)
                  0.04    0.07    2.25 ^ _42_/Y (sky130_fd_sc_hd__inv_2)
     1    0.00                           _08_ (net)
                  0.04    0.00    2.25 ^ _50_/RESET_B (sky130_fd_sc_hd__dfrtp_2)
                                  2.25   data arrival time

                         10.00   10.00   clock clk (rise edge)
                          0.00   10.00   clock source latency
                  0.06    0.04   10.04 ^ clk (in)
     1    0.01                           clk (net)
                  0.06    0.00   10.04 ^ clkbuf_0_clk/A (sky130_fd_sc_hd__clkbuf_16)
                  0.04    0.12   10.16 ^ clkbuf_0_clk/X (sky130_fd_sc_hd__clkbuf_16)
     2    0.02                           clknet_0_clk (net)
                  0.04    0.00   10.16 ^ clkbuf_1_0__f_clk/A (sky130_fd_sc_hd__clkbuf_16)
                  0.03    0.11   10.26 ^ clkbuf_1_0__f_clk/X (sky130_fd_sc_hd__clkbuf_16)
     4    0.01                           clknet_1_0__leaf_clk (net)
                  0.03    0.00   10.26 ^ _50_/CLK (sky130_fd_sc_hd__dfrtp_2)
                         -0.25   10.01   clock uncertainty
                          0.00   10.01   clock reconvergence pessimism
                          0.22   10.23   library recovery time
                                 10.23   data required time
-----------------------------------------------------------------------------
                                 10.23   data required time
                                 -2.25   data arrival time
-----------------------------------------------------------------------------
                                  7.98   slack (MET)


Startpoint: rst (input port clocked by clk)
Endpoint: _57_ (recovery check against rising-edge clock clk)
Path Group: asynchronous
Path Type: max

Fanout     Cap    Slew   Delay    Time   Description
-----------------------------------------------------------------------------
                          0.00    0.00   clock clk (rise edge)
                          0.00    0.00   clock network delay (propagated)
                          2.00    2.00 v input external delay
                  0.01    0.00    2.00 v rst (in)
     1    0.00                           rst (net)
                  0.01    0.00    2.00 v input1/A (sky130_fd_sc_hd__clkbuf_4)
                  0.09    0.18    2.19 v input1/X (sky130_fd_sc_hd__clkbuf_4)
     8    0.04                           net1 (net)
                  0.09    0.00    2.19 v _49_/A (sky130_fd_sc_hd__inv_2)
                  0.04    0.07    2.25 ^ _49_/Y (sky130_fd_sc_hd__inv_2)
     1    0.00                           _15_ (net)
                  0.04    0.00    2.25 ^ _57_/RESET_B (sky130_fd_sc_hd__dfrtp_1)
                                  2.25   data arrival time

                         10.00   10.00   clock clk (rise edge)
                          0.00   10.00   clock source latency
                  0.06    0.04   10.04 ^ clk (in)
     1    0.01                           clk (net)
                  0.06    0.00   10.04 ^ clkbuf_0_clk/A (sky130_fd_sc_hd__clkbuf_16)
                  0.04    0.12   10.16 ^ clkbuf_0_clk/X (sky130_fd_sc_hd__clkbuf_16)
     2    0.02                           clknet_0_clk (net)
                  0.04    0.00   10.16 ^ clkbuf_1_1__f_clk/A (sky130_fd_sc_hd__clkbuf_16)
                  0.03    0.11   10.26 ^ clkbuf_1_1__f_clk/X (sky130_fd_sc_hd__clkbuf_16)
     4    0.01                           clknet_1_1__leaf_clk (net)
                  0.03    0.00   10.26 ^ _57_/CLK (sky130_fd_sc_hd__dfrtp_1)
                         -0.25   10.01   clock uncertainty
                          0.00   10.01   clock reconvergence pessimism
                          0.23   10.24   library recovery time
                                 10.24   data required time
-----------------------------------------------------------------------------
                                 10.24   data required time
                                 -2.25   data arrival time
-----------------------------------------------------------------------------
                                  7.99   slack (MET)


Startpoint: rst (input port clocked by clk)
Endpoint: _53_ (recovery check against rising-edge clock clk)
Path Group: asynchronous
Path Type: max

Fanout     Cap    Slew   Delay    Time   Description
-----------------------------------------------------------------------------
                          0.00    0.00   clock clk (rise edge)
                          0.00    0.00   clock network delay (propagated)
                          2.00    2.00 v input external delay
                  0.01    0.00    2.00 v rst (in)
     1    0.00                           rst (net)
                  0.01    0.00    2.00 v input1/A (sky130_fd_sc_hd__clkbuf_4)
                  0.09    0.18    2.19 v input1/X (sky130_fd_sc_hd__clkbuf_4)
     8    0.04                           net1 (net)
                  0.09    0.00    2.19 v _45_/A (sky130_fd_sc_hd__inv_2)
                  0.04    0.06    2.25 ^ _45_/Y (sky130_fd_sc_hd__inv_2)
     1    0.00                           _11_ (net)
                  0.04    0.00    2.25 ^ _53_/RESET_B (sky130_fd_sc_hd__dfrtp_1)
                                  2.25   data arrival time

                         10.00   10.00   clock clk (rise edge)
                          0.00   10.00   clock source latency
                  0.06    0.04   10.04 ^ clk (in)
     1    0.01                           clk (net)
                  0.06    0.00   10.04 ^ clkbuf_0_clk/A (sky130_fd_sc_hd__clkbuf_16)
                  0.04    0.12   10.16 ^ clkbuf_0_clk/X (sky130_fd_sc_hd__clkbuf_16)
     2    0.02                           clknet_0_clk (net)
                  0.04    0.00   10.16 ^ clkbuf_1_0__f_clk/A (sky130_fd_sc_hd__clkbuf_16)
                  0.03    0.11   10.26 ^ clkbuf_1_0__f_clk/X (sky130_fd_sc_hd__clkbuf_16)
     4    0.01                           clknet_1_0__leaf_clk (net)
                  0.03    0.00   10.26 ^ _53_/CLK (sky130_fd_sc_hd__dfrtp_1)
                         -0.25   10.01   clock uncertainty
                          0.00   10.01   clock reconvergence pessimism
                          0.23   10.24   library recovery time
                                 10.24   data required time
-----------------------------------------------------------------------------
                                 10.24   data required time
                                 -2.25   data arrival time
-----------------------------------------------------------------------------
                                  7.99   slack (MET)


Startpoint: rst (input port clocked by clk)
Endpoint: _51_ (recovery check against rising-edge clock clk)
Path Group: asynchronous
Path Type: max

Fanout     Cap    Slew   Delay    Time   Description
-----------------------------------------------------------------------------
                          0.00    0.00   clock clk (rise edge)
                          0.00    0.00   clock network delay (propagated)
                          2.00    2.00 v input external delay
                  0.01    0.00    2.00 v rst (in)
     1    0.00                           rst (net)
                  0.01    0.00    2.00 v input1/A (sky130_fd_sc_hd__clkbuf_4)
                  0.09    0.18    2.19 v input1/X (sky130_fd_sc_hd__clkbuf_4)
     8    0.04                           net1 (net)
                  0.09    0.00    2.19 v _43_/A (sky130_fd_sc_hd__inv_2)
                  0.04    0.06    2.25 ^ _43_/Y (sky130_fd_sc_hd__inv_2)
     1    0.00                           _09_ (net)
                  0.04    0.00    2.25 ^ _51_/RESET_B (sky130_fd_sc_hd__dfrtp_1)
                                  2.25   data arrival time

                         10.00   10.00   clock clk (rise edge)
                          0.00   10.00   clock source latency
                  0.06    0.04   10.04 ^ clk (in)
     1    0.01                           clk (net)
                  0.06    0.00   10.04 ^ clkbuf_0_clk/A (sky130_fd_sc_hd__clkbuf_16)
                  0.04    0.12   10.16 ^ clkbuf_0_clk/X (sky130_fd_sc_hd__clkbuf_16)
     2    0.02                           clknet_0_clk (net)
                  0.04    0.00   10.16 ^ clkbuf_1_0__f_clk/A (sky130_fd_sc_hd__clkbuf_16)
                  0.03    0.11   10.26 ^ clkbuf_1_0__f_clk/X (sky130_fd_sc_hd__clkbuf_16)
     4    0.01                           clknet_1_0__leaf_clk (net)
                  0.03    0.00   10.26 ^ _51_/CLK (sky130_fd_sc_hd__dfrtp_1)
                         -0.25   10.01   clock uncertainty
                          0.00   10.01   clock reconvergence pessimism
                          0.23   10.24   library recovery time
                                 10.24   data required time
-----------------------------------------------------------------------------
                                 10.24   data required time
                                 -2.25   data arrival time
-----------------------------------------------------------------------------
                                  7.99   slack (MET)


Startpoint: rst (input port clocked by clk)
Endpoint: _55_ (recovery check against rising-edge clock clk)
Path Group: asynchronous
Path Type: max

Fanout     Cap    Slew   Delay    Time   Description
-----------------------------------------------------------------------------
                          0.00    0.00   clock clk (rise edge)
                          0.00    0.00   clock network delay (propagated)
                          2.00    2.00 v input external delay
                  0.01    0.00    2.00 v rst (in)
     1    0.00                           rst (net)
                  0.01    0.00    2.00 v input1/A (sky130_fd_sc_hd__clkbuf_4)
                  0.09    0.18    2.19 v input1/X (sky130_fd_sc_hd__clkbuf_4)
     8    0.04                           net1 (net)
                  0.09    0.00    2.19 v _47_/A (sky130_fd_sc_hd__inv_2)
                  0.04    0.06    2.25 ^ _47_/Y (sky130_fd_sc_hd__inv_2)
     1    0.00                           _13_ (net)
                  0.04    0.00    2.25 ^ _55_/RESET_B (sky130_fd_sc_hd__dfrtp_1)
                                  2.25   data arrival time

                         10.00   10.00   clock clk (rise edge)
                          0.00   10.00   clock source latency
                  0.06    0.04   10.04 ^ clk (in)
     1    0.01                           clk (net)
                  0.06    0.00   10.04 ^ clkbuf_0_clk/A (sky130_fd_sc_hd__clkbuf_16)
                  0.04    0.12   10.16 ^ clkbuf_0_clk/X (sky130_fd_sc_hd__clkbuf_16)
     2    0.02                           clknet_0_clk (net)
                  0.04    0.00   10.16 ^ clkbuf_1_1__f_clk/A (sky130_fd_sc_hd__clkbuf_16)
                  0.03    0.11   10.26 ^ clkbuf_1_1__f_clk/X (sky130_fd_sc_hd__clkbuf_16)
     4    0.01                           clknet_1_1__leaf_clk (net)
                  0.03    0.00   10.26 ^ _55_/CLK (sky130_fd_sc_hd__dfrtp_1)
                         -0.25   10.01   clock uncertainty
                          0.00   10.01   clock reconvergence pessimism
                          0.23   10.24   library recovery time
                                 10.24   data required time
-----------------------------------------------------------------------------
                                 10.24   data required time
                                 -2.25   data arrival time
-----------------------------------------------------------------------------
                                  7.99   slack (MET)


Startpoint: rst (input port clocked by clk)
Endpoint: _56_ (recovery check against rising-edge clock clk)
Path Group: asynchronous
Path Type: max

Fanout     Cap    Slew   Delay    Time   Description
-----------------------------------------------------------------------------
                          0.00    0.00   clock clk (rise edge)
                          0.00    0.00   clock network delay (propagated)
                          2.00    2.00 v input external delay
                  0.01    0.00    2.00 v rst (in)
     1    0.00                           rst (net)
                  0.01    0.00    2.00 v input1/A (sky130_fd_sc_hd__clkbuf_4)
                  0.09    0.18    2.19 v input1/X (sky130_fd_sc_hd__clkbuf_4)
     8    0.04                           net1 (net)
                  0.09    0.00    2.19 v _48_/A (sky130_fd_sc_hd__inv_2)
                  0.04    0.06    2.25 ^ _48_/Y (sky130_fd_sc_hd__inv_2)
     1    0.00                           _14_ (net)
                  0.04    0.00    2.25 ^ _56_/RESET_B (sky130_fd_sc_hd__dfrtp_1)
                                  2.25   data arrival time

                         10.00   10.00   clock clk (rise edge)
                          0.00   10.00   clock source latency
                  0.06    0.04   10.04 ^ clk (in)
     1    0.01                           clk (net)
                  0.06    0.00   10.04 ^ clkbuf_0_clk/A (sky130_fd_sc_hd__clkbuf_16)
                  0.04    0.12   10.16 ^ clkbuf_0_clk/X (sky130_fd_sc_hd__clkbuf_16)
     2    0.02                           clknet_0_clk (net)
                  0.04    0.00   10.16 ^ clkbuf_1_1__f_clk/A (sky130_fd_sc_hd__clkbuf_16)
                  0.03    0.11   10.26 ^ clkbuf_1_1__f_clk/X (sky130_fd_sc_hd__clkbuf_16)
     4    0.01                           clknet_1_1__leaf_clk (net)
                  0.03    0.00   10.26 ^ _56_/CLK (sky130_fd_sc_hd__dfrtp_1)
                         -0.25   10.01   clock uncertainty
                          0.00   10.01   clock reconvergence pessimism
                          0.23   10.24   library recovery time
                                 10.24   data required time
-----------------------------------------------------------------------------
                                 10.24   data required time
                                 -2.25   data arrival time
-----------------------------------------------------------------------------
                                  7.99   slack (MET)


Startpoint: rst (input port clocked by clk)
Endpoint: _54_ (recovery check against rising-edge clock clk)
Path Group: asynchronous
Path Type: max

Fanout     Cap    Slew   Delay    Time   Description
-----------------------------------------------------------------------------
                          0.00    0.00   clock clk (rise edge)
                          0.00    0.00   clock network delay (propagated)
                          2.00    2.00 v input external delay
                  0.01    0.00    2.00 v rst (in)
     1    0.00                           rst (net)
                  0.01    0.00    2.00 v input1/A (sky130_fd_sc_hd__clkbuf_4)
                  0.09    0.18    2.19 v input1/X (sky130_fd_sc_hd__clkbuf_4)
     8    0.04                           net1 (net)
                  0.09    0.00    2.19 v _46_/A (sky130_fd_sc_hd__inv_2)
                  0.04    0.06    2.25 ^ _46_/Y (sky130_fd_sc_hd__inv_2)
     1    0.00                           _12_ (net)
                  0.04    0.00    2.25 ^ _54_/RESET_B (sky130_fd_sc_hd__dfrtp_1)
                                  2.25   data arrival time

                         10.00   10.00   clock clk (rise edge)
                          0.00   10.00   clock source latency
                  0.06    0.04   10.04 ^ clk (in)
     1    0.01                           clk (net)
                  0.06    0.00   10.04 ^ clkbuf_0_clk/A (sky130_fd_sc_hd__clkbuf_16)
                  0.04    0.12   10.16 ^ clkbuf_0_clk/X (sky130_fd_sc_hd__clkbuf_16)
     2    0.02                           clknet_0_clk (net)
                  0.04    0.00   10.16 ^ clkbuf_1_1__f_clk/A (sky130_fd_sc_hd__clkbuf_16)
                  0.03    0.11   10.26 ^ clkbuf_1_1__f_clk/X (sky130_fd_sc_hd__clkbuf_16)
     4    0.01                           clknet_1_1__leaf_clk (net)
                  0.03    0.00   10.26 ^ _54_/CLK (sky130_fd_sc_hd__dfrtp_1)
                         -0.25   10.01   clock uncertainty
                          0.00   10.01   clock reconvergence pessimism
                          0.23   10.24   library recovery time
                                 10.24   data required time
-----------------------------------------------------------------------------
                                 10.24   data required time
                                 -2.25   data arrival time
-----------------------------------------------------------------------------
                                  7.99   slack (MET)


Startpoint: rst (input port clocked by clk)
Endpoint: _52_ (recovery check against rising-edge clock clk)
Path Group: asynchronous
Path Type: max

Fanout     Cap    Slew   Delay    Time   Description
-----------------------------------------------------------------------------
                          0.00    0.00   clock clk (rise edge)
                          0.00    0.00   clock network delay (propagated)
                          2.00    2.00 v input external delay
                  0.01    0.00    2.00 v rst (in)
     1    0.00                           rst (net)
                  0.01    0.00    2.00 v input1/A (sky130_fd_sc_hd__clkbuf_4)
                  0.09    0.18    2.19 v input1/X (sky130_fd_sc_hd__clkbuf_4)
     8    0.04                           net1 (net)
                  0.09    0.00    2.19 v _44_/A (sky130_fd_sc_hd__inv_2)
                  0.04    0.06    2.25 ^ _44_/Y (sky130_fd_sc_hd__inv_2)
     1    0.00                           _10_ (net)
                  0.04    0.00    2.25 ^ _52_/RESET_B (sky130_fd_sc_hd__dfrtp_1)
                                  2.25   data arrival time

                         10.00   10.00   clock clk (rise edge)
                          0.00   10.00   clock source latency
                  0.06    0.04   10.04 ^ clk (in)
     1    0.01                           clk (net)
                  0.06    0.00   10.04 ^ clkbuf_0_clk/A (sky130_fd_sc_hd__clkbuf_16)
                  0.04    0.12   10.16 ^ clkbuf_0_clk/X (sky130_fd_sc_hd__clkbuf_16)
     2    0.02                           clknet_0_clk (net)
                  0.04    0.00   10.16 ^ clkbuf_1_0__f_clk/A (sky130_fd_sc_hd__clkbuf_16)
                  0.03    0.11   10.26 ^ clkbuf_1_0__f_clk/X (sky130_fd_sc_hd__clkbuf_16)
     4    0.01                           clknet_1_0__leaf_clk (net)
                  0.03    0.00   10.26 ^ _52_/CLK (sky130_fd_sc_hd__dfrtp_1)
                         -0.25   10.01   clock uncertainty
                          0.00   10.01   clock reconvergence pessimism
                          0.23   10.24   library recovery time
                                 10.24   data required time
-----------------------------------------------------------------------------
                                 10.24   data required time
                                 -2.25   data arrival time
-----------------------------------------------------------------------------
                                  7.99   slack (MET)


Startpoint: _52_ (rising edge-triggered flip-flop clocked by clk)
Endpoint: _57_ (rising edge-triggered flip-flop clocked by clk)
Path Group: clk
Path Type: max

Fanout     Cap    Slew   Delay    Time   Description
-----------------------------------------------------------------------------
                          0.00    0.00   clock clk (rise edge)
                          0.00    0.00   clock source latency
                  0.06    0.04    0.04 ^ clk (in)
     1    0.01                           clk (net)
                  0.06    0.00    0.04 ^ clkbuf_0_clk/A (sky130_fd_sc_hd__clkbuf_16)
                  0.04    0.13    0.17 ^ clkbuf_0_clk/X (sky130_fd_sc_hd__clkbuf_16)
     2    0.02                           clknet_0_clk (net)
                  0.04    0.00    0.17 ^ clkbuf_1_0__f_clk/A (sky130_fd_sc_hd__clkbuf_16)
                  0.03    0.12    0.29 ^ clkbuf_1_0__f_clk/X (sky130_fd_sc_hd__clkbuf_16)
     4    0.01                           clknet_1_0__leaf_clk (net)
                  0.03    0.00    0.29 ^ _52_/CLK (sky130_fd_sc_hd__dfrtp_1)
                  0.08    0.41    0.71 v _52_/Q (sky130_fd_sc_hd__dfrtp_1)
     4    0.01                           net4 (net)
                  0.08    0.00    0.71 v _31_/C (sky130_fd_sc_hd__and4_1)
                  0.08    0.26    0.96 v _31_/X (sky130_fd_sc_hd__and4_1)
     5    0.01                           _19_ (net)
                  0.08    0.00    0.96 v _40_/D (sky130_fd_sc_hd__and4_1)
                  0.05    0.23    1.19 v _40_/X (sky130_fd_sc_hd__and4_1)
     1    0.00                           _24_ (net)
                  0.05    0.00    1.19 v _41_/B (sky130_fd_sc_hd__xor2_1)
                  0.04    0.14    1.33 v _41_/X (sky130_fd_sc_hd__xor2_1)
     1    0.00                           _07_ (net)
                  0.04    0.00    1.33 v _57_/D (sky130_fd_sc_hd__dfrtp_1)
                                  1.33   data arrival time

                         10.00   10.00   clock clk (rise edge)
                          0.00   10.00   clock source latency
                  0.06    0.04   10.04 ^ clk (in)
     1    0.01                           clk (net)
                  0.06    0.00   10.04 ^ clkbuf_0_clk/A (sky130_fd_sc_hd__clkbuf_16)
                  0.04    0.12   10.16 ^ clkbuf_0_clk/X (sky130_fd_sc_hd__clkbuf_16)
     2    0.02                           clknet_0_clk (net)
                  0.04    0.00   10.16 ^ clkbuf_1_1__f_clk/A (sky130_fd_sc_hd__clkbuf_16)
                  0.03    0.11   10.26 ^ clkbuf_1_1__f_clk/X (sky130_fd_sc_hd__clkbuf_16)
     4    0.01                           clknet_1_1__leaf_clk (net)
                  0.03    0.00   10.26 ^ _57_/CLK (sky130_fd_sc_hd__dfrtp_1)
                         -0.25   10.01   clock uncertainty
                          0.02   10.03   clock reconvergence pessimism
                         -0.12    9.91   library setup time
                                  9.91   data required time
-----------------------------------------------------------------------------
                                  9.91   data required time
                                 -1.33   data arrival time
-----------------------------------------------------------------------------
                                  8.58   slack (MET)


Startpoint: _52_ (rising edge-triggered flip-flop clocked by clk)
Endpoint: _56_ (rising edge-triggered flip-flop clocked by clk)
Path Group: clk
Path Type: max

Fanout     Cap    Slew   Delay    Time   Description
-----------------------------------------------------------------------------
                          0.00    0.00   clock clk (rise edge)
                          0.00    0.00   clock source latency
                  0.06    0.04    0.04 ^ clk (in)
     1    0.01                           clk (net)
                  0.06    0.00    0.04 ^ clkbuf_0_clk/A (sky130_fd_sc_hd__clkbuf_16)
                  0.04    0.13    0.17 ^ clkbuf_0_clk/X (sky130_fd_sc_hd__clkbuf_16)
     2    0.02                           clknet_0_clk (net)
                  0.04    0.00    0.17 ^ clkbuf_1_0__f_clk/A (sky130_fd_sc_hd__clkbuf_16)
                  0.03    0.12    0.29 ^ clkbuf_1_0__f_clk/X (sky130_fd_sc_hd__clkbuf_16)
     4    0.01                           clknet_1_0__leaf_clk (net)
                  0.03    0.00    0.29 ^ _52_/CLK (sky130_fd_sc_hd__dfrtp_1)
                  0.08    0.41    0.71 v _52_/Q (sky130_fd_sc_hd__dfrtp_1)
     4    0.01                           net4 (net)
                  0.08    0.00    0.71 v _31_/C (sky130_fd_sc_hd__and4_1)
                  0.08    0.26    0.96 v _31_/X (sky130_fd_sc_hd__and4_1)
     5    0.01                           _19_ (net)
                  0.08    0.00    0.96 v _36_/C (sky130_fd_sc_hd__and3_1)
                  0.06    0.22    1.18 v _36_/X (sky130_fd_sc_hd__and3_1)
     2    0.01                           _22_ (net)
                  0.06    0.00    1.18 v _39_/B (sky130_fd_sc_hd__xor2_1)
                  0.05    0.14    1.33 v _39_/X (sky130_fd_sc_hd__xor2_1)
     1    0.00                           _06_ (net)
                  0.05    0.00    1.33 v _56_/D (sky130_fd_sc_hd__dfrtp_1)
                                  1.33   data arrival time

                         10.00   10.00   clock clk (rise edge)
                          0.00   10.00   clock source latency
                  0.06    0.04   10.04 ^ clk (in)
     1    0.01                           clk (net)
                  0.06    0.00   10.04 ^ clkbuf_0_clk/A (sky130_fd_sc_hd__clkbuf_16)
                  0.04    0.12   10.16 ^ clkbuf_0_clk/X (sky130_fd_sc_hd__clkbuf_16)
     2    0.02                           clknet_0_clk (net)
                  0.04    0.00   10.16 ^ clkbuf_1_1__f_clk/A (sky130_fd_sc_hd__clkbuf_16)
                  0.03    0.11   10.26 ^ clkbuf_1_1__f_clk/X (sky130_fd_sc_hd__clkbuf_16)
     4    0.01                           clknet_1_1__leaf_clk (net)
                  0.03    0.00   10.26 ^ _56_/CLK (sky130_fd_sc_hd__dfrtp_1)
                         -0.25   10.01   clock uncertainty
                          0.02   10.03   clock reconvergence pessimism
                         -0.12    9.91   library setup time
                                  9.91   data required time
-----------------------------------------------------------------------------
                                  9.91   data required time
                                 -1.33   data arrival time
-----------------------------------------------------------------------------
                                  8.59   slack (MET)


Startpoint: _51_ (rising edge-triggered flip-flop clocked by clk)
Endpoint: _55_ (rising edge-triggered flip-flop clocked by clk)
Path Group: clk
Path Type: max

Fanout     Cap    Slew   Delay    Time   Description
-----------------------------------------------------------------------------
                          0.00    0.00   clock clk (rise edge)
                          0.00    0.00   clock source latency
                  0.06    0.04    0.04 ^ clk (in)
     1    0.01                           clk (net)
                  0.06    0.00    0.04 ^ clkbuf_0_clk/A (sky130_fd_sc_hd__clkbuf_16)
                  0.04    0.13    0.17 ^ clkbuf_0_clk/X (sky130_fd_sc_hd__clkbuf_16)
     2    0.02                           clknet_0_clk (net)
                  0.04    0.00    0.17 ^ clkbuf_1_0__f_clk/A (sky130_fd_sc_hd__clkbuf_16)
                  0.03    0.12    0.29 ^ clkbuf_1_0__f_clk/X (sky130_fd_sc_hd__clkbuf_16)
     4    0.01                           clknet_1_0__leaf_clk (net)
                  0.03    0.00    0.29 ^ _51_/CLK (sky130_fd_sc_hd__dfrtp_1)
                  0.13    0.40    0.69 ^ _51_/Q (sky130_fd_sc_hd__dfrtp_1)
     5    0.01                           net3 (net)
                  0.13    0.00    0.69 ^ _31_/B (sky130_fd_sc_hd__and4_1)
                  0.15    0.29    0.98 ^ _31_/X (sky130_fd_sc_hd__and4_1)
     5    0.01                           _19_ (net)
                  0.15    0.00    0.98 ^ _36_/C (sky130_fd_sc_hd__and3_1)
                  0.09    0.22    1.20 ^ _36_/X (sky130_fd_sc_hd__and3_1)
     2    0.01                           _22_ (net)
                  0.09    0.00    1.20 ^ _38_/A (sky130_fd_sc_hd__nor2_1)
                  0.03    0.05    1.25 v _38_/Y (sky130_fd_sc_hd__nor2_1)
     1    0.00                           _05_ (net)
                  0.03    0.00    1.25 v _55_/D (sky130_fd_sc_hd__dfrtp_1)
                                  1.25   data arrival time

                         10.00   10.00   clock clk (rise edge)
                          0.00   10.00   clock source latency
                  0.06    0.04   10.04 ^ clk (in)
     1    0.01                           clk (net)
                  0.06    0.00   10.04 ^ clkbuf_0_clk/A (sky130_fd_sc_hd__clkbuf_16)
                  0.04    0.12   10.16 ^ clkbuf_0_clk/X (sky130_fd_sc_hd__clkbuf_16)
     2    0.02                           clknet_0_clk (net)
                  0.04    0.00   10.16 ^ clkbuf_1_1__f_clk/A (sky130_fd_sc_hd__clkbuf_16)
                  0.03    0.11   10.26 ^ clkbuf_1_1__f_clk/X (sky130_fd_sc_hd__clkbuf_16)
     4    0.01                           clknet_1_1__leaf_clk (net)
                  0.03    0.00   10.26 ^ _55_/CLK (sky130_fd_sc_hd__dfrtp_1)
                         -0.25   10.01   clock uncertainty
                          0.02   10.03   clock reconvergence pessimism
                         -0.11    9.92   library setup time
                                  9.92   data required time
-----------------------------------------------------------------------------
                                  9.92   data required time
                                 -1.25   data arrival time
-----------------------------------------------------------------------------
                                  8.67   slack (MET)


Startpoint: _51_ (rising edge-triggered flip-flop clocked by clk)
Endpoint: _53_ (rising edge-triggered flip-flop clocked by clk)
Path Group: clk
Path Type: max

Fanout     Cap    Slew   Delay    Time   Description
-----------------------------------------------------------------------------
                          0.00    0.00   clock clk (rise edge)
                          0.00    0.00   clock source latency
                  0.06    0.04    0.04 ^ clk (in)
     1    0.01                           clk (net)
                  0.06    0.00    0.04 ^ clkbuf_0_clk/A (sky130_fd_sc_hd__clkbuf_16)
                  0.04    0.13    0.17 ^ clkbuf_0_clk/X (sky130_fd_sc_hd__clkbuf_16)
     2    0.02                           clknet_0_clk (net)
                  0.04    0.00    0.17 ^ clkbuf_1_0__f_clk/A (sky130_fd_sc_hd__clkbuf_16)
                  0.03    0.12    0.29 ^ clkbuf_1_0__f_clk/X (sky130_fd_sc_hd__clkbuf_16)
     4    0.01                           clknet_1_0__leaf_clk (net)
                  0.03    0.00    0.29 ^ _51_/CLK (sky130_fd_sc_hd__dfrtp_1)
                  0.13    0.40    0.69 ^ _51_/Q (sky130_fd_sc_hd__dfrtp_1)
     5    0.01                           net3 (net)
                  0.13    0.00    0.69 ^ _31_/B (sky130_fd_sc_hd__and4_1)
                  0.15    0.29    0.98 ^ _31_/X (sky130_fd_sc_hd__and4_1)
     5    0.01                           _19_ (net)
                  0.15    0.00    0.98 ^ _33_/A_N (sky130_fd_sc_hd__and2b_1)
                  0.03    0.20    1.18 v _33_/X (sky130_fd_sc_hd__and2b_1)
     1    0.00                           _21_ (net)
                  0.03    0.00    1.18 v _34_/A (sky130_fd_sc_hd__clkbuf_1)
                  0.02    0.08    1.26 v _34_/X (sky130_fd_sc_hd__clkbuf_1)
     1    0.00                           _03_ (net)
                  0.02    0.00    1.26 v _53_/D (sky130_fd_sc_hd__dfrtp_1)
                                  1.26   data arrival time

                         10.00   10.00   clock clk (rise edge)
                          0.00   10.00   clock source latency
                  0.06    0.04   10.04 ^ clk (in)
     1    0.01                           clk (net)
                  0.06    0.00   10.04 ^ clkbuf_0_clk/A (sky130_fd_sc_hd__clkbuf_16)
                  0.04    0.12   10.16 ^ clkbuf_0_clk/X (sky130_fd_sc_hd__clkbuf_16)
     2    0.02                           clknet_0_clk (net)
                  0.04    0.00   10.16 ^ clkbuf_1_0__f_clk/A (sky130_fd_sc_hd__clkbuf_16)
                  0.03    0.11   10.26 ^ clkbuf_1_0__f_clk/X (sky130_fd_sc_hd__clkbuf_16)
     4    0.01                           clknet_1_0__leaf_clk (net)
                  0.03    0.00   10.26 ^ _53_/CLK (sky130_fd_sc_hd__dfrtp_1)
                         -0.25   10.01   clock uncertainty
                          0.03   10.04   clock reconvergence pessimism
                         -0.11    9.93   library setup time
                                  9.93   data required time
-----------------------------------------------------------------------------
                                  9.93   data required time
                                 -1.26   data arrival time
-----------------------------------------------------------------------------
                                  8.67   slack (MET)


Startpoint: _50_ (rising edge-triggered flip-flop clocked by clk)
Endpoint: _51_ (rising edge-triggered flip-flop clocked by clk)
Path Group: clk
Path Type: max

Fanout     Cap    Slew   Delay    Time   Description
-----------------------------------------------------------------------------
                          0.00    0.00   clock clk (rise edge)
                          0.00    0.00   clock source latency
                  0.06    0.04    0.04 ^ clk (in)
     1    0.01                           clk (net)
                  0.06    0.00    0.04 ^ clkbuf_0_clk/A (sky130_fd_sc_hd__clkbuf_16)
                  0.04    0.13    0.17 ^ clkbuf_0_clk/X (sky130_fd_sc_hd__clkbuf_16)
     2    0.02                           clknet_0_clk (net)
                  0.04    0.00    0.17 ^ clkbuf_1_0__f_clk/A (sky130_fd_sc_hd__clkbuf_16)
                  0.03    0.12    0.29 ^ clkbuf_1_0__f_clk/X (sky130_fd_sc_hd__clkbuf_16)
     4    0.01                           clknet_1_0__leaf_clk (net)
                  0.03    0.00    0.29 ^ _50_/CLK (sky130_fd_sc_hd__dfrtp_2)
                  0.07    0.44    0.73 v _50_/Q (sky130_fd_sc_hd__dfrtp_2)
     6    0.02                           net2 (net)
                  0.07    0.00    0.74 v _27_/A (sky130_fd_sc_hd__or2_1)
                  0.04    0.24    0.97 v _27_/X (sky130_fd_sc_hd__or2_1)
     1    0.00                           _17_ (net)
                  0.04    0.00    0.97 v _28_/B (sky130_fd_sc_hd__and2_1)
                  0.03    0.16    1.13 v _28_/X (sky130_fd_sc_hd__and2_1)
     1    0.00                           _18_ (net)
                  0.03    0.00    1.13 v _29_/A (sky130_fd_sc_hd__clkbuf_1)
                  0.02    0.08    1.21 v _29_/X (sky130_fd_sc_hd__clkbuf_1)
     1    0.00                           _01_ (net)
                  0.02    0.00    1.21 v _51_/D (sky130_fd_sc_hd__dfrtp_1)
                                  1.21   data arrival time

                         10.00   10.00   clock clk (rise edge)
                          0.00   10.00   clock source latency
                  0.06    0.04   10.04 ^ clk (in)
     1    0.01                           clk (net)
                  0.06    0.00   10.04 ^ clkbuf_0_clk/A (sky130_fd_sc_hd__clkbuf_16)
                  0.04    0.12   10.16 ^ clkbuf_0_clk/X (sky130_fd_sc_hd__clkbuf_16)
     2    0.02                           clknet_0_clk (net)
                  0.04    0.00   10.16 ^ clkbuf_1_0__f_clk/A (sky130_fd_sc_hd__clkbuf_16)
                  0.03    0.11   10.26 ^ clkbuf_1_0__f_clk/X (sky130_fd_sc_hd__clkbuf_16)
     4    0.01                           clknet_1_0__leaf_clk (net)
                  0.03    0.00   10.26 ^ _51_/CLK (sky130_fd_sc_hd__dfrtp_1)
                         -0.25   10.01   clock uncertainty
                          0.03   10.04   clock reconvergence pessimism
                         -0.11    9.93   library setup time
                                  9.93   data required time
-----------------------------------------------------------------------------
                                  9.93   data required time
                                 -1.21   data arrival time
-----------------------------------------------------------------------------
                                  8.72   slack (MET)


Startpoint: _52_ (rising edge-triggered flip-flop clocked by clk)
Endpoint: _54_ (rising edge-triggered flip-flop clocked by clk)
Path Group: clk
Path Type: max

Fanout     Cap    Slew   Delay    Time   Description
-----------------------------------------------------------------------------
                          0.00    0.00   clock clk (rise edge)
                          0.00    0.00   clock source latency
                  0.06    0.04    0.04 ^ clk (in)
     1    0.01                           clk (net)
                  0.06    0.00    0.04 ^ clkbuf_0_clk/A (sky130_fd_sc_hd__clkbuf_16)
                  0.04    0.13    0.17 ^ clkbuf_0_clk/X (sky130_fd_sc_hd__clkbuf_16)
     2    0.02                           clknet_0_clk (net)
                  0.04    0.00    0.17 ^ clkbuf_1_0__f_clk/A (sky130_fd_sc_hd__clkbuf_16)
                  0.03    0.12    0.29 ^ clkbuf_1_0__f_clk/X (sky130_fd_sc_hd__clkbuf_16)
     4    0.01                           clknet_1_0__leaf_clk (net)
                  0.03    0.00    0.29 ^ _52_/CLK (sky130_fd_sc_hd__dfrtp_1)
                  0.08    0.41    0.71 v _52_/Q (sky130_fd_sc_hd__dfrtp_1)
     4    0.01                           net4 (net)
                  0.08    0.00    0.71 v _31_/C (sky130_fd_sc_hd__and4_1)
                  0.08    0.26    0.96 v _31_/X (sky130_fd_sc_hd__and4_1)
     5    0.01                           _19_ (net)
                  0.08    0.00    0.96 v _35_/B (sky130_fd_sc_hd__xor2_1)
                  0.05    0.15    1.12 v _35_/X (sky130_fd_sc_hd__xor2_1)
     1    0.00                           _04_ (net)
                  0.05    0.00    1.12 v _54_/D (sky130_fd_sc_hd__dfrtp_1)
                                  1.12   data arrival time

                         10.00   10.00   clock clk (rise edge)
                          0.00   10.00   clock source latency
                  0.06    0.04   10.04 ^ clk (in)
     1    0.01                           clk (net)
                  0.06    0.00   10.04 ^ clkbuf_0_clk/A (sky130_fd_sc_hd__clkbuf_16)
                  0.04    0.12   10.16 ^ clkbuf_0_clk/X (sky130_fd_sc_hd__clkbuf_16)
     2    0.02                           clknet_0_clk (net)
                  0.04    0.00   10.16 ^ clkbuf_1_1__f_clk/A (sky130_fd_sc_hd__clkbuf_16)
                  0.03    0.11   10.26 ^ clkbuf_1_1__f_clk/X (sky130_fd_sc_hd__clkbuf_16)
     4    0.01                           clknet_1_1__leaf_clk (net)
                  0.03    0.00   10.26 ^ _54_/CLK (sky130_fd_sc_hd__dfrtp_1)
                         -0.25   10.01   clock uncertainty
                          0.02   10.03   clock reconvergence pessimism
                         -0.12    9.91   library setup time
                                  9.91   data required time
-----------------------------------------------------------------------------
                                  9.91   data required time
                                 -1.12   data arrival time
-----------------------------------------------------------------------------
                                  8.79   slack (MET)


Startpoint: _51_ (rising edge-triggered flip-flop clocked by clk)
Endpoint: _52_ (rising edge-triggered flip-flop clocked by clk)
Path Group: clk
Path Type: max

Fanout     Cap    Slew   Delay    Time   Description
-----------------------------------------------------------------------------
                          0.00    0.00   clock clk (rise edge)
                          0.00    0.00   clock source latency
                  0.06    0.04    0.04 ^ clk (in)
     1    0.01                           clk (net)
                  0.06    0.00    0.04 ^ clkbuf_0_clk/A (sky130_fd_sc_hd__clkbuf_16)
                  0.04    0.13    0.17 ^ clkbuf_0_clk/X (sky130_fd_sc_hd__clkbuf_16)
     2    0.02                           clknet_0_clk (net)
                  0.04    0.00    0.17 ^ clkbuf_1_0__f_clk/A (sky130_fd_sc_hd__clkbuf_16)
                  0.03    0.12    0.29 ^ clkbuf_1_0__f_clk/X (sky130_fd_sc_hd__clkbuf_16)
     4    0.01                           clknet_1_0__leaf_clk (net)
                  0.03    0.00    0.29 ^ _51_/CLK (sky130_fd_sc_hd__dfrtp_1)
                  0.13    0.40    0.69 ^ _51_/Q (sky130_fd_sc_hd__dfrtp_1)
     5    0.01                           net3 (net)
                  0.13    0.00    0.69 ^ _26_/B (sky130_fd_sc_hd__nand2_1)
                  0.06    0.10    0.79 v _26_/Y (sky130_fd_sc_hd__nand2_1)
     2    0.01                           _16_ (net)
                  0.06    0.00    0.79 v _30_/B (sky130_fd_sc_hd__xnor2_1)
                  0.04    0.13    0.92 v _30_/Y (sky130_fd_sc_hd__xnor2_1)
     1    0.00                           _02_ (net)
                  0.04    0.00    0.92 v _52_/D (sky130_fd_sc_hd__dfrtp_1)
                                  0.92   data arrival time

                         10.00   10.00   clock clk (rise edge)
                          0.00   10.00   clock source latency
                  0.06    0.04   10.04 ^ clk (in)
     1    0.01                           clk (net)
                  0.06    0.00   10.04 ^ clkbuf_0_clk/A (sky130_fd_sc_hd__clkbuf_16)
                  0.04    0.12   10.16 ^ clkbuf_0_clk/X (sky130_fd_sc_hd__clkbuf_16)
     2    0.02                           clknet_0_clk (net)
                  0.04    0.00   10.16 ^ clkbuf_1_0__f_clk/A (sky130_fd_sc_hd__clkbuf_16)
                  0.03    0.11   10.26 ^ clkbuf_1_0__f_clk/X (sky130_fd_sc_hd__clkbuf_16)
     4    0.01                           clknet_1_0__leaf_clk (net)
                  0.03    0.00   10.26 ^ _52_/CLK (sky130_fd_sc_hd__dfrtp_1)
                         -0.25   10.01   clock uncertainty
                          0.03   10.04   clock reconvergence pessimism
                         -0.12    9.93   library setup time
                                  9.93   data required time
-----------------------------------------------------------------------------
                                  9.93   data required time
                                 -0.92   data arrival time
-----------------------------------------------------------------------------
                                  9.01   slack (MET)


Startpoint: _50_ (rising edge-triggered flip-flop clocked by clk)
Endpoint: _50_ (rising edge-triggered flip-flop clocked by clk)
Path Group: clk
Path Type: max

Fanout     Cap    Slew   Delay    Time   Description
-----------------------------------------------------------------------------
                          0.00    0.00   clock clk (rise edge)
                          0.00    0.00   clock source latency
                  0.06    0.04    0.04 ^ clk (in)
     1    0.01                           clk (net)
                  0.06    0.00    0.04 ^ clkbuf_0_clk/A (sky130_fd_sc_hd__clkbuf_16)
                  0.04    0.13    0.17 ^ clkbuf_0_clk/X (sky130_fd_sc_hd__clkbuf_16)
     2    0.02                           clknet_0_clk (net)
                  0.04    0.00    0.17 ^ clkbuf_1_0__f_clk/A (sky130_fd_sc_hd__clkbuf_16)
                  0.03    0.12    0.29 ^ clkbuf_1_0__f_clk/X (sky130_fd_sc_hd__clkbuf_16)
     4    0.01                           clknet_1_0__leaf_clk (net)
                  0.03    0.00    0.29 ^ _50_/CLK (sky130_fd_sc_hd__dfrtp_2)
                  0.07    0.44    0.73 v _50_/Q (sky130_fd_sc_hd__dfrtp_2)
     6    0.02                           net2 (net)
                  0.07    0.00    0.74 v _25_/A (sky130_fd_sc_hd__inv_2)
                  0.03    0.05    0.78 ^ _25_/Y (sky130_fd_sc_hd__inv_2)
     1    0.00                           _00_ (net)
                  0.03    0.00    0.78 ^ _50_/D (sky130_fd_sc_hd__dfrtp_2)
                                  0.78   data arrival time

                         10.00   10.00   clock clk (rise edge)
                          0.00   10.00   clock source latency
                  0.06    0.04   10.04 ^ clk (in)
     1    0.01                           clk (net)
                  0.06    0.00   10.04 ^ clkbuf_0_clk/A (sky130_fd_sc_hd__clkbuf_16)
                  0.04    0.12   10.16 ^ clkbuf_0_clk/X (sky130_fd_sc_hd__clkbuf_16)
     2    0.02                           clknet_0_clk (net)
                  0.04    0.00   10.16 ^ clkbuf_1_0__f_clk/A (sky130_fd_sc_hd__clkbuf_16)
                  0.03    0.11   10.26 ^ clkbuf_1_0__f_clk/X (sky130_fd_sc_hd__clkbuf_16)
     4    0.01                           clknet_1_0__leaf_clk (net)
                  0.03    0.00   10.26 ^ _50_/CLK (sky130_fd_sc_hd__dfrtp_2)
                         -0.25   10.01   clock uncertainty
                          0.03   10.04   clock reconvergence pessimism
                         -0.06    9.98   library setup time
                                  9.98   data required time
-----------------------------------------------------------------------------
                                  9.98   data required time
                                 -0.78   data arrival time
-----------------------------------------------------------------------------
                                  9.20   slack (MET)



max_report_end
checks_report

===========================================================================
report_checks -unconstrained
===========================================================================
======================= Typical Corner ===================================

Startpoint: rst (input port clocked by clk)
Endpoint: _50_ (recovery check against rising-edge clock clk)
Path Group: asynchronous
Path Type: max

Fanout     Cap    Slew   Delay    Time   Description
-----------------------------------------------------------------------------
                          0.00    0.00   clock clk (rise edge)
                          0.00    0.00   clock network delay (propagated)
                          2.00    2.00 v input external delay
                  0.01    0.00    2.00 v rst (in)
     1    0.00                           rst (net)
                  0.01    0.00    2.00 v input1/A (sky130_fd_sc_hd__clkbuf_4)
                  0.09    0.18    2.19 v input1/X (sky130_fd_sc_hd__clkbuf_4)
     8    0.04                           net1 (net)
                  0.09    0.00    2.19 v _42_/A (sky130_fd_sc_hd__inv_2)
                  0.04    0.07    2.25 ^ _42_/Y (sky130_fd_sc_hd__inv_2)
     1    0.00                           _08_ (net)
                  0.04    0.00    2.25 ^ _50_/RESET_B (sky130_fd_sc_hd__dfrtp_2)
                                  2.25   data arrival time

                         10.00   10.00   clock clk (rise edge)
                          0.00   10.00   clock source latency
                  0.06    0.04   10.04 ^ clk (in)
     1    0.01                           clk (net)
                  0.06    0.00   10.04 ^ clkbuf_0_clk/A (sky130_fd_sc_hd__clkbuf_16)
                  0.04    0.12   10.16 ^ clkbuf_0_clk/X (sky130_fd_sc_hd__clkbuf_16)
     2    0.02                           clknet_0_clk (net)
                  0.04    0.00   10.16 ^ clkbuf_1_0__f_clk/A (sky130_fd_sc_hd__clkbuf_16)
                  0.03    0.11   10.26 ^ clkbuf_1_0__f_clk/X (sky130_fd_sc_hd__clkbuf_16)
     4    0.01                           clknet_1_0__leaf_clk (net)
                  0.03    0.00   10.26 ^ _50_/CLK (sky130_fd_sc_hd__dfrtp_2)
                         -0.25   10.01   clock uncertainty
                          0.00   10.01   clock reconvergence pessimism
                          0.22   10.23   library recovery time
                                 10.23   data required time
-----------------------------------------------------------------------------
                                 10.23   data required time
                                 -2.25   data arrival time
-----------------------------------------------------------------------------
                                  7.98   slack (MET)


Startpoint: _50_ (rising edge-triggered flip-flop clocked by clk)
Endpoint: debug_out[0] (output port clocked by clk)
Path Group: clk
Path Type: max

Fanout     Cap    Slew   Delay    Time   Description
-----------------------------------------------------------------------------
                          0.00    0.00   clock clk (rise edge)
                          0.00    0.00   clock source latency
                  0.06    0.04    0.04 ^ clk (in)
     1    0.01                           clk (net)
                  0.06    0.00    0.04 ^ clkbuf_0_clk/A (sky130_fd_sc_hd__clkbuf_16)
                  0.04    0.13    0.17 ^ clkbuf_0_clk/X (sky130_fd_sc_hd__clkbuf_16)
     2    0.02                           clknet_0_clk (net)
                  0.04    0.00    0.17 ^ clkbuf_1_0__f_clk/A (sky130_fd_sc_hd__clkbuf_16)
                  0.03    0.12    0.29 ^ clkbuf_1_0__f_clk/X (sky130_fd_sc_hd__clkbuf_16)
     4    0.01                           clknet_1_0__leaf_clk (net)
                  0.03    0.00    0.29 ^ _50_/CLK (sky130_fd_sc_hd__dfrtp_2)
                  0.07    0.44    0.73 v _50_/Q (sky130_fd_sc_hd__dfrtp_2)
     6    0.02                           net2 (net)
                  0.07    0.00    0.73 v output2/A (sky130_fd_sc_hd__clkbuf_4)
                  0.08    0.21    0.94 v output2/X (sky130_fd_sc_hd__clkbuf_4)
     1    0.04                           debug_out[0] (net)
                  0.08    0.00    0.94 v debug_out[0] (out)
                                  0.94   data arrival time

                         10.00   10.00   clock clk (rise edge)
                          0.00   10.00   clock network delay (propagated)
                         -0.25    9.75   clock uncertainty
                          0.00    9.75   clock reconvergence pessimism
                         -2.00    7.75   output external delay
                                  7.75   data required time
-----------------------------------------------------------------------------
                                  7.75   data required time
                                 -0.94   data arrival time
-----------------------------------------------------------------------------
                                  6.81   slack (MET)




===========================================================================
report_checks --slack_max -0.01
============================================================================
======================= Typical Corner ===================================

No paths found.


===========================================================================
 report_check_types -max_slew -max_cap -max_fanout -violators
============================================================================
======================= Typical Corner ===================================



===========================================================================
report_parasitic_annotation -report_unannotated
============================================================================
Found 47 unannotated drivers.
 clk
 rst
 _25_/Y
 _26_/Y
 _27_/X
 _28_/X
 _29_/X
 _30_/Y
 _31_/X
 _32_/X
 _33_/X
 _34_/X
 _35_/X
 _36_/X
 _37_/Y
 _38_/Y
 _39_/X
 _40_/X
 _41_/X
 _42_/Y
 _43_/Y
 _44_/Y
 _45_/Y
 _46_/Y
 _47_/Y
 _48_/Y
 _49_/Y
 _50_/Q
 _51_/Q
 _52_/Q
 _53_/Q
 _54_/Q
 _55_/Q
 _56_/Q
 _57_/Q
 clkbuf_0_clk/X
 clkbuf_1_0__f_clk/X
 clkbuf_1_1__f_clk/X
 input1/X
 output2/X
 output3/X
 output4/X
 output5/X
 output6/X
 output7/X
 output8/X
 output9/X
Found 0 partially unannotated drivers.

===========================================================================
max slew violation count 0
max fanout violation count 0
max cap violation count 0
============================================================================

===========================================================================
check_setup -verbose -unconstrained_endpoints -multiple_clock -no_clock -no_input_delay -loops -generated_clocks
===========================================================================
checks_report_end
power_report

===========================================================================
 report_power
============================================================================
======================= Typical Corner ===================================

Group                  Internal  Switching    Leakage      Total
                          Power      Power      Power      Power (Watts)
----------------------------------------------------------------
Sequential             3.99e-05   7.72e-06   9.22e-11   4.76e-05  30.6%
Combinational          6.62e-05   4.15e-05   2.26e-10   1.08e-04  69.4%
Macro                  0.00e+00   0.00e+00   0.00e+00   0.00e+00   0.0%
Pad                    0.00e+00   0.00e+00   0.00e+00   0.00e+00   0.0%
----------------------------------------------------------------
Total                  1.06e-04   4.92e-05   3.19e-10   1.55e-04 100.0%
                          68.3%      31.7%       0.0%

power_report_end
skew_report

===========================================================================
report_clock_skew
============================================================================
Clock clk
Latency      CRPR       Skew
_52_/CLK ^
   0.29
_57_/CLK ^
   0.26     -0.02       0.01

skew_report_end
summary_report

===========================================================================
report_tns
============================================================================
tns 0.00

===========================================================================
report_wns
============================================================================
wns 0.00

===========================================================================
report_worst_slack -max (Setup)
============================================================================
worst slack 6.81

===========================================================================
report_worst_slack -min (Hold)
============================================================================
worst slack 0.18
summary_report_end
area_report

===========================================================================
report_design_area
============================================================================
Design area 490 u^2 64% utilization.
area_report_end
[WARNING] Did not save OpenROAD database!
Writing SDF to '/openlane/designs/noc_router/runs/RUN_2026.05.30_11.05.29/results/signoff/noc_top.sdf'…
Writing timing model to '/openlane/designs/noc_router/runs/RUN_2026.05.30_11.05.29/results/signoff/noc_top.lib'…
